,Participants,Masks,Target Location Straight,Target Location Rotate,Kl Div
0,01,premotor,153,153,1.643861238492009
1,01,premotor,153,207,1.8337343215765496
2,01,premotor,153,45,1.58228419030621
3,01,premotor,153,99,1.5898409150510697
4,01,premotor,207,153,1.747681905633868
5,01,premotor,207,207,1.7519792349478205
6,01,premotor,207,45,1.6078811012774086
7,01,premotor,207,99,1.674248866462631
8,01,premotor,45,153,1.7185173762612789
9,01,premotor,45,207,1.6077554884714127
10,01,premotor,45,45,1.5929669877988935
11,01,premotor,45,99,1.6465502050142358
12,01,premotor,99,153,1.7776255422263225
13,01,premotor,99,207,1.8214432989256635
14,01,premotor,99,45,1.6211103369307334
15,01,premotor,99,99,1.6003281694541525
16,01,motor,153,153,2.3032875894940865
17,01,motor,153,207,1.8044626874015288
18,01,motor,153,45,1.8775268161614638
19,01,motor,153,99,2.1776963489644308
20,01,motor,207,153,1.892786420766122
21,01,motor,207,207,1.6443694211301376
22,01,motor,207,45,1.7577519296585074
23,01,motor,207,99,2.0113634570689243
24,01,motor,45,153,2.2952264073410285
25,01,motor,45,207,1.8304606953627696
26,01,motor,45,45,1.7122161035062309
27,01,motor,45,99,1.9645676622562618
28,01,motor,99,153,2.010098994693527
29,01,motor,99,207,1.9115274538269902
30,01,motor,99,45,2.0650988971851056
31,01,motor,99,99,2.0830986776123
32,01,v1,153,153,2.086996993399013
33,01,v1,153,207,1.884608425540839
34,01,v1,153,45,1.6794861391676887
35,01,v1,153,99,2.021045116496396
36,01,v1,207,153,2.0824500444492138
37,01,v1,207,207,1.891089124042975
38,01,v1,207,45,1.8756000837061715
39,01,v1,207,99,1.863950259340308
40,01,v1,45,153,2.000005739933013
41,01,v1,45,207,1.8258569298569998
42,01,v1,45,45,1.5884374550300615
43,01,v1,45,99,2.156793836319557
44,01,v1,99,153,1.8034921379878113
45,01,v1,99,207,1.8464260030095383
46,01,v1,99,45,1.540169077070988
47,01,v1,99,99,2.0040753158677784
48,01,sup_parietal,153,153,2.4349163955123987
49,01,sup_parietal,153,207,2.657594488869502
50,01,sup_parietal,153,45,2.3996276935639056
51,01,sup_parietal,153,99,2.8433199253989807
52,01,sup_parietal,207,153,2.158858420337217
53,01,sup_parietal,207,207,2.5723774136258264
54,01,sup_parietal,207,45,2.5662987441276726
55,01,sup_parietal,207,99,2.0593661948271644
56,01,sup_parietal,45,153,2.5113215883171347
57,01,sup_parietal,45,207,2.4599522049882117
58,01,sup_parietal,45,45,1.851998016020123
59,01,sup_parietal,45,99,2.759126902163576
60,01,sup_parietal,99,153,2.4733074650459597
61,01,sup_parietal,99,207,2.692262310963419
62,01,sup_parietal,99,45,2.9156587012269592
63,01,sup_parietal,99,99,2.6899040961324556
64,01,inf_parietal,153,153,1.7958663323724955
65,01,inf_parietal,153,207,2.0263127238471115
66,01,inf_parietal,153,45,1.7371552326938695
67,01,inf_parietal,153,99,2.2702431465626978
68,01,inf_parietal,207,153,2.6351628389514428
69,01,inf_parietal,207,207,2.2341242896718145
70,01,inf_parietal,207,45,2.1613159701868825
71,01,inf_parietal,207,99,2.1835458123193527
72,01,inf_parietal,45,153,1.934163204929497
73,01,inf_parietal,45,207,2.1484709543422014
74,01,inf_parietal,45,45,1.8982304271957384
75,01,inf_parietal,45,99,2.719770370801015
76,01,inf_parietal,99,153,2.5622124702586753
77,01,inf_parietal,99,207,2.6874564963823415
78,01,inf_parietal,99,45,2.5098545145700975
79,01,inf_parietal,99,99,2.7189291254438137
80,01,v5,153,153,4.111174210442302
81,01,v5,153,207,5.1780392646678335
82,01,v5,153,45,2.900878574105978
83,01,v5,153,99,5.887506563178519
84,01,v5,207,153,4.937889926821092
85,01,v5,207,207,6.531939017529502
86,01,v5,207,45,3.9807987306163684
87,01,v5,207,99,3.739614666195554
88,01,v5,45,153,5.82111493610251
89,01,v5,45,207,4.235201615539795
90,01,v5,45,45,1.9088886531796296
91,01,v5,45,99,2.5437779434357615
92,01,v5,99,153,4.925735780845394
93,01,v5,99,207,4.822007270778817
94,01,v5,99,45,3.633602395866217
95,01,v5,99,99,4.766298613185624
96,02,premotor,153,153,1.390332197983965
97,02,premotor,153,207,1.4719046065828578
98,02,premotor,153,45,1.3414704664061516
99,02,premotor,153,99,1.394465389417672
100,02,premotor,207,153,1.4781346256787002
101,02,premotor,207,207,1.455230312511938
102,02,premotor,207,45,1.3851480606325124
103,02,premotor,207,99,1.4292441248636092
104,02,premotor,45,153,1.6834313756331578
105,02,premotor,45,207,1.442513811942085
106,02,premotor,45,45,1.4334362479870908
107,02,premotor,45,99,1.411239262218599
108,02,premotor,99,153,1.5657854099074502
109,02,premotor,99,207,1.5135932124597828
110,02,premotor,99,45,1.287421213163963
111,02,premotor,99,99,1.4330758551145217
112,02,motor,153,153,1.6507073758827007
113,02,motor,153,207,1.4514657435938532
114,02,motor,153,45,1.7060812182822382
115,02,motor,153,99,1.6432046409805485
116,02,motor,207,153,1.683745333659361
117,02,motor,207,207,1.6093325159408844
118,02,motor,207,45,1.6463008636795902
119,02,motor,207,99,1.5988599197718107
120,02,motor,45,153,1.7213938144958307
121,02,motor,45,207,1.5303790336473606
122,02,motor,45,45,1.6767066947108922
123,02,motor,45,99,1.877535181443676
124,02,motor,99,153,1.806292062497888
125,02,motor,99,207,1.3015218454828945
126,02,motor,99,45,1.3677322694063014
127,02,motor,99,99,1.7695280917239424
128,02,v1,153,153,1.3357077987057657
129,02,v1,153,207,1.173833985186805
130,02,v1,153,45,0.9455786367446641
131,02,v1,153,99,1.3924680043365871
132,02,v1,207,153,1.1955503542748194
133,02,v1,207,207,1.216960562778923
134,02,v1,207,45,0.7333773573585913
135,02,v1,207,99,1.210965010575266
136,02,v1,45,153,1.2066519277437096
137,02,v1,45,207,1.1425469821774357
138,02,v1,45,45,1.0624146622300188
139,02,v1,45,99,1.1609196178785592
140,02,v1,99,153,1.27601617061594
141,02,v1,99,207,1.2877257741471833
142,02,v1,99,45,1.0586231510453081
143,02,v1,99,99,1.2104778321121112
144,02,sup_parietal,153,153,2.07273900056176
145,02,sup_parietal,153,207,2.527504973841218
146,02,sup_parietal,153,45,2.1321994397493307
147,02,sup_parietal,153,99,2.719392151003286
148,02,sup_parietal,207,153,2.3271583680267987
149,02,sup_parietal,207,207,2.1438281373253556
150,02,sup_parietal,207,45,1.5345271682893675
151,02,sup_parietal,207,99,2.2920915334133953
152,02,sup_parietal,45,153,2.1110089875073452
153,02,sup_parietal,45,207,2.154881847347198
154,02,sup_parietal,45,45,1.8175138629049665
155,02,sup_parietal,45,99,2.760768010273023
156,02,sup_parietal,99,153,1.9106986912698214
157,02,sup_parietal,99,207,2.389909942755113
158,02,sup_parietal,99,45,1.4812151212185338
159,02,sup_parietal,99,99,2.4647336674358598
160,02,inf_parietal,153,153,1.942273772197682
161,02,inf_parietal,153,207,1.4664976083845238
162,02,inf_parietal,153,45,1.129697946151243
163,02,inf_parietal,153,99,1.359552618771361
164,02,inf_parietal,207,153,1.9130087506838382
165,02,inf_parietal,207,207,1.624936941327236
166,02,inf_parietal,207,45,1.6196435934595386
167,02,inf_parietal,207,99,1.408596425031042
168,02,inf_parietal,45,153,2.583125677459319
169,02,inf_parietal,45,207,1.50832428728177
170,02,inf_parietal,45,45,1.6504588939927356
171,02,inf_parietal,45,99,1.8575789768900695
172,02,inf_parietal,99,153,2.03046406233147
173,02,inf_parietal,99,207,1.7834389435002496
174,02,inf_parietal,99,45,1.3262160788185886
175,02,inf_parietal,99,99,1.6313800827605567
176,02,v5,153,153,3.632640551395177
177,02,v5,153,207,2.2475675746369532
178,02,v5,153,45,1.0439461500965734
179,02,v5,153,99,2.401686908007398
180,02,v5,207,153,3.3351498578825125
181,02,v5,207,207,4.415079163895985
182,02,v5,207,45,1.315816027788295
183,02,v5,207,99,2.7295102419075343
184,02,v5,45,153,2.455804388229133
185,02,v5,45,207,3.4920797933683665
186,02,v5,45,45,1.2426956629795005
187,02,v5,45,99,2.347044084598484
188,02,v5,99,153,2.87147914406947
189,02,v5,99,207,2.816306802074113
190,02,v5,99,45,0.9191149091516315
191,02,v5,99,99,1.8844600375440486
192,03,premotor,153,153,1.4940289479702051
193,03,premotor,153,207,1.6084347053642405
194,03,premotor,153,45,1.4692640014152505
195,03,premotor,153,99,1.5377987541014548
196,03,premotor,207,153,1.544970175261612
197,03,premotor,207,207,1.6300003218777253
198,03,premotor,207,45,1.5132952270551967
199,03,premotor,207,99,1.5904000836465295
200,03,premotor,45,153,1.7178806585801456
201,03,premotor,45,207,1.5534188906974165
202,03,premotor,45,45,1.5707205372992172
203,03,premotor,45,99,1.6360648359083279
204,03,premotor,99,153,1.6680095186486492
205,03,premotor,99,207,1.7594924676979184
206,03,premotor,99,45,1.4619439475065579
207,03,premotor,99,99,1.6185203363958287
208,03,motor,153,153,1.5210094781087746
209,03,motor,153,207,1.6538740663544949
210,03,motor,153,45,1.7112081318409684
211,03,motor,153,99,2.16927613156295
212,03,motor,207,153,1.70617588777434
213,03,motor,207,207,1.6515706835601651
214,03,motor,207,45,1.5641557818529892
215,03,motor,207,99,1.6822134857435338
216,03,motor,45,153,1.7753092754532274
217,03,motor,45,207,1.5656310950943129
218,03,motor,45,45,1.5790407304520984
219,03,motor,45,99,2.177033723886706
220,03,motor,99,153,1.99637949510738
221,03,motor,99,207,1.5428597437230864
222,03,motor,99,45,1.90302448767111
223,03,motor,99,99,2.0461623893684946
224,03,v1,153,153,1.546539810163902
225,03,v1,153,207,1.284402012474776
226,03,v1,153,45,1.3220237625834697
227,03,v1,153,99,1.3511143637771945
228,03,v1,207,153,1.3873020557325033
229,03,v1,207,207,1.2873669568648696
230,03,v1,207,45,1.3514389864798584
231,03,v1,207,99,1.5623293266395877
232,03,v1,45,153,1.2516981886755132
233,03,v1,45,207,0.9831514046805916
234,03,v1,45,45,1.1861910251843928
235,03,v1,45,99,1.4250243186559355
236,03,v1,99,153,1.215845825799485
237,03,v1,99,207,1.0952105446587612
238,03,v1,99,45,1.090026972405
239,03,v1,99,99,1.3644084527381422
240,03,sup_parietal,153,153,2.577810694456084
241,03,sup_parietal,153,207,2.0476647403809562
242,03,sup_parietal,153,45,2.8679956262488187
243,03,sup_parietal,153,99,2.5579632292576697
244,03,sup_parietal,207,153,2.9881168379685143
245,03,sup_parietal,207,207,1.7917133827441858
246,03,sup_parietal,207,45,2.430171256546668
247,03,sup_parietal,207,99,1.8495599976069514
248,03,sup_parietal,45,153,2.227282498962106
249,03,sup_parietal,45,207,2.2441833939696347
250,03,sup_parietal,45,45,2.3091580441994513
251,03,sup_parietal,45,99,3.1975912068099506
252,03,sup_parietal,99,153,3.1987413417335424
253,03,sup_parietal,99,207,2.3339169895528107
254,03,sup_parietal,99,45,1.9824878322799848
255,03,sup_parietal,99,99,2.16683275339144
256,03,inf_parietal,153,153,1.7869175064578777
257,03,inf_parietal,153,207,2.1737594586281324
258,03,inf_parietal,153,45,1.5906420147111135
259,03,inf_parietal,153,99,1.7741074504861511
260,03,inf_parietal,207,153,1.75130101841508
261,03,inf_parietal,207,207,1.735931100475197
262,03,inf_parietal,207,45,1.6876926248865005
263,03,inf_parietal,207,99,2.0778451357997585
264,03,inf_parietal,45,153,2.01007095765644
265,03,inf_parietal,45,207,1.6513025043661476
266,03,inf_parietal,45,45,1.6511720376739634
267,03,inf_parietal,45,99,1.867072289241813
268,03,inf_parietal,99,153,1.8026700551486532
269,03,inf_parietal,99,207,1.9191984532775321
270,03,inf_parietal,99,45,1.4700636040185835
271,03,inf_parietal,99,99,1.9282825587269836
272,03,v5,153,153,3.2171573637433513
273,03,v5,153,207,2.782755639931191
274,03,v5,153,45,2.8695747286286633
275,03,v5,153,99,2.6073858938245875
276,03,v5,207,153,1.7242879260147501
277,03,v5,207,207,2.3915995418824925
278,03,v5,207,45,2.7488118879720265
279,03,v5,207,99,2.3923307752248393
280,03,v5,45,153,1.6506191509393136
281,03,v5,45,207,2.216423221612315
282,03,v5,45,45,1.8813813741079857
283,03,v5,45,99,3.9257150236741873
284,03,v5,99,153,1.7526687624740973
285,03,v5,99,207,2.613173147605912
286,03,v5,99,45,3.2807747668026472
287,03,v5,99,99,2.4406195050694084
288,04,premotor,153,153,1.3753192961015406
289,04,premotor,153,207,1.3980585306075264
290,04,premotor,153,45,1.5027428439618664
291,04,premotor,153,99,1.4869552368684087
292,04,premotor,207,153,1.4417802531967299
293,04,premotor,207,207,1.4833530228542646
294,04,premotor,207,45,1.4574747864099233
295,04,premotor,207,99,1.4127160122917681
296,04,premotor,45,153,1.534557088984089
297,04,premotor,45,207,1.3958026758529722
298,04,premotor,45,45,1.539980943227576
299,04,premotor,45,99,1.4836292124647328
300,04,premotor,99,153,1.4777876378687953
301,04,premotor,99,207,1.4585584266431664
302,04,premotor,99,45,1.4250935169347638
303,04,premotor,99,99,1.6184311927252635
304,04,motor,153,153,1.670397317576499
305,04,motor,153,207,1.712432711295898
306,04,motor,153,45,1.5599947574971613
307,04,motor,153,99,1.6415514295447744
308,04,motor,207,153,1.60715335575581
309,04,motor,207,207,1.7069708053477846
310,04,motor,207,45,1.7499003918982199
311,04,motor,207,99,1.622191939792945
312,04,motor,45,153,1.872057773785758
313,04,motor,45,207,1.5347747233002786
314,04,motor,45,45,1.450193339180137
315,04,motor,45,99,1.30730958764571
316,04,motor,99,153,1.4831237367621881
317,04,motor,99,207,1.7422275518078836
318,04,motor,99,45,1.3204602296062906
319,04,motor,99,99,1.7805477669877336
320,04,v1,153,153,1.151055838229563
321,04,v1,153,207,1.0670079373802435
322,04,v1,153,45,0.8465778116678068
323,04,v1,153,99,1.1263417756072398
324,04,v1,207,153,1.1654701034067831
325,04,v1,207,207,1.0519030357416588
326,04,v1,207,45,1.0474602093238121
327,04,v1,207,99,1.454660457966387
328,04,v1,45,153,1.3171354177684438
329,04,v1,45,207,1.2440729035224274
330,04,v1,45,45,0.9217530023054825
331,04,v1,45,99,1.0880737564832996
332,04,v1,99,153,1.480269191185838
333,04,v1,99,207,1.1579260969062477
334,04,v1,99,45,0.8817463753443904
335,04,v1,99,99,1.3249624765987016
336,04,sup_parietal,153,153,2.719489882838645
337,04,sup_parietal,153,207,1.9970074412671144
338,04,sup_parietal,153,45,1.7837203210597021
339,04,sup_parietal,153,99,2.143580580768919
340,04,sup_parietal,207,153,2.9479194924017693
341,04,sup_parietal,207,207,2.5514063991242297
342,04,sup_parietal,207,45,2.7801533967591325
343,04,sup_parietal,207,99,2.1500367240010854
344,04,sup_parietal,45,153,2.6693787514182636
345,04,sup_parietal,45,207,2.645873397584661
346,04,sup_parietal,45,45,2.7623275298278385
347,04,sup_parietal,45,99,2.172531948380836
348,04,sup_parietal,99,153,2.6203110130373375
349,04,sup_parietal,99,207,1.9065856171831679
350,04,sup_parietal,99,45,2.387692213914434
351,04,sup_parietal,99,99,2.401158547144912
352,04,inf_parietal,153,153,1.413185889478938
353,04,inf_parietal,153,207,1.886215382071354
354,04,inf_parietal,153,45,1.7029577680263168
355,04,inf_parietal,153,99,1.7050639956843283
356,04,inf_parietal,207,153,1.8367571120925459
357,04,inf_parietal,207,207,1.5930553978804638
358,04,inf_parietal,207,45,1.772950371242728
359,04,inf_parietal,207,99,1.739849411359379
360,04,inf_parietal,45,153,2.288234500080959
361,04,inf_parietal,45,207,2.0807584904546497
362,04,inf_parietal,45,45,1.9001251011221352
363,04,inf_parietal,45,99,1.7126285425195946
364,04,inf_parietal,99,153,1.771163402920047
365,04,inf_parietal,99,207,1.8784203877254002
366,04,inf_parietal,99,45,1.9645655469876584
367,04,inf_parietal,99,99,1.7124251141553375
368,04,v5,153,153,1.4606976630274304
369,04,v5,153,207,1.7194223060026883
370,04,v5,153,45,1.3031410282213327
371,04,v5,153,99,2.708855696241007
372,04,v5,207,153,2.9409850023495423
373,04,v5,207,207,2.084993539065753
374,04,v5,207,45,2.0945816663780388
375,04,v5,207,99,3.18337281542503
376,04,v5,45,153,2.1901578821664507
377,04,v5,45,207,1.980512197301152
378,04,v5,45,45,2.449128597998887
379,04,v5,45,99,2.657525973001946
380,04,v5,99,153,2.0212482091693222
381,04,v5,99,207,1.7486781212370772
382,04,v5,99,45,1.482928690496774
383,04,v5,99,99,3.3235789783315455
384,05,premotor,153,153,1.506173556001456
385,05,premotor,153,207,1.547347276992486
386,05,premotor,153,45,1.7046538467524597
387,05,premotor,153,99,1.729299252741929
388,05,premotor,207,153,1.7663228284240762
389,05,premotor,207,207,1.4666900957212572
390,05,premotor,207,45,2.015415474774341
391,05,premotor,207,99,1.713430693066805
392,05,premotor,45,153,1.6380095967112434
393,05,premotor,45,207,1.5635944271997921
394,05,premotor,45,45,1.7159524121548149
395,05,premotor,45,99,1.8696986451932047
396,05,premotor,99,153,1.6204729929264838
397,05,premotor,99,207,1.5338240171418498
398,05,premotor,99,45,1.8586123726246115
399,05,premotor,99,99,1.675491821939662
400,05,motor,153,153,1.575419127977051
401,05,motor,153,207,1.8573819993123533
402,05,motor,153,45,2.5215132197806676
403,05,motor,153,99,1.9620391966373778
404,05,motor,207,153,2.202957665296347
405,05,motor,207,207,2.008807309375584
406,05,motor,207,45,2.417878493524446
407,05,motor,207,99,1.759440185408457
408,05,motor,45,153,1.8299847847276343
409,05,motor,45,207,1.9163213954463196
410,05,motor,45,45,1.7007076989368546
411,05,motor,45,99,1.8435777268776061
412,05,motor,99,153,1.6554911326396446
413,05,motor,99,207,2.0366397889596426
414,05,motor,99,45,2.5036382638935457
415,05,motor,99,99,1.8014333131951665
416,05,v1,153,153,1.1875944038652575
417,05,v1,153,207,1.3307542787334272
418,05,v1,153,45,1.4028345639439526
419,05,v1,153,99,1.252814738681265
420,05,v1,207,153,1.3042900887669893
421,05,v1,207,207,1.3263107658423943
422,05,v1,207,45,1.3390756998501956
423,05,v1,207,99,1.385945022538496
424,05,v1,45,153,1.3168246518643638
425,05,v1,45,207,1.1363035599400062
426,05,v1,45,45,1.249278758218069
427,05,v1,45,99,1.3820237213039646
428,05,v1,99,153,1.558893797137084
429,05,v1,99,207,1.3964256684611867
430,05,v1,99,45,1.257810720782615
431,05,v1,99,99,1.3195666465281217
432,05,sup_parietal,153,153,3.3784763974749366
433,05,sup_parietal,153,207,2.708099764280549
434,05,sup_parietal,153,45,2.6592798805152373
435,05,sup_parietal,153,99,3.159710280869749
436,05,sup_parietal,207,153,3.0258648189946467
437,05,sup_parietal,207,207,1.8963143696196068
438,05,sup_parietal,207,45,2.6060398485592327
439,05,sup_parietal,207,99,2.9944832901940437
440,05,sup_parietal,45,153,2.7078008321983678
441,05,sup_parietal,45,207,2.192810404104481
442,05,sup_parietal,45,45,3.0841544621397667
443,05,sup_parietal,45,99,3.1000574956048617
444,05,sup_parietal,99,153,2.690625812884592
445,05,sup_parietal,99,207,2.2423299880841263
446,05,sup_parietal,99,45,2.728469660935235
447,05,sup_parietal,99,99,2.2125275657418992
448,05,inf_parietal,153,153,2.4436704027769114
449,05,inf_parietal,153,207,2.2232006853086497
450,05,inf_parietal,153,45,2.6855678943422685
451,05,inf_parietal,153,99,2.058759168397111
452,05,inf_parietal,207,153,2.2259215345858037
453,05,inf_parietal,207,207,2.396214602968356
454,05,inf_parietal,207,45,2.3862073000762214
455,05,inf_parietal,207,99,2.296345426417677
456,05,inf_parietal,45,153,2.3537262641985266
457,05,inf_parietal,45,207,2.1713738722708227
458,05,inf_parietal,45,45,2.454831278879161
459,05,inf_parietal,45,99,2.3009063889954513
460,05,inf_parietal,99,153,2.212405678318691
461,05,inf_parietal,99,207,1.9601108851287454
462,05,inf_parietal,99,45,2.439765094693212
463,05,inf_parietal,99,99,2.180646401140725
464,05,v5,153,153,2.790356525199808
465,05,v5,153,207,2.388209078465732
466,05,v5,153,45,1.9230905991694427
467,05,v5,153,99,2.3411523921669497
468,05,v5,207,153,2.7018423098091713
469,05,v5,207,207,2.1626231064867802
470,05,v5,207,45,1.2100529033406153
471,05,v5,207,99,2.1817341112026574
472,05,v5,45,153,1.9413849017763463
473,05,v5,45,207,2.7464563259391337
474,05,v5,45,45,2.113043920116438
475,05,v5,45,99,3.8481480743819785
476,05,v5,99,153,2.299100784586991
477,05,v5,99,207,3.841306974875526
478,05,v5,99,45,2.7360656805409453
479,05,v5,99,99,3.307738130049116
480,06,premotor,153,153,1.8106816705510624
481,06,premotor,153,207,1.551827528209571
482,06,premotor,153,45,1.5328457440006462
483,06,premotor,153,99,1.4243203674703777
484,06,premotor,207,153,1.8772662344765125
485,06,premotor,207,207,1.5312763408654673
486,06,premotor,207,45,1.7966710286985468
487,06,premotor,207,99,1.6054601882839274
488,06,premotor,45,153,1.8475299253166022
489,06,premotor,45,207,1.5130918571228502
490,06,premotor,45,45,1.7501312896893202
491,06,premotor,45,99,1.3369508322179473
492,06,premotor,99,153,1.9691362336827973
493,06,premotor,99,207,1.4738047443928064
494,06,premotor,99,45,1.6559782599178638
495,06,premotor,99,99,1.388481090792569
496,06,motor,153,153,1.8538030463076238
497,06,motor,153,207,1.7138454638111043
498,06,motor,153,45,1.831787205800413
499,06,motor,153,99,1.6031352315067218
500,06,motor,207,153,2.198406850144268
501,06,motor,207,207,1.8114918032223155
502,06,motor,207,45,2.0948564660687246
503,06,motor,207,99,1.5016869642819342
504,06,motor,45,153,1.8560096710679537
505,06,motor,45,207,2.0676865602594945
506,06,motor,45,45,1.780494896948269
507,06,motor,45,99,1.8642133480402874
508,06,motor,99,153,2.063196362317789
509,06,motor,99,207,1.7102514121183374
510,06,motor,99,45,1.703368078836332
511,06,motor,99,99,1.6442511317150132
512,06,v1,153,153,1.5742466867405467
513,06,v1,153,207,1.1724513085919528
514,06,v1,153,45,1.2770776949522973
515,06,v1,153,99,1.5339159004053586
516,06,v1,207,153,1.262446985273996
517,06,v1,207,207,1.2643129819312298
518,06,v1,207,45,1.4462629826613294
519,06,v1,207,99,1.3082860281628368
520,06,v1,45,153,1.5791240662988786
521,06,v1,45,207,1.3182150005174749
522,06,v1,45,45,1.374895763317739
523,06,v1,45,99,1.50440703382802
524,06,v1,99,153,1.70526575442577
525,06,v1,99,207,1.326575277754447
526,06,v1,99,45,1.2310556914276998
527,06,v1,99,99,1.53682944815428
528,06,sup_parietal,153,153,1.9940689759535561
529,06,sup_parietal,153,207,2.189571097492963
530,06,sup_parietal,153,45,2.2138826511695573
531,06,sup_parietal,153,99,2.8412782335948386
532,06,sup_parietal,207,153,2.5108886632442977
533,06,sup_parietal,207,207,2.6917234834534316
534,06,sup_parietal,207,45,2.5453331301021973
535,06,sup_parietal,207,99,2.623614569192088
536,06,sup_parietal,45,153,3.3625986098962994
537,06,sup_parietal,45,207,2.5781986912256682
538,06,sup_parietal,45,45,2.6407090948029737
539,06,sup_parietal,45,99,2.5418001153165046
540,06,sup_parietal,99,153,2.5476749501615417
541,06,sup_parietal,99,207,2.6240106983061446
542,06,sup_parietal,99,45,2.3454001186049593
543,06,sup_parietal,99,99,2.343224323071141
544,06,inf_parietal,153,153,1.7202607237696386
545,06,inf_parietal,153,207,1.803414396529699
546,06,inf_parietal,153,45,2.375632204700303
547,06,inf_parietal,153,99,1.8636462003414644
548,06,inf_parietal,207,153,1.8295290828744142
549,06,inf_parietal,207,207,1.56728594348394
550,06,inf_parietal,207,45,2.07688445032997
551,06,inf_parietal,207,99,1.807273753741942
552,06,inf_parietal,45,153,2.00705072910837
553,06,inf_parietal,45,207,1.6337030748985768
554,06,inf_parietal,45,45,1.810112364552874
555,06,inf_parietal,45,99,1.6612977509629872
556,06,inf_parietal,99,153,1.8712976366439413
557,06,inf_parietal,99,207,2.2570600009284902
558,06,inf_parietal,99,45,1.8595572068515183
559,06,inf_parietal,99,99,1.8282600003993217
560,06,v5,153,153,3.044773035855804
561,06,v5,153,207,3.7638429160876448
562,06,v5,153,45,2.0173679940420355
563,06,v5,153,99,2.1897383476606547
564,06,v5,207,153,3.087493219616287
565,06,v5,207,207,5.030484940574884
566,06,v5,207,45,3.911582266073795
567,06,v5,207,99,3.530862232258069
568,06,v5,45,153,3.755723193502461
569,06,v5,45,207,2.601601645857463
570,06,v5,45,45,2.743276159831109
571,06,v5,45,99,3.860124900633874
572,06,v5,99,153,3.133869599795381
573,06,v5,99,207,2.014397450746664
574,06,v5,99,45,2.012312387384699
575,06,v5,99,99,2.4974658333132744
576,07,premotor,153,153,1.9324443404812155
577,07,premotor,153,207,2.019657957551249
578,07,premotor,153,45,1.9382484982644814
579,07,premotor,153,99,1.9613045319975106
580,07,premotor,207,153,1.760626705017025
581,07,premotor,207,207,1.9298862405419301
582,07,premotor,207,45,1.7362288937329904
583,07,premotor,207,99,1.8452994886728273
584,07,premotor,45,153,1.6607923995569198
585,07,premotor,45,207,1.967551792077846
586,07,premotor,45,45,1.731717315084461
587,07,premotor,45,99,1.8543903578270904
588,07,premotor,99,153,1.690454040777847
589,07,premotor,99,207,1.9267805178968747
590,07,premotor,99,45,1.838986693584963
591,07,premotor,99,99,1.7729141617995774
592,07,motor,153,153,2.1062887001496398
593,07,motor,153,207,1.9933487898270295
594,07,motor,153,45,2.202408276912335
595,07,motor,153,99,2.177121012352703
596,07,motor,207,153,2.200267918337524
597,07,motor,207,207,1.9109884506769734
598,07,motor,207,45,2.0897020205388976
599,07,motor,207,99,2.165364416657389
600,07,motor,45,153,1.8824020386512548
601,07,motor,45,207,2.1263151892436642
602,07,motor,45,45,1.9807798331885904
603,07,motor,45,99,2.4767731563070434
604,07,motor,99,153,1.960936111837154
605,07,motor,99,207,2.594717556238969
606,07,motor,99,45,2.5620251942625965
607,07,motor,99,99,2.1742673783370026
608,07,v1,153,153,1.792262282190124
609,07,v1,153,207,1.3464617137250552
610,07,v1,153,45,1.3009429922736562
611,07,v1,153,99,1.347835766319374
612,07,v1,207,153,1.7819580510972022
613,07,v1,207,207,1.4574355319193786
614,07,v1,207,45,1.4275923482324766
615,07,v1,207,99,1.56390979815912
616,07,v1,45,153,1.8398620198274167
617,07,v1,45,207,1.4084001499416383
618,07,v1,45,45,1.4462105607424731
619,07,v1,45,99,1.6383887822218588
620,07,v1,99,153,1.781285812482318
621,07,v1,99,207,1.547083884671397
622,07,v1,99,45,1.3618282590300856
623,07,v1,99,99,1.6041640392546226
624,07,sup_parietal,153,153,3.6779974634658332
625,07,sup_parietal,153,207,2.263042054284273
626,07,sup_parietal,153,45,2.422931085272025
627,07,sup_parietal,153,99,2.9004597001008587
628,07,sup_parietal,207,153,2.574992873359988
629,07,sup_parietal,207,207,2.91276953624969
630,07,sup_parietal,207,45,2.841375067683423
631,07,sup_parietal,207,99,2.6997954597295086
632,07,sup_parietal,45,153,3.4160060479413223
633,07,sup_parietal,45,207,2.7444896377205255
634,07,sup_parietal,45,45,2.9783097789062034
635,07,sup_parietal,45,99,3.674180723786553
636,07,sup_parietal,99,153,3.600731167044594
637,07,sup_parietal,99,207,2.658689769615046
638,07,sup_parietal,99,45,2.1868096612195247
639,07,sup_parietal,99,99,3.18363669722798
640,07,inf_parietal,153,153,2.1779546220064523
641,07,inf_parietal,153,207,2.3255332366235093
642,07,inf_parietal,153,45,1.9796859932188304
643,07,inf_parietal,153,99,2.447721519885764
644,07,inf_parietal,207,153,2.0756930410940404
645,07,inf_parietal,207,207,2.1218435442876293
646,07,inf_parietal,207,45,2.097958804903302
647,07,inf_parietal,207,99,2.581699480271584
648,07,inf_parietal,45,153,2.0437674270589943
649,07,inf_parietal,45,207,1.977407968134305
650,07,inf_parietal,45,45,1.9248981729923247
651,07,inf_parietal,45,99,2.049613701851233
652,07,inf_parietal,99,153,1.9029989122349504
653,07,inf_parietal,99,207,2.2762074273568818
654,07,inf_parietal,99,45,1.9792129529983258
655,07,inf_parietal,99,99,2.0745572045694995
656,07,v5,153,153,3.7465767735381736
657,07,v5,153,207,3.5647466275780326
658,07,v5,153,45,3.1668771766191
659,07,v5,153,99,2.1735647356493377
660,07,v5,207,153,2.296865244749324
661,07,v5,207,207,2.8078965328250263
662,07,v5,207,45,2.7578837978715116
663,07,v5,207,99,4.580484141592352
664,07,v5,45,153,2.884613524650235
665,07,v5,45,207,3.2130824348315374
666,07,v5,45,45,2.295652491940448
667,07,v5,45,99,2.650542515270776
668,07,v5,99,153,3.102005372486137
669,07,v5,99,207,4.572480576575342
670,07,v5,99,45,2.9735885501721753
671,07,v5,99,99,4.379524435405951
672,08,premotor,153,153,1.5968110693592101
673,08,premotor,153,207,1.4606090599297832
674,08,premotor,153,45,1.6521698576773873
675,08,premotor,153,99,1.6874224841946535
676,08,premotor,207,153,1.9326793399584279
677,08,premotor,207,207,1.576507887516859
678,08,premotor,207,45,1.9016817807955484
679,08,premotor,207,99,1.8240646569729997
680,08,premotor,45,153,1.8561200221254532
681,08,premotor,45,207,1.552093626490893
682,08,premotor,45,45,1.8549689134910805
683,08,premotor,45,99,1.7262238252596207
684,08,premotor,99,153,2.0192770137240967
685,08,premotor,99,207,1.5783368636468855
686,08,premotor,99,45,1.883468355136517
687,08,premotor,99,99,1.6326033652578127
688,08,motor,153,153,2.5011292865750256
689,08,motor,153,207,1.7850819794552488
690,08,motor,153,45,1.869898129654692
691,08,motor,153,99,2.179142955986177
692,08,motor,207,153,1.6977780127112965
693,08,motor,207,207,1.4041128128920883
694,08,motor,207,45,2.009165801807185
695,08,motor,207,99,1.7660422992020366
696,08,motor,45,153,2.0832015348961437
697,08,motor,45,207,1.8555316971494604
698,08,motor,45,45,1.851156837239363
699,08,motor,45,99,2.015855935522751
700,08,motor,99,153,2.730377742320685
701,08,motor,99,207,1.8396983897021664
702,08,motor,99,45,2.5358748336232337
703,08,motor,99,99,2.049334561907707
704,08,v1,153,153,1.5877204024029759
705,08,v1,153,207,1.4246858239742406
706,08,v1,153,45,1.6444930166186116
707,08,v1,153,99,1.6524560320186512
708,08,v1,207,153,1.672538758059632
709,08,v1,207,207,1.0917714010186566
710,08,v1,207,45,1.786643498645509
711,08,v1,207,99,2.085939272519437
712,08,v1,45,153,1.5796557871818886
713,08,v1,45,207,1.4951149142528024
714,08,v1,45,45,1.8520110960997218
715,08,v1,45,99,1.8600140925676083
716,08,v1,99,153,1.7971816090499244
717,08,v1,99,207,1.3745186940028904
718,08,v1,99,45,1.7870669016973582
719,08,v1,99,99,1.8263892053180106
720,08,sup_parietal,153,153,2.425076722026357
721,08,sup_parietal,153,207,1.6160744125910635
722,08,sup_parietal,153,45,3.24258225624075
723,08,sup_parietal,153,99,3.2253812041701226
724,08,sup_parietal,207,153,3.0116164671118186
725,08,sup_parietal,207,207,1.6532698188583714
726,08,sup_parietal,207,45,3.3077348063861445
727,08,sup_parietal,207,99,3.2349846627746572
728,08,sup_parietal,45,153,3.3531705129148226
729,08,sup_parietal,45,207,2.490691020953496
730,08,sup_parietal,45,45,2.883471132730535
731,08,sup_parietal,45,99,4.0011863247158725
732,08,sup_parietal,99,153,3.4397252738151454
733,08,sup_parietal,99,207,2.4609153281217324
734,08,sup_parietal,99,45,2.452180661346132
735,08,sup_parietal,99,99,2.8473664329859636
736,08,inf_parietal,153,153,2.6056420718415363
737,08,inf_parietal,153,207,2.153792869240959
738,08,inf_parietal,153,45,2.574522836714841
739,08,inf_parietal,153,99,2.832712945317114
740,08,inf_parietal,207,153,2.4244487011058746
741,08,inf_parietal,207,207,2.229708575244019
742,08,inf_parietal,207,45,2.655435347975857
743,08,inf_parietal,207,99,2.4239333240539804
744,08,inf_parietal,45,153,2.66111706096256
745,08,inf_parietal,45,207,2.0944640322547268
746,08,inf_parietal,45,45,2.6561348542866865
747,08,inf_parietal,45,99,2.3196656148093817
748,08,inf_parietal,99,153,2.3820468334182143
749,08,inf_parietal,99,207,1.9173811221471404
750,08,inf_parietal,99,45,2.8351960518093904
751,08,inf_parietal,99,99,2.564027264060389
752,08,v5,153,153,7.550532304558313
753,08,v5,153,207,2.4741619990717103
754,08,v5,153,45,2.749982410753132
755,08,v5,153,99,3.1944151410785606
756,08,v5,207,153,5.225723473901841
757,08,v5,207,207,2.9514288945618388
758,08,v5,207,45,2.578813890019047
759,08,v5,207,99,3.024611291585021
760,08,v5,45,153,4.295520764539809
761,08,v5,45,207,3.154529783168751
762,08,v5,45,45,2.685792242121436
763,08,v5,45,99,3.311261057410214
764,08,v5,99,153,2.6297025450340907
765,08,v5,99,207,1.90979065927335
766,08,v5,99,45,1.3258072253144109
767,08,v5,99,99,3.3554505627786324
768,09,premotor,153,153,1.5239243148287027
769,09,premotor,153,207,1.5574290131515327
770,09,premotor,153,45,1.5196266033958317
771,09,premotor,153,99,1.6047291916857378
772,09,premotor,207,153,1.6775480283935655
773,09,premotor,207,207,1.4126571068796487
774,09,premotor,207,45,1.4494340205425869
775,09,premotor,207,99,1.6956827429038612
776,09,premotor,45,153,1.7325408705663383
777,09,premotor,45,207,1.351090601364482
778,09,premotor,45,45,1.4260512209052223
779,09,premotor,45,99,1.672999860660667
780,09,premotor,99,153,1.5667684956587937
781,09,premotor,99,207,1.4160070066869048
782,09,premotor,99,45,1.5265137035272969
783,09,premotor,99,99,1.7069017879574953
784,09,motor,153,153,1.933047843855142
785,09,motor,153,207,1.387711079846736
786,09,motor,153,45,1.788132187143356
787,09,motor,153,99,1.6169126330784724
788,09,motor,207,153,2.191292048526001
789,09,motor,207,207,1.7197625597117228
790,09,motor,207,45,2.1030246682412472
791,09,motor,207,99,1.8848837820854896
792,09,motor,45,153,2.0735325520134924
793,09,motor,45,207,1.564838773612676
794,09,motor,45,45,1.7508428233224382
795,09,motor,45,99,2.2351055282128085
796,09,motor,99,153,2.062072126511679
797,09,motor,99,207,1.5835413804709286
798,09,motor,99,45,1.6789712312541718
799,09,motor,99,99,1.8379798593892809
800,09,v1,153,153,1.0978239678640418
801,09,v1,153,207,0.9657298134013432
802,09,v1,153,45,1.0634651411334735
803,09,v1,153,99,1.1612391880361628
804,09,v1,207,153,1.054554407225692
805,09,v1,207,207,1.0753502876515524
806,09,v1,207,45,1.4147646470870363
807,09,v1,207,99,1.344602825306094
808,09,v1,45,153,1.1723618770314532
809,09,v1,45,207,0.8663026227471387
810,09,v1,45,45,1.1921163382831195
811,09,v1,45,99,1.415081676096666
812,09,v1,99,153,1.3403338793721467
813,09,v1,99,207,1.2433449526831257
814,09,v1,99,45,1.4051762119269133
815,09,v1,99,99,1.4239021879097322
816,09,sup_parietal,153,153,3.164439772543428
817,09,sup_parietal,153,207,3.0630042472612895
818,09,sup_parietal,153,45,2.4946629715933275
819,09,sup_parietal,153,99,2.5583022869443894
820,09,sup_parietal,207,153,2.8173231464766246
821,09,sup_parietal,207,207,2.4896540558289675
822,09,sup_parietal,207,45,3.02182837430197
823,09,sup_parietal,207,99,2.2629513779584434
824,09,sup_parietal,45,153,2.9265099780376103
825,09,sup_parietal,45,207,1.9716031931668558
826,09,sup_parietal,45,45,2.049913466934813
827,09,sup_parietal,45,99,2.842640479232835
828,09,sup_parietal,99,153,3.84676636181297
829,09,sup_parietal,99,207,2.6147022427218976
830,09,sup_parietal,99,45,2.0286679418191644
831,09,sup_parietal,99,99,2.933510253982013
832,09,inf_parietal,153,153,2.0023167272210913
833,09,inf_parietal,153,207,1.6999265469504594
834,09,inf_parietal,153,45,2.2436728281859604
835,09,inf_parietal,153,99,1.9172666758155577
836,09,inf_parietal,207,153,2.6906086461238674
837,09,inf_parietal,207,207,2.059384758710192
838,09,inf_parietal,207,45,1.705919326368742
839,09,inf_parietal,207,99,2.415007318229572
840,09,inf_parietal,45,153,2.1926701460247555
841,09,inf_parietal,45,207,1.6461859748556582
842,09,inf_parietal,45,45,2.4020483831020507
843,09,inf_parietal,45,99,2.074718403808368
844,09,inf_parietal,99,153,2.1150995298407906
845,09,inf_parietal,99,207,1.7457501276280896
846,09,inf_parietal,99,45,2.054160851093323
847,09,inf_parietal,99,99,2.2105935054761865
848,09,v5,153,153,3.183275559784918
849,09,v5,153,207,1.789577694626808
850,09,v5,153,45,1.8408574660908796
851,09,v5,153,99,2.259651740071849
852,09,v5,207,153,1.2131333730058809
853,09,v5,207,207,1.4773618092959313
854,09,v5,207,45,3.3562105429148437
855,09,v5,207,99,2.308182664270839
856,09,v5,45,153,3.433808062241928
857,09,v5,45,207,2.3707969245501106
858,09,v5,45,45,2.93170922032582
859,09,v5,45,99,2.6605751900330783
860,09,v5,99,153,2.399299576361358
861,09,v5,99,207,2.2166077201391112
862,09,v5,99,45,3.195504197187019
863,09,v5,99,99,2.3983487368998415
864,11,premotor,153,153,1.3659405294320157
865,11,premotor,153,207,1.4715429682605587
866,11,premotor,153,45,1.4932167999801023
867,11,premotor,153,99,1.405692847081036
868,11,premotor,207,153,1.5091437491619024
869,11,premotor,207,207,1.5336578511466905
870,11,premotor,207,45,1.5109347048755128
871,11,premotor,207,99,1.442793152731939
872,11,premotor,45,153,1.534762122952531
873,11,premotor,45,207,1.5115353350341592
874,11,premotor,45,45,1.5012162565326166
875,11,premotor,45,99,1.3605321784236213
876,11,premotor,99,153,1.547900229669368
877,11,premotor,99,207,1.6814144836931841
878,11,premotor,99,45,1.5859542405424691
879,11,premotor,99,99,1.5200788791912772
880,11,motor,153,153,1.895266077099921
881,11,motor,153,207,1.3756777620285243
882,11,motor,153,45,1.7751632519992668
883,11,motor,153,99,1.726624161848391
884,11,motor,207,153,2.2324393887580234
885,11,motor,207,207,1.597811699397563
886,11,motor,207,45,1.5640870463339684
887,11,motor,207,99,1.7342781548324304
888,11,motor,45,153,1.9162181916907548
889,11,motor,45,207,1.3022378176868141
890,11,motor,45,45,1.7906975229622486
891,11,motor,45,99,1.6484731489743192
892,11,motor,99,153,1.7839845286299836
893,11,motor,99,207,1.6488963053583203
894,11,motor,99,45,1.516153558552897
895,11,motor,99,99,1.4857079658169776
896,11,v1,153,153,1.3357188679872931
897,11,v1,153,207,1.0944556211819225
898,11,v1,153,45,1.2253403440990243
899,11,v1,153,99,1.258693199153281
900,11,v1,207,153,1.3699830249141125
901,11,v1,207,207,1.2191177508800113
902,11,v1,207,45,1.428153971388709
903,11,v1,207,99,1.3942262382778083
904,11,v1,45,153,1.401792480999296
905,11,v1,45,207,1.1722572456080185
906,11,v1,45,45,1.4196128022153416
907,11,v1,45,99,1.1920242793836224
908,11,v1,99,153,1.5821225131418997
909,11,v1,99,207,1.3043695719400463
910,11,v1,99,45,1.229236318831134
911,11,v1,99,99,1.3184896678559876
912,11,sup_parietal,153,153,2.3937229610310107
913,11,sup_parietal,153,207,2.235141525017019
914,11,sup_parietal,153,45,1.6817536647380098
915,11,sup_parietal,153,99,2.5347843222000783
916,11,sup_parietal,207,153,1.8468476759481294
917,11,sup_parietal,207,207,1.4862341499047218
918,11,sup_parietal,207,45,1.9964685039056609
919,11,sup_parietal,207,99,1.8086347618827883
920,11,sup_parietal,45,153,2.4086965205998307
921,11,sup_parietal,45,207,1.4917006937616153
922,11,sup_parietal,45,45,2.0068371378697587
923,11,sup_parietal,45,99,2.1618651191234672
924,11,sup_parietal,99,153,2.167651438659604
925,11,sup_parietal,99,207,1.562712113772484
926,11,sup_parietal,99,45,2.2191076753153434
927,11,sup_parietal,99,99,2.173834232153019
928,11,inf_parietal,153,153,1.9416120515551076
929,11,inf_parietal,153,207,1.8060992285397681
930,11,inf_parietal,153,45,1.607405056621586
931,11,inf_parietal,153,99,1.4240691283580686
932,11,inf_parietal,207,153,2.112359494969409
933,11,inf_parietal,207,207,1.7969079162913855
934,11,inf_parietal,207,45,2.1295765716300026
935,11,inf_parietal,207,99,1.8820312732712865
936,11,inf_parietal,45,153,1.590408340427898
937,11,inf_parietal,45,207,1.9065902816318463
938,11,inf_parietal,45,45,1.7777695417782444
939,11,inf_parietal,45,99,1.7195585004374863
940,11,inf_parietal,99,153,1.728788697311203
941,11,inf_parietal,99,207,1.6381879603112832
942,11,inf_parietal,99,45,1.6553157783550816
943,11,inf_parietal,99,99,1.710712817297154
944,11,v5,153,153,6.682898195161064
945,11,v5,153,207,3.193358652641434
946,11,v5,153,45,1.9493083519053067
947,11,v5,153,99,2.867228094703868
948,11,v5,207,153,3.557706426360066
949,11,v5,207,207,2.544852441614638
950,11,v5,207,45,3.070567868914071
951,11,v5,207,99,2.361999253897966
952,11,v5,45,153,2.669517367984546
953,11,v5,45,207,3.4687377580770513
954,11,v5,45,45,3.1379971859032993
955,11,v5,45,99,3.4882917469517487
956,11,v5,99,153,2.104074576901928
957,11,v5,99,207,4.28690617330345
958,11,v5,99,45,3.211772096141809
959,11,v5,99,99,2.3479309997630624
960,12,premotor,153,153,1.693322707109057
961,12,premotor,153,207,1.5132988840677861
962,12,premotor,153,45,1.6703750949729586
963,12,premotor,153,99,1.64544158885196
964,12,premotor,207,153,1.6172129409709846
965,12,premotor,207,207,1.4235709663972353
966,12,premotor,207,45,1.667354807883998
967,12,premotor,207,99,1.740689763511242
968,12,premotor,45,153,1.7490919243460712
969,12,premotor,45,207,1.5098554706438623
970,12,premotor,45,45,1.6046064106115903
971,12,premotor,45,99,1.5446806182256851
972,12,premotor,99,153,1.5187898132695
973,12,premotor,99,207,1.557807385183433
974,12,premotor,99,45,1.4217090873776088
975,12,premotor,99,99,1.5984109611548796
976,12,motor,153,153,2.5680050145652595
977,12,motor,153,207,1.7728425635771594
978,12,motor,153,45,1.7294511895365794
979,12,motor,153,99,2.222275314987347
980,12,motor,207,153,2.126975239433845
981,12,motor,207,207,1.619303451773942
982,12,motor,207,45,1.8437135111742406
983,12,motor,207,99,1.992121351408927
984,12,motor,45,153,1.739415559709268
985,12,motor,45,207,1.8553194040322536
986,12,motor,45,45,1.6838868349385145
987,12,motor,45,99,1.907151298194416
988,12,motor,99,153,2.0522556490695516
989,12,motor,99,207,1.8657730077940389
990,12,motor,99,45,1.8240557016686088
991,12,motor,99,99,2.0637989058762596
992,12,v1,153,153,1.8636838399861302
993,12,v1,153,207,1.1250331473629998
994,12,v1,153,45,1.2594006776241073
995,12,v1,153,99,1.571708570541131
996,12,v1,207,153,1.6858821792850196
997,12,v1,207,207,1.427683719972473
998,12,v1,207,45,1.2214183825297154
999,12,v1,207,99,1.322607009715807
1000,12,v1,45,153,1.7185831958518032
1001,12,v1,45,207,1.1990051167507032
1002,12,v1,45,45,0.9900445204792578
1003,12,v1,45,99,1.3849312593357364
1004,12,v1,99,153,1.4532373489532278
1005,12,v1,99,207,1.292992988379333
1006,12,v1,99,45,0.8994669069881316
1007,12,v1,99,99,1.2995430036466151
1008,12,sup_parietal,153,153,3.1314584398066474
1009,12,sup_parietal,153,207,2.285675811403124
1010,12,sup_parietal,153,45,2.5366228212243276
1011,12,sup_parietal,153,99,3.0815685401000916
1012,12,sup_parietal,207,153,2.767563834402222
1013,12,sup_parietal,207,207,1.9453010445715604
1014,12,sup_parietal,207,45,2.9466211559606905
1015,12,sup_parietal,207,99,2.6232235364849776
1016,12,sup_parietal,45,153,2.4019402286353535
1017,12,sup_parietal,45,207,2.4066798307291646
1018,12,sup_parietal,45,45,3.035979945875114
1019,12,sup_parietal,45,99,3.3776260029757625
1020,12,sup_parietal,99,153,2.956181587504002
1021,12,sup_parietal,99,207,2.435043256723188
1022,12,sup_parietal,99,45,2.412042715844449
1023,12,sup_parietal,99,99,3.333196862685962
1024,12,inf_parietal,153,153,1.8749803197768058
1025,12,inf_parietal,153,207,1.5644217453654492
1026,12,inf_parietal,153,45,1.5903627135128617
1027,12,inf_parietal,153,99,1.9777490824006652
1028,12,inf_parietal,207,153,2.667357114476264
1029,12,inf_parietal,207,207,1.8634474702785342
1030,12,inf_parietal,207,45,1.9081311996828327
1031,12,inf_parietal,207,99,2.0494522316539694
1032,12,inf_parietal,45,153,2.424519118733349
1033,12,inf_parietal,45,207,1.2937205894365735
1034,12,inf_parietal,45,45,1.726346383995653
1035,12,inf_parietal,45,99,2.055920202031756
1036,12,inf_parietal,99,153,2.5250318257358293
1037,12,inf_parietal,99,207,1.637520322172803
1038,12,inf_parietal,99,45,1.850370681765741
1039,12,inf_parietal,99,99,1.4848030318506376
1040,12,v5,153,153,3.234304034887215
1041,12,v5,153,207,1.6687623062516246
1042,12,v5,153,45,2.141908455398716
1043,12,v5,153,99,3.0108311624091995
1044,12,v5,207,153,3.983645375341581
1045,12,v5,207,207,2.1730443569066527
1046,12,v5,207,45,1.777739374445353
1047,12,v5,207,99,1.5012122855875958
1048,12,v5,45,153,3.3525537886409444
1049,12,v5,45,207,2.91003962697226
1050,12,v5,45,45,1.6233369702816818
1051,12,v5,45,99,2.502761680604079
1052,12,v5,99,153,2.8468010934187227
1053,12,v5,99,207,2.5714838175728687
1054,12,v5,99,45,1.9743349473506893
1055,12,v5,99,99,4.478414478638944
1056,13,premotor,153,153,1.565406177667314
1057,13,premotor,153,207,1.556584911737911
1058,13,premotor,153,45,1.4230098844175543
1059,13,premotor,153,99,1.5790715800899031
1060,13,premotor,207,153,1.6593898641120135
1061,13,premotor,207,207,1.7947082011669964
1062,13,premotor,207,45,1.634507339077664
1063,13,premotor,207,99,1.4815275987659393
1064,13,premotor,45,153,1.539878733041169
1065,13,premotor,45,207,1.617945037494637
1066,13,premotor,45,45,1.5608246476238947
1067,13,premotor,45,99,1.4825052438903108
1068,13,premotor,99,153,1.6705303109943141
1069,13,premotor,99,207,1.99797864595753
1070,13,premotor,99,45,1.6738890321481878
1071,13,premotor,99,99,1.5787388248836007
1072,13,motor,153,153,1.5578068137393526
1073,13,motor,153,207,2.2792838266275424
1074,13,motor,153,45,2.352790743370725
1075,13,motor,153,99,1.8684286221422424
1076,13,motor,207,153,1.7657230476041617
1077,13,motor,207,207,2.0145608358363205
1078,13,motor,207,45,1.673468943970803
1079,13,motor,207,99,1.5516150728250473
1080,13,motor,45,153,1.911682878032763
1081,13,motor,45,207,1.9197366136064007
1082,13,motor,45,45,1.9419237688831092
1083,13,motor,45,99,1.8290385925811674
1084,13,motor,99,153,1.967866834995522
1085,13,motor,99,207,1.9528739555937311
1086,13,motor,99,45,2.0915930566418988
1087,13,motor,99,99,1.955799438361212
1088,13,v1,153,153,1.7794095075856147
1089,13,v1,153,207,1.088856906519893
1090,13,v1,153,45,1.184777432392567
1091,13,v1,153,99,1.2309099495204348
1092,13,v1,207,153,1.6037151408366028
1093,13,v1,207,207,1.0942271657237699
1094,13,v1,207,45,1.0584587594357315
1095,13,v1,207,99,1.3110279898374224
1096,13,v1,45,153,1.7163257432470673
1097,13,v1,45,207,1.1542063874226134
1098,13,v1,45,45,0.9416906531219229
1099,13,v1,45,99,1.3975860557032853
1100,13,v1,99,153,1.7093407059910108
1101,13,v1,99,207,0.9581583940742615
1102,13,v1,99,45,1.069034890149394
1103,13,v1,99,99,1.5315337640385818
1104,13,sup_parietal,153,153,2.3779422664205687
1105,13,sup_parietal,153,207,2.745655814489618
1106,13,sup_parietal,153,45,2.922402805622083
1107,13,sup_parietal,153,99,2.206422832183796
1108,13,sup_parietal,207,153,3.0462031167749606
1109,13,sup_parietal,207,207,2.583265316868226
1110,13,sup_parietal,207,45,2.4757279360358124
1111,13,sup_parietal,207,99,2.44030012681064
1112,13,sup_parietal,45,153,2.363931985087066
1113,13,sup_parietal,45,207,2.2764902957149373
1114,13,sup_parietal,45,45,2.5444415212578404
1115,13,sup_parietal,45,99,2.2356040730557174
1116,13,sup_parietal,99,153,2.1639410088279796
1117,13,sup_parietal,99,207,1.8876035052526081
1118,13,sup_parietal,99,45,2.1414151926857348
1119,13,sup_parietal,99,99,1.8630570252557639
1120,13,inf_parietal,153,153,1.402974084578358
1121,13,inf_parietal,153,207,1.4346241125854298
1122,13,inf_parietal,153,45,1.7649976542063608
1123,13,inf_parietal,153,99,1.2605396554074186
1124,13,inf_parietal,207,153,1.7958330706945853
1125,13,inf_parietal,207,207,2.024397119093523
1126,13,inf_parietal,207,45,1.8698991852078448
1127,13,inf_parietal,207,99,2.0209543445389295
1128,13,inf_parietal,45,153,1.5362076415470851
1129,13,inf_parietal,45,207,1.7945979368946765
1130,13,inf_parietal,45,45,1.7433254885799554
1131,13,inf_parietal,45,99,2.064359185505084
1132,13,inf_parietal,99,153,1.5528306247911883
1133,13,inf_parietal,99,207,1.6662517775814616
1134,13,inf_parietal,99,45,1.4833070386404792
1135,13,inf_parietal,99,99,1.900209429051258
1136,13,v5,153,153,1.9324656183065119
1137,13,v5,153,207,3.0458759352919778
1138,13,v5,153,45,3.280656918079343
1139,13,v5,153,99,2.6397289135245927
1140,13,v5,207,153,2.129156277979873
1141,13,v5,207,207,2.6600176962386666
1142,13,v5,207,45,1.4449851251465187
1143,13,v5,207,99,2.9074941418219487
1144,13,v5,45,153,1.3698033889420622
1145,13,v5,45,207,2.567744878224704
1146,13,v5,45,45,2.7129399329373567
1147,13,v5,45,99,4.496921084105384
1148,13,v5,99,153,1.8580114407845718
1149,13,v5,99,207,2.356680272156731
1150,13,v5,99,45,4.70998701590478
1151,13,v5,99,99,2.5582948799862066
1152,14,premotor,153,153,1.6083828943065628
1153,14,premotor,153,207,1.7392006886221902
1154,14,premotor,153,45,1.7753253157624822
1155,14,premotor,153,99,1.6585221197676
1156,14,premotor,207,153,1.706924092963374
1157,14,premotor,207,207,1.4487437596614248
1158,14,premotor,207,45,1.7262575123239463
1159,14,premotor,207,99,1.7420577517969487
1160,14,premotor,45,153,1.7832699616314438
1161,14,premotor,45,207,1.4015480556028326
1162,14,premotor,45,45,1.6185400936566219
1163,14,premotor,45,99,1.6931309624780004
1164,14,premotor,99,153,1.708954736650324
1165,14,premotor,99,207,1.6421574330856412
1166,14,premotor,99,45,1.7216481409340878
1167,14,premotor,99,99,1.6361892408128158
1168,14,motor,153,153,2.124565007561829
1169,14,motor,153,207,1.9192688193935479
1170,14,motor,153,45,2.0002457066366377
1171,14,motor,153,99,2.243793279327937
1172,14,motor,207,153,2.112194446105047
1173,14,motor,207,207,2.131129217905813
1174,14,motor,207,45,2.3691535388730602
1175,14,motor,207,99,2.1670709963335075
1176,14,motor,45,153,1.9226781174940322
1177,14,motor,45,207,1.771255608194842
1178,14,motor,45,45,1.9424065352783155
1179,14,motor,45,99,2.198001573107951
1180,14,motor,99,153,2.459145613012579
1181,14,motor,99,207,1.951913681940737
1182,14,motor,99,45,1.8369652940169
1183,14,motor,99,99,2.324194644317398
1184,14,v1,153,153,1.5014941985830978
1185,14,v1,153,207,1.2209870324869214
1186,14,v1,153,45,1.186250182759066
1187,14,v1,153,99,1.7005225202232208
1188,14,v1,207,153,1.6171130629860362
1189,14,v1,207,207,1.3736325838020185
1190,14,v1,207,45,1.2452866434758858
1191,14,v1,207,99,1.6594576770724252
1192,14,v1,45,153,1.6471448374980988
1193,14,v1,45,207,1.0608203541286656
1194,14,v1,45,45,1.3221392993993417
1195,14,v1,45,99,1.5450646377438952
1196,14,v1,99,153,1.62589671456388
1197,14,v1,99,207,1.3556106044027139
1198,14,v1,99,45,1.3322856004899268
1199,14,v1,99,99,1.5646570619349112
1200,14,sup_parietal,153,153,2.2464873927842666
1201,14,sup_parietal,153,207,2.3566397850730088
1202,14,sup_parietal,153,45,2.952057065818538
1203,14,sup_parietal,153,99,1.7408142105297528
1204,14,sup_parietal,207,153,2.1870716347813315
1205,14,sup_parietal,207,207,2.57127968958447
1206,14,sup_parietal,207,45,1.9109384929128561
1207,14,sup_parietal,207,99,2.2420283664300977
1208,14,sup_parietal,45,153,2.4069140782175587
1209,14,sup_parietal,45,207,2.8538610228543675
1210,14,sup_parietal,45,45,2.4499895928682776
1211,14,sup_parietal,45,99,2.0690323271690625
1212,14,sup_parietal,99,153,2.395516268758187
1213,14,sup_parietal,99,207,1.607572210274789
1214,14,sup_parietal,99,45,2.0582413934482435
1215,14,sup_parietal,99,99,2.468561001249036
1216,14,inf_parietal,153,153,2.0132793687543717
1217,14,inf_parietal,153,207,1.4979006268844914
1218,14,inf_parietal,153,45,1.9917599852401242
1219,14,inf_parietal,153,99,1.941393733290365
1220,14,inf_parietal,207,153,2.052545792598055
1221,14,inf_parietal,207,207,1.7215212017103876
1222,14,inf_parietal,207,45,1.72517690775778
1223,14,inf_parietal,207,99,2.4169184908027024
1224,14,inf_parietal,45,153,2.113250178854769
1225,14,inf_parietal,45,207,1.8522892698199416
1226,14,inf_parietal,45,45,1.7617604307174926
1227,14,inf_parietal,45,99,1.91192842485463
1228,14,inf_parietal,99,153,2.0465865911840524
1229,14,inf_parietal,99,207,1.5786121664108603
1230,14,inf_parietal,99,45,1.918077081278032
1231,14,inf_parietal,99,99,1.8294788999496638
1232,14,v5,153,153,3.5986018910227466
1233,14,v5,153,207,3.8573661160246333
1234,14,v5,153,45,1.847744269041189
1235,14,v5,153,99,2.125515550633171
1236,14,v5,207,153,2.6328011585746927
1237,14,v5,207,207,2.889082198914025
1238,14,v5,207,45,1.7179770149345264
1239,14,v5,207,99,1.8690567658057962
1240,14,v5,45,153,2.887518905283738
1241,14,v5,45,207,1.9274484154601454
1242,14,v5,45,45,2.4949351372591484
1243,14,v5,45,99,2.110052291530655
1244,14,v5,99,153,1.5558127241309763
1245,14,v5,99,207,1.9318611699260413
1246,14,v5,99,45,1.3914498878321424
1247,14,v5,99,99,4.307395911497899
1248,15,premotor,153,153,2.028345384147198
1249,15,premotor,153,207,2.15300901190599
1250,15,premotor,153,45,1.9797785602712312
1251,15,premotor,153,99,2.0322287022880356
1252,15,premotor,207,153,2.0887294035646464
1253,15,premotor,207,207,2.1541997932531007
1254,15,premotor,207,45,1.8422376110439986
1255,15,premotor,207,99,2.1335905291483486
1256,15,premotor,45,153,2.340476112566317
1257,15,premotor,45,207,2.156928734882282
1258,15,premotor,45,45,1.8818185423281129
1259,15,premotor,45,99,2.1632765126941615
1260,15,premotor,99,153,2.0199936123711497
1261,15,premotor,99,207,1.8590666302970824
1262,15,premotor,99,45,1.7168694657421377
1263,15,premotor,99,99,2.1042303154117556
1264,15,motor,153,153,2.66399793387126
1265,15,motor,153,207,2.3864721005533682
1266,15,motor,153,45,2.039584137810807
1267,15,motor,153,99,1.785510027583122
1268,15,motor,207,153,2.1920502904592474
1269,15,motor,207,207,2.3442874763207815
1270,15,motor,207,45,2.1954130626815234
1271,15,motor,207,99,1.9692533759076594
1272,15,motor,45,153,2.3621503651367277
1273,15,motor,45,207,1.8710880248345478
1274,15,motor,45,45,2.1516129553952767
1275,15,motor,45,99,1.938026261414072
1276,15,motor,99,153,1.9497217644258507
1277,15,motor,99,207,2.049541124244082
1278,15,motor,99,45,2.524039258667372
1279,15,motor,99,99,2.3126864060563355
1280,15,v1,153,153,2.6618775664084167
1281,15,v1,153,207,1.661261547255616
1282,15,v1,153,45,1.6606672906079138
1283,15,v1,153,99,2.6640465806495843
1284,15,v1,207,153,2.1692917749466023
1285,15,v1,207,207,1.643440462475988
1286,15,v1,207,45,1.376950070015725
1287,15,v1,207,99,2.4381323898219107
1288,15,v1,45,153,2.8211074479384006
1289,15,v1,45,207,1.9749825904297267
1290,15,v1,45,45,2.0546451970842337
1291,15,v1,45,99,3.0119895848020324
1292,15,v1,99,153,2.393224413628792
1293,15,v1,99,207,1.555782281932389
1294,15,v1,99,45,1.4402094675271122
1295,15,v1,99,99,2.4581488885437794
1296,15,sup_parietal,153,153,2.566208614907027
1297,15,sup_parietal,153,207,3.5939689681023896
1298,15,sup_parietal,153,45,3.1556197463550797
1299,15,sup_parietal,153,99,4.955505370735358
1300,15,sup_parietal,207,153,3.6456064680082507
1301,15,sup_parietal,207,207,3.530906840907536
1302,15,sup_parietal,207,45,3.410204825361225
1303,15,sup_parietal,207,99,4.995556327630533
1304,15,sup_parietal,45,153,3.59646640680819
1305,15,sup_parietal,45,207,4.383736660367871
1306,15,sup_parietal,45,45,4.039825702291743
1307,15,sup_parietal,45,99,4.3723927374328255
1308,15,sup_parietal,99,153,3.62440085985085
1309,15,sup_parietal,99,207,3.0352402955368496
1310,15,sup_parietal,99,45,3.3578504499862882
1311,15,sup_parietal,99,99,3.2645545002352803
1312,15,inf_parietal,153,153,2.289547653086839
1313,15,inf_parietal,153,207,2.1425133869550237
1314,15,inf_parietal,153,45,2.4666293436123
1315,15,inf_parietal,153,99,2.9289535135406766
1316,15,inf_parietal,207,153,2.1867105745996764
1317,15,inf_parietal,207,207,2.390858250333412
1318,15,inf_parietal,207,45,1.995341411550599
1319,15,inf_parietal,207,99,2.2549402213606293
1320,15,inf_parietal,45,153,2.1928954689594433
1321,15,inf_parietal,45,207,2.476551892361037
1322,15,inf_parietal,45,45,2.141744988723545
1323,15,inf_parietal,45,99,2.44537441769484
1324,15,inf_parietal,99,153,2.290166191854743
1325,15,inf_parietal,99,207,2.028710957814912
1326,15,inf_parietal,99,45,2.4414476116261374
1327,15,inf_parietal,99,99,2.2515993718227554
1328,15,v5,153,153,2.7671508808433956
1329,15,v5,153,207,2.1775278599431798
1330,15,v5,153,45,3.528570681958593
1331,15,v5,153,99,4.177416211440391
1332,15,v5,207,153,3.2859029757074607
1333,15,v5,207,207,4.115958381078208
1334,15,v5,207,45,2.416325791466568
1335,15,v5,207,99,4.058955151693489
1336,15,v5,45,153,3.020218899243037
1337,15,v5,45,207,3.2812590912806505
1338,15,v5,45,45,2.3347487395017765
1339,15,v5,45,99,4.392761570334436
1340,15,v5,99,153,4.351828184230898
1341,15,v5,99,207,3.5390407496572722
1342,15,v5,99,45,3.04699528983953
1343,15,v5,99,99,6.684233428787453
1344,16,premotor,153,153,1.7571775844216708
1345,16,premotor,153,207,1.5638321117345808
1346,16,premotor,153,45,1.705421980165303
1347,16,premotor,153,99,1.6320075915663441
1348,16,premotor,207,153,1.807451060986026
1349,16,premotor,207,207,1.518863560034093
1350,16,premotor,207,45,1.6326044724128383
1351,16,premotor,207,99,1.6978901041401644
1352,16,premotor,45,153,1.5901510628587459
1353,16,premotor,45,207,1.502946383866386
1354,16,premotor,45,45,1.6597770868101165
1355,16,premotor,45,99,1.638794794560769
1356,16,premotor,99,153,1.616048326767569
1357,16,premotor,99,207,1.5632298127144577
1358,16,premotor,99,45,1.5672479381584117
1359,16,premotor,99,99,1.4500153432306837
1360,16,motor,153,153,2.0170405923568233
1361,16,motor,153,207,1.1492516461311064
1362,16,motor,153,45,2.1448102347348454
1363,16,motor,153,99,1.7545110159686252
1364,16,motor,207,153,2.023993052173906
1365,16,motor,207,207,1.7368461989435595
1366,16,motor,207,45,2.248177050606216
1367,16,motor,207,99,1.9844545396046043
1368,16,motor,45,153,1.682236524460922
1369,16,motor,45,207,1.7521772245179081
1370,16,motor,45,45,2.1098401207192414
1371,16,motor,45,99,1.6904802111654738
1372,16,motor,99,153,1.8125723136948602
1373,16,motor,99,207,1.412140686758388
1374,16,motor,99,45,1.765733805524464
1375,16,motor,99,99,1.7334810172121617
1376,16,v1,153,153,1.3495013677094967
1377,16,v1,153,207,1.6479729467100244
1378,16,v1,153,45,0.7549794231167444
1379,16,v1,153,99,1.2606260855524163
1380,16,v1,207,153,1.3989340429111352
1381,16,v1,207,207,1.6910428306896124
1382,16,v1,207,45,1.0385908916816762
1383,16,v1,207,99,1.3685720577685556
1384,16,v1,45,153,1.4594646492378116
1385,16,v1,45,207,1.340236996016932
1386,16,v1,45,45,1.0115547729673606
1387,16,v1,45,99,1.399661102091327
1388,16,v1,99,153,1.7104860663702781
1389,16,v1,99,207,1.6572915961289638
1390,16,v1,99,45,0.9052193913687933
1391,16,v1,99,99,1.2603925314663662
1392,16,sup_parietal,153,153,2.853033691939565
1393,16,sup_parietal,153,207,2.9763063156510703
1394,16,sup_parietal,153,45,2.985360051449022
1395,16,sup_parietal,153,99,2.640632168213658
1396,16,sup_parietal,207,153,2.631081156054745
1397,16,sup_parietal,207,207,2.4306719010909914
1398,16,sup_parietal,207,45,2.6290688731686602
1399,16,sup_parietal,207,99,2.158732615959982
1400,16,sup_parietal,45,153,2.8730808209590935
1401,16,sup_parietal,45,207,3.0409172598162044
1402,16,sup_parietal,45,45,2.872506042891985
1403,16,sup_parietal,45,99,2.8067003632932277
1404,16,sup_parietal,99,153,3.0719529863991277
1405,16,sup_parietal,99,207,3.1021583191423927
1406,16,sup_parietal,99,45,2.9510220435368697
1407,16,sup_parietal,99,99,2.889993127226947
1408,16,inf_parietal,153,153,2.086581094333681
1409,16,inf_parietal,153,207,2.114110100222063
1410,16,inf_parietal,153,45,2.206158824472567
1411,16,inf_parietal,153,99,1.852465024241584
1412,16,inf_parietal,207,153,2.570087994200182
1413,16,inf_parietal,207,207,1.9153407524675763
1414,16,inf_parietal,207,45,1.847113237867719
1415,16,inf_parietal,207,99,2.3974190801079933
1416,16,inf_parietal,45,153,2.415567434957355
1417,16,inf_parietal,45,207,2.1154234320481593
1418,16,inf_parietal,45,45,2.2489716914584585
1419,16,inf_parietal,45,99,2.36820856439471
1420,16,inf_parietal,99,153,2.064573581514978
1421,16,inf_parietal,99,207,1.953728108936336
1422,16,inf_parietal,99,45,2.144273183400222
1423,16,inf_parietal,99,99,2.1882015110421777
1424,16,v5,153,153,3.6686739269800492
1425,16,v5,153,207,2.557320293721356
1426,16,v5,153,45,4.10399049641877
1427,16,v5,153,99,2.9411615749864377
1428,16,v5,207,153,3.7900299503206
1429,16,v5,207,207,2.7038579210158433
1430,16,v5,207,45,3.4252982118467505
1431,16,v5,207,99,2.2791602510410054
1432,16,v5,45,153,2.64196199077527
1433,16,v5,45,207,3.0506651591230973
1434,16,v5,45,45,3.975918374741658
1435,16,v5,45,99,4.245914493002114
1436,16,v5,99,153,3.7358052216209514
1437,16,v5,99,207,3.914899796923548
1438,16,v5,99,45,3.2821021672166832
1439,16,v5,99,99,3.0687069554377544
1440,17,premotor,153,153,1.4689629753197004
1441,17,premotor,153,207,1.3269594240561684
1442,17,premotor,153,45,1.4003398976547867
1443,17,premotor,153,99,1.4551127573001859
1444,17,premotor,207,153,1.4110331722587937
1445,17,premotor,207,207,1.3514433444609575
1446,17,premotor,207,45,1.5287961221649375
1447,17,premotor,207,99,1.585877688094693
1448,17,premotor,45,153,1.5277031384388962
1449,17,premotor,45,207,1.2913967212408766
1450,17,premotor,45,45,1.4898190241248028
1451,17,premotor,45,99,1.7281398663539658
1452,17,premotor,99,153,1.7656190169309607
1453,17,premotor,99,207,1.5969642233828298
1454,17,premotor,99,45,1.6174932954647614
1455,17,premotor,99,99,1.6210118012134895
1456,17,motor,153,153,1.7026017294567453
1457,17,motor,153,207,1.972217418241967
1458,17,motor,153,45,1.8537242247006287
1459,17,motor,153,99,1.6713091210501219
1460,17,motor,207,153,1.7199204879317858
1461,17,motor,207,207,1.7612296110069838
1462,17,motor,207,45,1.583764581817709
1463,17,motor,207,99,1.9506636247231812
1464,17,motor,45,153,1.776322892424141
1465,17,motor,45,207,1.8162428679201654
1466,17,motor,45,45,1.331120675849624
1467,17,motor,45,99,1.462680024927037
1468,17,motor,99,153,1.9074823537909122
1469,17,motor,99,207,1.9843018823830727
1470,17,motor,99,45,1.7912171367831646
1471,17,motor,99,99,1.736197746283751
1472,17,v1,153,153,1.593206367585366
1473,17,v1,153,207,1.270361586344475
1474,17,v1,153,45,0.8398694547057383
1475,17,v1,153,99,1.0342250892326077
1476,17,v1,207,153,1.4787646477606033
1477,17,v1,207,207,1.1488438995642967
1478,17,v1,207,45,0.7708164895521581
1479,17,v1,207,99,1.1488799355208703
1480,17,v1,45,153,1.8417747814625072
1481,17,v1,45,207,1.0797860508594121
1482,17,v1,45,45,0.6554329390884632
1483,17,v1,45,99,1.1087501254970156
1484,17,v1,99,153,1.369432317799685
1485,17,v1,99,207,1.1343988850903703
1486,17,v1,99,45,0.7796614263287907
1487,17,v1,99,99,0.9637658258884972
1488,17,sup_parietal,153,153,2.2430010607310162
1489,17,sup_parietal,153,207,1.8967768118782078
1490,17,sup_parietal,153,45,1.8206006263423145
1491,17,sup_parietal,153,99,2.606659120204869
1492,17,sup_parietal,207,153,1.8722674814842843
1493,17,sup_parietal,207,207,1.6850261052447766
1494,17,sup_parietal,207,45,1.824073053663155
1495,17,sup_parietal,207,99,1.696838169715808
1496,17,sup_parietal,45,153,1.9515147461757847
1497,17,sup_parietal,45,207,1.112479945416673
1498,17,sup_parietal,45,45,2.200937866905482
1499,17,sup_parietal,45,99,2.468174153117408
1500,17,sup_parietal,99,153,2.248940884328437
1501,17,sup_parietal,99,207,2.0162886625098855
1502,17,sup_parietal,99,45,2.32926670184969
1503,17,sup_parietal,99,99,2.615189783944018
1504,17,inf_parietal,153,153,1.7880577077049566
1505,17,inf_parietal,153,207,2.2313831071425154
1506,17,inf_parietal,153,45,2.0351184466440717
1507,17,inf_parietal,153,99,2.0203859564829942
1508,17,inf_parietal,207,153,1.9736397862989228
1509,17,inf_parietal,207,207,1.820989028282549
1510,17,inf_parietal,207,45,1.5679975375487403
1511,17,inf_parietal,207,99,1.7233631935765823
1512,17,inf_parietal,45,153,2.2607042189756372
1513,17,inf_parietal,45,207,1.7707053941364113
1514,17,inf_parietal,45,45,1.5616007054606489
1515,17,inf_parietal,45,99,1.7583450316523594
1516,17,inf_parietal,99,153,1.986029784552864
1517,17,inf_parietal,99,207,1.6601830226301395
1518,17,inf_parietal,99,45,2.0654511128537516
1519,17,inf_parietal,99,99,1.961755792849232
1520,17,v5,153,153,1.8318488497511756
1521,17,v5,153,207,3.0215077206933145
1522,17,v5,153,45,1.4472003968588778
1523,17,v5,153,99,1.7886914334588844
1524,17,v5,207,153,1.9607195235821235
1525,17,v5,207,207,2.7987228709069063
1526,17,v5,207,45,1.7091276722190112
1527,17,v5,207,99,2.0844949560832466
1528,17,v5,45,153,1.8049878442873222
1529,17,v5,45,207,2.1755145198410832
1530,17,v5,45,45,1.9355686753161634
1531,17,v5,45,99,1.829913592435945
1532,17,v5,99,153,1.8806471279651857
1533,17,v5,99,207,2.1672920239465445
1534,17,v5,99,45,1.5601079490665364
1535,17,v5,99,99,2.516121270330612
1536,18,premotor,153,153,1.5347044558052567
1537,18,premotor,153,207,1.4516840235183017
1538,18,premotor,153,45,1.542467048905813
1539,18,premotor,153,99,1.39238304418341
1540,18,premotor,207,153,1.604799484163708
1541,18,premotor,207,207,1.4028180498362435
1542,18,premotor,207,45,1.5743424506340506
1543,18,premotor,207,99,1.4437388978157104
1544,18,premotor,45,153,1.687870772545452
1545,18,premotor,45,207,1.280553652360036
1546,18,premotor,45,45,1.6527047828049697
1547,18,premotor,45,99,1.6826757492123061
1548,18,premotor,99,153,1.527584174235474
1549,18,premotor,99,207,1.3654005394999367
1550,18,premotor,99,45,1.3546350603285728
1551,18,premotor,99,99,1.3181490081282556
1552,18,motor,153,153,1.8451995720786982
1553,18,motor,153,207,1.7350805922614563
1554,18,motor,153,45,2.1964422733047257
1555,18,motor,153,99,1.6334477186928602
1556,18,motor,207,153,1.7260918413312627
1557,18,motor,207,207,1.7685084983501693
1558,18,motor,207,45,1.7379474023498438
1559,18,motor,207,99,1.4524822241590778
1560,18,motor,45,153,2.0476244072167553
1561,18,motor,45,207,1.4238203201567639
1562,18,motor,45,45,1.645744166447476
1563,18,motor,45,99,2.1316827308334196
1564,18,motor,99,153,2.1467240295602856
1565,18,motor,99,207,2.010329705771988
1566,18,motor,99,45,2.108026330737478
1567,18,motor,99,99,1.5464837829397227
1568,18,v1,153,153,0.9762506387512411
1569,18,v1,153,207,0.5974328241606177
1570,18,v1,153,45,0.7774894371959514
1571,18,v1,153,99,0.8603019526835066
1572,18,v1,207,153,0.8956739566720016
1573,18,v1,207,207,0.7215767100893762
1574,18,v1,207,45,0.7738682265817658
1575,18,v1,207,99,1.0762483913591905
1576,18,v1,45,153,1.0095909330526256
1577,18,v1,45,207,0.6483321362262053
1578,18,v1,45,45,0.7048192674428284
1579,18,v1,45,99,0.7991268015114612
1580,18,v1,99,153,0.9854393104095112
1581,18,v1,99,207,0.730076878610068
1582,18,v1,99,45,0.6358039104320301
1583,18,v1,99,99,0.8955971640346034
1584,18,sup_parietal,153,153,1.9487740210567956
1585,18,sup_parietal,153,207,1.8982844651026345
1586,18,sup_parietal,153,45,1.6904271761689602
1587,18,sup_parietal,153,99,2.131531423388603
1588,18,sup_parietal,207,153,2.2095747620389132
1589,18,sup_parietal,207,207,1.8519636555325645
1590,18,sup_parietal,207,45,1.7619770487290025
1591,18,sup_parietal,207,99,1.9050016303948354
1592,18,sup_parietal,45,153,2.1039087438803987
1593,18,sup_parietal,45,207,1.5656097146634018
1594,18,sup_parietal,45,45,2.1594196469579625
1595,18,sup_parietal,45,99,2.152812311969336
1596,18,sup_parietal,99,153,2.009548572097699
1597,18,sup_parietal,99,207,1.7025552075899555
1598,18,sup_parietal,99,45,1.6300085003302
1599,18,sup_parietal,99,99,1.5988791670819458
1600,18,inf_parietal,153,153,1.6072987552324078
1601,18,inf_parietal,153,207,1.5825617660269193
1602,18,inf_parietal,153,45,1.5427297661898378
1603,18,inf_parietal,153,99,1.7295227317702038
1604,18,inf_parietal,207,153,1.3473727735188037
1605,18,inf_parietal,207,207,1.3496362151771493
1606,18,inf_parietal,207,45,1.940966387195794
1607,18,inf_parietal,207,99,1.5723729471388985
1608,18,inf_parietal,45,153,1.7902888153993715
1609,18,inf_parietal,45,207,1.771085594552419
1610,18,inf_parietal,45,45,2.090490231128533
1611,18,inf_parietal,45,99,1.5625715016799553
1612,18,inf_parietal,99,153,1.652686323513803
1613,18,inf_parietal,99,207,1.836668303753624
1614,18,inf_parietal,99,45,1.8396725648030687
1615,18,inf_parietal,99,99,1.5120209595181273
1616,18,v5,153,153,2.1044089232445007
1617,18,v5,153,207,1.5871426448286217
1618,18,v5,153,45,1.271246827868403
1619,18,v5,153,99,1.4362957479484364
1620,18,v5,207,153,2.383324198751283
1621,18,v5,207,207,1.860116091085342
1622,18,v5,207,45,1.6455527718903193
1623,18,v5,207,99,1.8376947225037146
1624,18,v5,45,153,1.8800917055234754
1625,18,v5,45,207,1.1565765029366553
1626,18,v5,45,45,1.375227877676884
1627,18,v5,45,99,1.4563329894474353
1628,18,v5,99,153,2.3007686961994382
1629,18,v5,99,207,1.3559702580721629
1630,18,v5,99,45,1.3958967250083822
1631,18,v5,99,99,2.1789297949005904
1632,19,premotor,153,153,1.8224441775531648
1633,19,premotor,153,207,1.5885947917455785
1634,19,premotor,153,45,1.9462258142734319
1635,19,premotor,153,99,1.6562862011983586
1636,19,premotor,207,153,1.8001432100873371
1637,19,premotor,207,207,1.4879240870162107
1638,19,premotor,207,45,1.8181642957971036
1639,19,premotor,207,99,1.5670244654909915
1640,19,premotor,45,153,1.8969425173132848
1641,19,premotor,45,207,1.7375681440074664
1642,19,premotor,45,45,1.915746155216865
1643,19,premotor,45,99,1.8475745032181488
1644,19,premotor,99,153,1.7198654007317393
1645,19,premotor,99,207,1.6607437414465716
1646,19,premotor,99,45,1.7887115764749142
1647,19,premotor,99,99,1.7872804700306026
1648,19,motor,153,153,1.8761431095565084
1649,19,motor,153,207,1.5800022398906761
1650,19,motor,153,45,1.7363474925586413
1651,19,motor,153,99,1.9997882962135276
1652,19,motor,207,153,2.106785553878118
1653,19,motor,207,207,1.5795781051320386
1654,19,motor,207,45,1.9821514764550698
1655,19,motor,207,99,1.6114988311302918
1656,19,motor,45,153,2.1002234431893267
1657,19,motor,45,207,1.982944652097454
1658,19,motor,45,45,2.4880017374258423
1659,19,motor,45,99,2.077957593124515
1660,19,motor,99,153,2.2102888780454553
1661,19,motor,99,207,1.7833388591344594
1662,19,motor,99,45,1.962884084060034
1663,19,motor,99,99,1.954257577937312
1664,19,v1,153,153,1.526150802100543
1665,19,v1,153,207,0.9545494547671953
1666,19,v1,153,45,1.342688105405893
1667,19,v1,153,99,1.5230219873887227
1668,19,v1,207,153,1.4274734988654223
1669,19,v1,207,207,0.9553585711246435
1670,19,v1,207,45,1.5665871993617997
1671,19,v1,207,99,1.6756591609092655
1672,19,v1,45,153,1.7253488973196303
1673,19,v1,45,207,0.8696865511549569
1674,19,v1,45,45,1.690587806019562
1675,19,v1,45,99,1.6400639757889908
1676,19,v1,99,153,1.6688666458202133
1677,19,v1,99,207,1.4630677386172435
1678,19,v1,99,45,1.8683167123614632
1679,19,v1,99,99,1.8249720676987917
1680,19,sup_parietal,153,153,4.158627707687868
1681,19,sup_parietal,153,207,2.459375199696717
1682,19,sup_parietal,153,45,3.528104625879657
1683,19,sup_parietal,153,99,3.3766605834577557
1684,19,sup_parietal,207,153,4.424044113575661
1685,19,sup_parietal,207,207,2.898319840897945
1686,19,sup_parietal,207,45,2.9188888437349276
1687,19,sup_parietal,207,99,2.448578533797031
1688,19,sup_parietal,45,153,4.180086894508303
1689,19,sup_parietal,45,207,2.4199333497192708
1690,19,sup_parietal,45,45,3.197151392067791
1691,19,sup_parietal,45,99,3.2248548143050852
1692,19,sup_parietal,99,153,3.1122975577318788
1693,19,sup_parietal,99,207,2.807012206524615
1694,19,sup_parietal,99,45,3.101188495271405
1695,19,sup_parietal,99,99,3.3234433202751728
1696,19,inf_parietal,153,153,2.095565929357905
1697,19,inf_parietal,153,207,2.0501056236545594
1698,19,inf_parietal,153,45,2.426241241986401
1699,19,inf_parietal,153,99,2.377546875164113
1700,19,inf_parietal,207,153,1.943156763394598
1701,19,inf_parietal,207,207,2.0733477088117347
1702,19,inf_parietal,207,45,2.4691315881694758
1703,19,inf_parietal,207,99,2.410922452651429
1704,19,inf_parietal,45,153,2.534958990272142
1705,19,inf_parietal,45,207,1.9155374464277797
1706,19,inf_parietal,45,45,2.4219336259124096
1707,19,inf_parietal,45,99,2.7283381122813593
1708,19,inf_parietal,99,153,2.217844366304768
1709,19,inf_parietal,99,207,1.8227243838154015
1710,19,inf_parietal,99,45,2.202855232671723
1711,19,inf_parietal,99,99,2.4057082090721362
1712,19,v5,153,153,2.3094517299216446
1713,19,v5,153,207,3.168863200744984
1714,19,v5,153,45,2.6038526339488053
1715,19,v5,153,99,4.28190628473006
1716,19,v5,207,153,3.296680820461515
1717,19,v5,207,207,1.6757572308694233
1718,19,v5,207,45,4.5558984457629865
1719,19,v5,207,99,2.5494160537602695
1720,19,v5,45,153,3.8892107402172247
1721,19,v5,45,207,2.7706808313605373
1722,19,v5,45,45,3.2724861270049943
1723,19,v5,45,99,2.587668510936772
1724,19,v5,99,153,4.301479482232665
1725,19,v5,99,207,3.7230282352474524
1726,19,v5,99,45,2.2888399511065853
1727,19,v5,99,99,3.9453875849642834
