,Participants,Masks,Target Location Straight,Target Location Rotate,RDM Correlations
0,01,premotor,153,153,0.0329613157504672
1,01,premotor,153,207,0.023069943498268512
2,01,premotor,153,45,0.030720166464465008
3,01,premotor,153,99,0.011659489094365356
4,01,premotor,207,153,0.028545156963917986
5,01,premotor,207,207,0.020525770166795534
6,01,premotor,207,45,0.018865432686214358
7,01,premotor,207,99,0.019467983129545615
8,01,premotor,45,153,0.029442953780893767
9,01,premotor,45,207,0.026789983745811357
10,01,premotor,45,45,0.027101133352971582
11,01,premotor,45,99,0.013313986959094548
12,01,premotor,99,153,0.03340185005317655
13,01,premotor,99,207,0.029118754292993782
14,01,premotor,99,45,0.03423310470582452
15,01,premotor,99,99,0.025986813937886342
16,01,motor,153,153,-0.0017939589049271226
17,01,motor,153,207,0.022251925511473876
18,01,motor,153,45,0.01727827026895938
19,01,motor,153,99,0.004000950346131146
20,01,motor,207,153,0.017193277553279353
21,01,motor,207,207,0.016721718263620726
22,01,motor,207,45,0.026133734036675314
23,01,motor,207,99,-0.000181076106355065
24,01,motor,45,153,0.013714491605185408
25,01,motor,45,207,0.05003829809347879
26,01,motor,45,45,0.0026520131960686235
27,01,motor,45,99,-0.010221905654121063
28,01,motor,99,153,0.025756995851727582
29,01,motor,99,207,0.020717112064894173
30,01,motor,99,45,0.011340540241141017
31,01,motor,99,99,0.0013197118686301191
32,01,v1,153,153,0.06929101140501752
33,01,v1,153,207,0.07884278445292334
34,01,v1,153,45,0.07196580958708813
35,01,v1,153,99,0.05135449764621369
36,01,v1,207,153,0.0462344235556449
37,01,v1,207,207,0.04342075558218665
38,01,v1,207,45,0.032140348375760165
39,01,v1,207,99,0.050222418781814916
40,01,v1,45,153,0.052594137430897664
41,01,v1,45,207,0.08058366405034385
42,01,v1,45,45,0.06438290927032556
43,01,v1,45,99,0.04863596511753724
44,01,v1,99,153,0.036896410099805266
45,01,v1,99,207,0.04884751227303219
46,01,v1,99,45,0.07681865522142924
47,01,v1,99,99,0.06539256014913518
48,01,sup_parietal,153,153,0.047488309172145166
49,01,sup_parietal,153,207,0.05249689619544252
50,01,sup_parietal,153,45,0.059081653549426655
51,01,sup_parietal,153,99,0.05069480683476619
52,01,sup_parietal,207,153,0.06472608227003693
53,01,sup_parietal,207,207,0.04313149424406384
54,01,sup_parietal,207,45,0.04279613396140497
55,01,sup_parietal,207,99,0.043463062433520085
56,01,sup_parietal,45,153,0.01560224356479537
57,01,sup_parietal,45,207,0.02363492600572536
58,01,sup_parietal,45,45,0.06542005512335075
59,01,sup_parietal,45,99,0.022736958959075446
60,01,sup_parietal,99,153,0.03352587922880091
61,01,sup_parietal,99,207,0.026701102861595435
62,01,sup_parietal,99,45,0.024551119516986873
63,01,sup_parietal,99,99,0.03256651159050612
64,01,inf_parietal,153,153,0.05187812576016805
65,01,inf_parietal,153,207,0.030220944340211796
66,01,inf_parietal,153,45,0.04491438723246161
67,01,inf_parietal,153,99,0.0419442978656552
68,01,inf_parietal,207,153,0.031187103355854184
69,01,inf_parietal,207,207,0.014552558322707337
70,01,inf_parietal,207,45,0.021576244252684205
71,01,inf_parietal,207,99,0.001925588954243036
72,01,inf_parietal,45,153,0.012906814973948291
73,01,inf_parietal,45,207,0.02770760122385101
74,01,inf_parietal,45,45,0.02782063744602638
75,01,inf_parietal,45,99,0.0037184395917512283
76,01,inf_parietal,99,153,0.03079565636043653
77,01,inf_parietal,99,207,0.001886158812638288
78,01,inf_parietal,99,45,0.017888474598703095
79,01,inf_parietal,99,99,0.025037905970148135
80,01,v5,153,153,0.012590084266522415
81,01,v5,153,207,-0.0023149071966823732
82,01,v5,153,45,0.060837071308816035
83,01,v5,153,99,-0.05118815988758933
84,01,v5,207,153,-0.019691554238682695
85,01,v5,207,207,-0.016370024873385392
86,01,v5,207,45,-0.011417493796658542
87,01,v5,207,99,0.03836808471095089
88,01,v5,45,153,-0.030222877527340833
89,01,v5,45,207,0.07239656055615623
90,01,v5,45,45,0.025592626192452596
91,01,v5,45,99,0.05054325337449181
92,01,v5,99,153,0.019496257314782127
93,01,v5,99,207,-0.02851915854307461
94,01,v5,99,45,0.06827140469840987
95,01,v5,99,99,-0.0559002160575936
96,02,premotor,153,153,0.020595281510889376
97,02,premotor,153,207,0.01567971359365776
98,02,premotor,153,45,0.014755472141266858
99,02,premotor,153,99,0.01858723177437436
100,02,premotor,207,153,0.024172728754506326
101,02,premotor,207,207,0.030898597802088586
102,02,premotor,207,45,0.014073106144763259
103,02,premotor,207,99,0.020044551079781057
104,02,premotor,45,153,0.02272723518777861
105,02,premotor,45,207,0.02711520900253798
106,02,premotor,45,45,0.013390536989259048
107,02,premotor,45,99,0.021215377302611863
108,02,premotor,99,153,0.007496084636930723
109,02,premotor,99,207,0.010647744639615587
110,02,premotor,99,45,0.016779741505341058
111,02,premotor,99,99,0.02112365842046894
112,02,motor,153,153,0.00011308228126179123
113,02,motor,153,207,0.026965221007991074
114,02,motor,153,45,0.0030675545573495442
115,02,motor,153,99,0.025749158554570897
116,02,motor,207,153,0.0230384734635325
117,02,motor,207,207,0.009864434409476599
118,02,motor,207,45,-0.007186015548336727
119,02,motor,207,99,0.02476254633713107
120,02,motor,45,153,0.030366472612919033
121,02,motor,45,207,0.03913181668191368
122,02,motor,45,45,0.016894185822025218
123,02,motor,45,99,0.01981159244870731
124,02,motor,99,153,0.008457914924394957
125,02,motor,99,207,0.04465743369354242
126,02,motor,99,45,0.03866370847120217
127,02,motor,99,99,0.026454753520678796
128,02,v1,153,153,0.2382692632510382
129,02,v1,153,207,0.15354826716157294
130,02,v1,153,45,0.0797739573208712
131,02,v1,153,99,0.1425855439850423
132,02,v1,207,153,0.16996696914967607
133,02,v1,207,207,0.29537528823827297
134,02,v1,207,45,0.07227392553131022
135,02,v1,207,99,0.06885895096593997
136,02,v1,45,153,0.10045349376813771
137,02,v1,45,207,0.06122768408760865
138,02,v1,45,45,0.16672657762506413
139,02,v1,45,99,0.09172145197653707
140,02,v1,99,153,0.10973795342473389
141,02,v1,99,207,0.07979591445341042
142,02,v1,99,45,0.1447109819189241
143,02,v1,99,99,0.22016455410558675
144,02,sup_parietal,153,153,0.024902101159616552
145,02,sup_parietal,153,207,0.05460030168373355
146,02,sup_parietal,153,45,0.06996625615412909
147,02,sup_parietal,153,99,0.021045224310433784
148,02,sup_parietal,207,153,0.05874553816012424
149,02,sup_parietal,207,207,0.04247314877293222
150,02,sup_parietal,207,45,0.10402835129204153
151,02,sup_parietal,207,99,0.04886574774449007
152,02,sup_parietal,45,153,0.07277889420351472
153,02,sup_parietal,45,207,0.0926287258760273
154,02,sup_parietal,45,45,0.07872615784582897
155,02,sup_parietal,45,99,0.09421835107552506
156,02,sup_parietal,99,153,0.09043808047009903
157,02,sup_parietal,99,207,0.03961305802968852
158,02,sup_parietal,99,45,0.034478253485074314
159,02,sup_parietal,99,99,0.05345937960319582
160,02,inf_parietal,153,153,0.014835959775682615
161,02,inf_parietal,153,207,0.014877645939360539
162,02,inf_parietal,153,45,0.013562513270854587
163,02,inf_parietal,153,99,0.014557625528836559
164,02,inf_parietal,207,153,0.0042955062042205495
165,02,inf_parietal,207,207,0.05055402167199825
166,02,inf_parietal,207,45,0.021980082621065506
167,02,inf_parietal,207,99,0.01481586583774664
168,02,inf_parietal,45,153,0.010533993088879583
169,02,inf_parietal,45,207,0.030588891035618144
170,02,inf_parietal,45,45,0.028992066188219253
171,02,inf_parietal,45,99,0.0027548103503801467
172,02,inf_parietal,99,153,0.04062379733549076
173,02,inf_parietal,99,207,0.014518512692762277
174,02,inf_parietal,99,45,0.057141975155112795
175,02,inf_parietal,99,99,0.008016574515850486
176,02,v5,153,153,0.09386270036836762
177,02,v5,153,207,0.052216291976934615
178,02,v5,153,45,0.029810704014658337
179,02,v5,153,99,-0.02605618531890502
180,02,v5,207,153,0.13428643172255617
181,02,v5,207,207,0.10248078546041633
182,02,v5,207,45,0.057671929411447685
183,02,v5,207,99,0.10125349067859249
184,02,v5,45,153,0.0952444976623304
185,02,v5,45,207,0.031294772982139334
186,02,v5,45,45,0.20662002382419015
187,02,v5,45,99,0.038372473566072283
188,02,v5,99,153,-0.018242618291785667
189,02,v5,99,207,0.08729117010790792
190,02,v5,99,45,0.132197067127446
191,02,v5,99,99,0.11965029147981379
192,03,premotor,153,153,0.03408091575855721
193,03,premotor,153,207,0.029548533809312598
194,03,premotor,153,45,0.016483861192263527
195,03,premotor,153,99,0.027794801200869107
196,03,premotor,207,153,0.029718577722679003
197,03,premotor,207,207,0.04068904139793234
198,03,premotor,207,45,0.025349705875148336
199,03,premotor,207,99,0.023909603608234666
200,03,premotor,45,153,0.032520307009315914
201,03,premotor,45,207,0.04659450526108777
202,03,premotor,45,45,0.023815726102469688
203,03,premotor,45,99,0.03429875235305201
204,03,premotor,99,153,0.03508569113763232
205,03,premotor,99,207,0.033915789279548886
206,03,premotor,99,45,0.026613031805539516
207,03,premotor,99,99,0.024838992378284942
208,03,motor,153,153,0.03164755703133473
209,03,motor,153,207,0.013044148084508628
210,03,motor,153,45,0.00963166430747004
211,03,motor,153,99,0.015643299764396316
212,03,motor,207,153,0.01958291693753013
213,03,motor,207,207,-0.0030399081456688793
214,03,motor,207,45,0.011716878056993611
215,03,motor,207,99,0.013149127596220904
216,03,motor,45,153,0.008061351978502433
217,03,motor,45,207,0.046738617452759035
218,03,motor,45,45,0.008570524235101091
219,03,motor,45,99,0.0771259064117065
220,03,motor,99,153,0.006717205235874791
221,03,motor,99,207,-0.013727703398897001
222,03,motor,99,45,0.011295453657500003
223,03,motor,99,99,0.015889349938676675
224,03,v1,153,153,0.09506993903766398
225,03,v1,153,207,0.05217575067327494
226,03,v1,153,45,0.10033531009300987
227,03,v1,153,99,0.1142614884599293
228,03,v1,207,153,0.03593910061764056
229,03,v1,207,207,0.09483983462311844
230,03,v1,207,45,0.05567375637414984
231,03,v1,207,99,0.03686449802562333
232,03,v1,45,153,0.0938960503010099
233,03,v1,45,207,0.11287448775823666
234,03,v1,45,45,0.17812847544775606
235,03,v1,45,99,0.0752152169158627
236,03,v1,99,153,0.10327940534115237
237,03,v1,99,207,0.05461309493298949
238,03,v1,99,45,0.13103556639128008
239,03,v1,99,99,0.15785323171101717
240,03,sup_parietal,153,153,0.12792203733862695
241,03,sup_parietal,153,207,0.15528886939657469
242,03,sup_parietal,153,45,0.1329232665925663
243,03,sup_parietal,153,99,0.14978187775181512
244,03,sup_parietal,207,153,0.12825694660422784
245,03,sup_parietal,207,207,0.1258088316303953
246,03,sup_parietal,207,45,0.16873929968835596
247,03,sup_parietal,207,99,0.1340819068473178
248,03,sup_parietal,45,153,0.14300201514806807
249,03,sup_parietal,45,207,0.1583495039085413
250,03,sup_parietal,45,45,0.12719570074187916
251,03,sup_parietal,45,99,0.12762667661908225
252,03,sup_parietal,99,153,0.11339320887051636
253,03,sup_parietal,99,207,0.14997678331460895
254,03,sup_parietal,99,45,0.12828575219356822
255,03,sup_parietal,99,99,0.1488364884981116
256,03,inf_parietal,153,153,0.025093358983717354
257,03,inf_parietal,153,207,0.028454398660612716
258,03,inf_parietal,153,45,0.039379812736004875
259,03,inf_parietal,153,99,0.005061411562217797
260,03,inf_parietal,207,153,-0.00031374558127094873
261,03,inf_parietal,207,207,0.01442690687883648
262,03,inf_parietal,207,45,0.013185555321122167
263,03,inf_parietal,207,99,-0.005176433239474598
264,03,inf_parietal,45,153,0.004828453124294812
265,03,inf_parietal,45,207,0.01871113395873902
266,03,inf_parietal,45,45,0.0057611433674410965
267,03,inf_parietal,45,99,-0.011748932603279144
268,03,inf_parietal,99,153,0.00010270572302016503
269,03,inf_parietal,99,207,0.02274165242023224
270,03,inf_parietal,99,45,0.008449653225005618
271,03,inf_parietal,99,99,0.008005287258256971
272,03,v5,153,153,-0.0348884732541575
273,03,v5,153,207,0.022816284004491535
274,03,v5,153,45,-0.015191950742290374
275,03,v5,153,99,0.01432654316498683
276,03,v5,207,153,0.00602506904996186
277,03,v5,207,207,-0.015808285984959192
278,03,v5,207,45,0.038039709376687256
279,03,v5,207,99,0.00034881564549622953
280,03,v5,45,153,0.06032191492516123
281,03,v5,45,207,-0.01885704612737848
282,03,v5,45,45,0.02534864311967792
283,03,v5,45,99,0.017858145034927022
284,03,v5,99,153,0.006495611015092861
285,03,v5,99,207,0.014538722139035606
286,03,v5,99,45,0.06806506132522389
287,03,v5,99,99,-0.008586770855019604
288,04,premotor,153,153,0.017520935091046415
289,04,premotor,153,207,0.03365372875851836
290,04,premotor,153,45,0.031196173253810487
291,04,premotor,153,99,0.03908182008610526
292,04,premotor,207,153,0.01819541610485427
293,04,premotor,207,207,0.02916044799296319
294,04,premotor,207,45,0.03358376259959639
295,04,premotor,207,99,0.02871351267294877
296,04,premotor,45,153,0.01984021434972031
297,04,premotor,45,207,0.029784856508912064
298,04,premotor,45,45,0.03141126251896437
299,04,premotor,45,99,0.024765056774406723
300,04,premotor,99,153,0.02625773324268687
301,04,premotor,99,207,0.029198186062957276
302,04,premotor,99,45,0.026365936658906977
303,04,premotor,99,99,0.01146240271452299
304,04,motor,153,153,-0.00016299642040380063
305,04,motor,153,207,0.0306452707910073
306,04,motor,153,45,0.01587905107743982
307,04,motor,153,99,0.036459016380647816
308,04,motor,207,153,0.019131811830605784
309,04,motor,207,207,-0.0037529926043070603
310,04,motor,207,45,0.01971807755761621
311,04,motor,207,99,-0.007285400233168472
312,04,motor,45,153,-0.0035689771248800595
313,04,motor,45,207,0.024798858054235384
314,04,motor,45,45,0.013763286577049286
315,04,motor,45,99,0.0157436543198009
316,04,motor,99,153,0.04163311126408273
317,04,motor,99,207,0.010636129586858336
318,04,motor,99,45,0.022669432554741253
319,04,motor,99,99,0.03218502881176012
320,04,v1,153,153,0.31821461565704584
321,04,v1,153,207,0.24412507461700592
322,04,v1,153,45,0.11357358424405199
323,04,v1,153,99,0.19421663957614752
324,04,v1,207,153,0.13183635556708423
325,04,v1,207,207,0.2460612005499896
326,04,v1,207,45,0.08202752905613499
327,04,v1,207,99,0.0819465135956134
328,04,v1,45,153,0.07780375577052695
329,04,v1,45,207,0.11285566268977501
330,04,v1,45,45,0.20004215212310894
331,04,v1,45,99,0.09474668144920316
332,04,v1,99,153,0.15241601869481053
333,04,v1,99,207,0.12702112489024425
334,04,v1,99,45,0.09639696372650709
335,04,v1,99,99,0.2238234577735219
336,04,sup_parietal,153,153,0.11601531602946358
337,04,sup_parietal,153,207,0.1110787815212757
338,04,sup_parietal,153,45,0.14154930314714428
339,04,sup_parietal,153,99,0.08453548746813802
340,04,sup_parietal,207,153,0.08043397901506733
341,04,sup_parietal,207,207,0.22614829849006865
342,04,sup_parietal,207,45,0.10122465975465007
343,04,sup_parietal,207,99,0.1393875082064656
344,04,sup_parietal,45,153,0.08097255033062722
345,04,sup_parietal,45,207,0.08047167792360387
346,04,sup_parietal,45,45,0.11432609282211241
347,04,sup_parietal,45,99,0.10421792045979208
348,04,sup_parietal,99,153,0.08527569885984143
349,04,sup_parietal,99,207,0.1427501364141229
350,04,sup_parietal,99,45,0.07875122472479182
351,04,sup_parietal,99,99,0.11729470078878923
352,04,inf_parietal,153,153,0.05523679777634053
353,04,inf_parietal,153,207,0.026530067693258875
354,04,inf_parietal,153,45,0.03689588858573163
355,04,inf_parietal,153,99,0.04845846441348254
356,04,inf_parietal,207,153,0.03292359781518972
357,04,inf_parietal,207,207,0.014983463967269413
358,04,inf_parietal,207,45,0.006476067833851296
359,04,inf_parietal,207,99,-0.00490781128885035
360,04,inf_parietal,45,153,0.022123622224404806
361,04,inf_parietal,45,207,0.02843811609157485
362,04,inf_parietal,45,45,0.03935598923632581
363,04,inf_parietal,45,99,0.039564174473100934
364,04,inf_parietal,99,153,0.027110867778492146
365,04,inf_parietal,99,207,-0.003675426444269131
366,04,inf_parietal,99,45,0.021838058909236003
367,04,inf_parietal,99,99,0.04130819108177677
368,04,v5,153,153,0.13707589786996258
369,04,v5,153,207,0.01406149761900419
370,04,v5,153,45,0.06217648646966244
371,04,v5,153,99,0.06652475003979082
372,04,v5,207,153,-0.012279364237716084
373,04,v5,207,207,0.07855402981375843
374,04,v5,207,45,0.001068980573417836
375,04,v5,207,99,0.015764181438158026
376,04,v5,45,153,0.052107264788674335
377,04,v5,45,207,0.006195075970131409
378,04,v5,45,45,0.11666498557690799
379,04,v5,45,99,0.0004606910047645317
380,04,v5,99,153,0.0934419284112333
381,04,v5,99,207,0.03839874775869722
382,04,v5,99,45,0.021568214163208494
383,04,v5,99,99,0.032687187130614546
384,05,premotor,153,153,0.008782002151370233
385,05,premotor,153,207,0.010905526963013393
386,05,premotor,153,45,0.014393724729399003
387,05,premotor,153,99,0.0006560517599347338
388,05,premotor,207,153,0.006551743639756155
389,05,premotor,207,207,0.000696861386252194
390,05,premotor,207,45,0.014942571656629572
391,05,premotor,207,99,0.013454900785511406
392,05,premotor,45,153,0.03949343394357549
393,05,premotor,45,207,0.00909341606722449
394,05,premotor,45,45,0.029343958133131114
395,05,premotor,45,99,0.010192295154315892
396,05,premotor,99,153,0.029903056209955578
397,05,premotor,99,207,0.022152202477155623
398,05,premotor,99,45,0.017221620789063537
399,05,premotor,99,99,0.014663216169104874
400,05,motor,153,153,0.025194164219622516
401,05,motor,153,207,0.025756296699386474
402,05,motor,153,45,0.008039749236040667
403,05,motor,153,99,0.05129985388350477
404,05,motor,207,153,0.007064103774854763
405,05,motor,207,207,0.013934431137694091
406,05,motor,207,45,-0.008248879502683737
407,05,motor,207,99,0.00873644139438581
408,05,motor,45,153,0.0028880928923206897
409,05,motor,45,207,0.005471031913496694
410,05,motor,45,45,0.005539969493979468
411,05,motor,45,99,-0.0031192871141867986
412,05,motor,99,153,0.030655131726203714
413,05,motor,99,207,-0.0014328363683603468
414,05,motor,99,45,0.008616020613943542
415,05,motor,99,99,0.03055728267649624
416,05,v1,153,153,0.09342358195985731
417,05,v1,153,207,0.10811839958796154
418,05,v1,153,45,0.0428560931470483
419,05,v1,153,99,0.07925718636966382
420,05,v1,207,153,0.0410586524605237
421,05,v1,207,207,0.0641525061115358
422,05,v1,207,45,0.04767498829629946
423,05,v1,207,99,0.03512635845438637
424,05,v1,45,153,0.11244100532299801
425,05,v1,45,207,0.11026460021319476
426,05,v1,45,45,0.1258212717007423
427,05,v1,45,99,0.06474347317483668
428,05,v1,99,153,0.10512992049365757
429,05,v1,99,207,0.09251328058356492
430,05,v1,99,45,0.0652977864942477
431,05,v1,99,99,0.10717493390442824
432,05,sup_parietal,153,153,0.12301108348020655
433,05,sup_parietal,153,207,0.1746440910781175
434,05,sup_parietal,153,45,0.22147326693635186
435,05,sup_parietal,153,99,0.11434236355186796
436,05,sup_parietal,207,153,0.13882090530641336
437,05,sup_parietal,207,207,0.17715394022737108
438,05,sup_parietal,207,45,0.13976549047919745
439,05,sup_parietal,207,99,0.08904116514773494
440,05,sup_parietal,45,153,0.16306804945658163
441,05,sup_parietal,45,207,0.17067634869664583
442,05,sup_parietal,45,45,0.15620504444255232
443,05,sup_parietal,45,99,0.14676333160072924
444,05,sup_parietal,99,153,0.15890729972600504
445,05,sup_parietal,99,207,0.14880446578687764
446,05,sup_parietal,99,45,0.16126168899061324
447,05,sup_parietal,99,99,0.15318112399665118
448,05,inf_parietal,153,153,0.0009535182078089181
449,05,inf_parietal,153,207,0.014732640525684888
450,05,inf_parietal,153,45,-0.0010262267888827366
451,05,inf_parietal,153,99,0.024740576617490614
452,05,inf_parietal,207,153,-0.004877806881034871
453,05,inf_parietal,207,207,0.0034254306874578807
454,05,inf_parietal,207,45,0.011009109616701665
455,05,inf_parietal,207,99,0.005671275770447616
456,05,inf_parietal,45,153,0.008815230888588065
457,05,inf_parietal,45,207,0.019692503990925495
458,05,inf_parietal,45,45,0.005763475161893333
459,05,inf_parietal,45,99,0.016150974173886463
460,05,inf_parietal,99,153,0.023700980826884047
461,05,inf_parietal,99,207,0.04215404180418971
462,05,inf_parietal,99,45,0.05173074521147711
463,05,inf_parietal,99,99,0.011455594824442927
464,05,v5,153,153,0.02005303832896779
465,05,v5,153,207,0.03110406407642276
466,05,v5,153,45,0.08590708757414729
467,05,v5,153,99,0.015357268243985712
468,05,v5,207,153,0.007442464157017169
469,05,v5,207,207,0.09121268186128219
470,05,v5,207,45,0.030388068938988967
471,05,v5,207,99,-0.03517999916811083
472,05,v5,45,153,0.009558554572536685
473,05,v5,45,207,0.057212917328596895
474,05,v5,45,45,0.15563844170008004
475,05,v5,45,99,0.004526508530346319
476,05,v5,99,153,0.0009695627229311368
477,05,v5,99,207,0.0048809816518486145
478,05,v5,99,45,0.062062249060856015
479,05,v5,99,99,-0.0001825083263240709
480,06,premotor,153,153,0.02459542301300531
481,06,premotor,153,207,0.026140309975721865
482,06,premotor,153,45,0.024428848012625036
483,06,premotor,153,99,0.02674448874713826
484,06,premotor,207,153,0.032224966261199986
485,06,premotor,207,207,0.038317135738902205
486,06,premotor,207,45,0.027493512610345387
487,06,premotor,207,99,0.04595921473853337
488,06,premotor,45,153,0.025649913257159082
489,06,premotor,45,207,0.029231630532125505
490,06,premotor,45,45,0.005330169139093204
491,06,premotor,45,99,0.03057566533141886
492,06,premotor,99,153,0.008472523140989124
493,06,premotor,99,207,0.0159098512739979
494,06,premotor,99,45,0.019239985849976982
495,06,premotor,99,99,0.03476810770590927
496,06,motor,153,153,0.033845244894166196
497,06,motor,153,207,0.001008231159844711
498,06,motor,153,45,0.01839248310581388
499,06,motor,153,99,-0.010027433619544054
500,06,motor,207,153,0.021285580841017816
501,06,motor,207,207,0.01916508790630185
502,06,motor,207,45,0.00876477118542288
503,06,motor,207,99,0.02970843379638283
504,06,motor,45,153,0.01670762286650541
505,06,motor,45,207,0.0284058798753717
506,06,motor,45,45,-0.0020535924149952985
507,06,motor,45,99,0.01190500466080053
508,06,motor,99,153,0.002124132653086469
509,06,motor,99,207,0.006683823328862457
510,06,motor,99,45,0.004218407368340739
511,06,motor,99,99,0.040349179130762414
512,06,v1,153,153,0.2325750042280835
513,06,v1,153,207,0.1186192140102325
514,06,v1,153,45,0.0890074940428598
515,06,v1,153,99,0.06339237194142362
516,06,v1,207,153,0.10942069703133993
517,06,v1,207,207,0.1737472723248001
518,06,v1,207,45,0.058052531183277765
519,06,v1,207,99,0.07130167160108208
520,06,v1,45,153,0.08997507167557563
521,06,v1,45,207,0.07901097202099679
522,06,v1,45,45,0.22354204993810387
523,06,v1,45,99,0.09051427509543841
524,06,v1,99,153,0.056622250598434586
525,06,v1,99,207,0.03164612839753558
526,06,v1,99,45,0.07350510080273441
527,06,v1,99,99,0.13352257959022934
528,06,sup_parietal,153,153,0.08676967558932189
529,06,sup_parietal,153,207,0.08535728024887257
530,06,sup_parietal,153,45,0.12485607845560022
531,06,sup_parietal,153,99,0.10807371217159262
532,06,sup_parietal,207,153,0.06475852778094937
533,06,sup_parietal,207,207,0.11480662944296906
534,06,sup_parietal,207,45,0.1044301591380708
535,06,sup_parietal,207,99,0.10857067622291124
536,06,sup_parietal,45,153,0.07803263032164448
537,06,sup_parietal,45,207,0.07069209424219146
538,06,sup_parietal,45,45,0.10288909003934821
539,06,sup_parietal,45,99,0.057381124450452896
540,06,sup_parietal,99,153,0.10119690581173853
541,06,sup_parietal,99,207,0.08793040811948015
542,06,sup_parietal,99,45,0.1424158936590814
543,06,sup_parietal,99,99,0.1133687905624296
544,06,inf_parietal,153,153,0.016510186365756064
545,06,inf_parietal,153,207,0.02109603786471791
546,06,inf_parietal,153,45,0.05571474105684371
547,06,inf_parietal,153,99,0.015293641672660814
548,06,inf_parietal,207,153,0.01945333723528886
549,06,inf_parietal,207,207,0.02954594561041497
550,06,inf_parietal,207,45,0.014153722247138727
551,06,inf_parietal,207,99,0.025481790683363436
552,06,inf_parietal,45,153,-0.011160107078555683
553,06,inf_parietal,45,207,0.007100895866870345
554,06,inf_parietal,45,45,-0.010732100406068881
555,06,inf_parietal,45,99,0.03528553862399744
556,06,inf_parietal,99,153,0.0022146095569409415
557,06,inf_parietal,99,207,0.020359502354895757
558,06,inf_parietal,99,45,0.020887577906985495
559,06,inf_parietal,99,99,0.021809069017252172
560,06,v5,153,153,0.04802782737442518
561,06,v5,153,207,0.06758087027367962
562,06,v5,153,45,0.07874809947060864
563,06,v5,153,99,0.020456585989254282
564,06,v5,207,153,-0.008529028941148483
565,06,v5,207,207,0.006345435047776933
566,06,v5,207,45,0.07953367378061399
567,06,v5,207,99,-0.0012213634759659835
568,06,v5,45,153,0.07096094282727092
569,06,v5,45,207,0.03813539238614978
570,06,v5,45,45,-0.0059816019584631
571,06,v5,45,99,0.00432243319695148
572,06,v5,99,153,-0.01358917938231213
573,06,v5,99,207,0.08453052919827336
574,06,v5,99,45,-0.0021020320733390833
575,06,v5,99,99,-0.013030760819658734
576,07,premotor,153,153,0.043978229340120384
577,07,premotor,153,207,0.04325205584272429
578,07,premotor,153,45,0.038743178056660374
579,07,premotor,153,99,0.04320980450792723
580,07,premotor,207,153,0.04348351995313565
581,07,premotor,207,207,0.04069785226601763
582,07,premotor,207,45,0.04015804714898488
583,07,premotor,207,99,0.0362689392158944
584,07,premotor,45,153,0.036366114744190735
585,07,premotor,45,207,0.03431956819143077
586,07,premotor,45,45,0.035548237168449265
587,07,premotor,45,99,0.03683561918338381
588,07,premotor,99,153,0.04085993283574777
589,07,premotor,99,207,0.04600658212010313
590,07,premotor,99,45,0.055041532572700703
591,07,premotor,99,99,0.036525932269795836
592,07,motor,153,153,0.03568174972512876
593,07,motor,153,207,0.028738932903086763
594,07,motor,153,45,0.03568074006208825
595,07,motor,153,99,0.024159948774491943
596,07,motor,207,153,0.043470885117512154
597,07,motor,207,207,0.044844361280987
598,07,motor,207,45,0.06054663787554067
599,07,motor,207,99,0.02526423435697678
600,07,motor,45,153,0.06562936889011795
601,07,motor,45,207,0.03423581103587866
602,07,motor,45,45,0.00804950520547677
603,07,motor,45,99,0.017402893400548777
604,07,motor,99,153,0.008431649964162369
605,07,motor,99,207,0.008907559167842298
606,07,motor,99,45,0.04358963874366017
607,07,motor,99,99,0.033843275407138794
608,07,v1,153,153,0.1956420684960635
609,07,v1,153,207,0.0923458465840673
610,07,v1,153,45,0.0875905565097922
611,07,v1,153,99,0.07859410726897725
612,07,v1,207,153,0.10171686150836728
613,07,v1,207,207,0.1638001679928341
614,07,v1,207,45,0.0724132447186339
615,07,v1,207,99,0.04057790740465271
616,07,v1,45,153,0.07882133113514928
617,07,v1,45,207,0.07755256392456952
618,07,v1,45,45,0.23793057365067838
619,07,v1,45,99,0.09885424751674257
620,07,v1,99,153,0.08115098020247381
621,07,v1,99,207,0.05861278327547112
622,07,v1,99,45,0.14856227027543573
623,07,v1,99,99,0.21911557447482616
624,07,sup_parietal,153,153,0.0797977129882051
625,07,sup_parietal,153,207,0.1120677127140145
626,07,sup_parietal,153,45,0.07407596301166612
627,07,sup_parietal,153,99,0.12304211422969527
628,07,sup_parietal,207,153,0.10582738829211139
629,07,sup_parietal,207,207,0.10917085060116413
630,07,sup_parietal,207,45,0.13941084098389273
631,07,sup_parietal,207,99,0.10078068686638827
632,07,sup_parietal,45,153,0.05864051919296251
633,07,sup_parietal,45,207,0.13638246362074496
634,07,sup_parietal,45,45,0.09943986296677822
635,07,sup_parietal,45,99,0.0737456826312427
636,07,sup_parietal,99,153,0.07545441295492461
637,07,sup_parietal,99,207,0.0834069652787322
638,07,sup_parietal,99,45,0.1192985472579158
639,07,sup_parietal,99,99,0.11348830368373311
640,07,inf_parietal,153,153,0.007555146550954156
641,07,inf_parietal,153,207,0.00784676812064472
642,07,inf_parietal,153,45,0.029414620476287047
643,07,inf_parietal,153,99,0.012575771645508983
644,07,inf_parietal,207,153,0.00951606500487197
645,07,inf_parietal,207,207,0.007588474131344255
646,07,inf_parietal,207,45,0.05870750816059064
647,07,inf_parietal,207,99,-0.0064083831475675425
648,07,inf_parietal,45,153,0.04696947155650055
649,07,inf_parietal,45,207,0.04626546266968671
650,07,inf_parietal,45,45,0.032754807534301045
651,07,inf_parietal,45,99,0.02358739991571456
652,07,inf_parietal,99,153,0.026143120675713453
653,07,inf_parietal,99,207,0.01806651935039253
654,07,inf_parietal,99,45,0.033699685880893046
655,07,inf_parietal,99,99,0.044666572254850406
656,07,v5,153,153,0.1324496060781571
657,07,v5,153,207,0.016568632008208233
658,07,v5,153,45,-0.040414797887357086
659,07,v5,153,99,0.004105035549787401
660,07,v5,207,153,0.007030887785666707
661,07,v5,207,207,0.03260428065843302
662,07,v5,207,45,0.11766182621313136
663,07,v5,207,99,0.0657149194839221
664,07,v5,45,153,-0.026757758950081773
665,07,v5,45,207,0.004487528373306694
666,07,v5,45,45,0.027599505349943605
667,07,v5,45,99,0.046613044223287575
668,07,v5,99,153,0.006240774183780506
669,07,v5,99,207,0.04359223555260333
670,07,v5,99,45,0.048578749065275234
671,07,v5,99,99,-0.026827902794659967
672,08,premotor,153,153,0.027207336646992104
673,08,premotor,153,207,0.03391471222452489
674,08,premotor,153,45,0.04658362483430867
675,08,premotor,153,99,0.028419736674121832
676,08,premotor,207,153,0.01866646290862277
677,08,premotor,207,207,0.006368202341775295
678,08,premotor,207,45,0.031366587323385355
679,08,premotor,207,99,0.013746093819488603
680,08,premotor,45,153,0.04437666144824701
681,08,premotor,45,207,0.047800608483995935
682,08,premotor,45,45,0.01065087629330287
683,08,premotor,45,99,0.03233453585504043
684,08,premotor,99,153,0.021112768901113573
685,08,premotor,99,207,0.022422621363384715
686,08,premotor,99,45,0.028693441425394855
687,08,premotor,99,99,0.01733780474569829
688,08,motor,153,153,-0.01433550832159847
689,08,motor,153,207,0.027902565792776383
690,08,motor,153,45,0.01769765233047721
691,08,motor,153,99,0.012572925375972762
692,08,motor,207,153,-0.0021037023480350524
693,08,motor,207,207,0.056353027063837775
694,08,motor,207,45,0.01820430886406342
695,08,motor,207,99,0.021193005965484037
696,08,motor,45,153,0.025560659083233985
697,08,motor,45,207,0.02982455771864816
698,08,motor,45,45,0.06645085542075864
699,08,motor,45,99,0.018845435820139336
700,08,motor,99,153,-0.007577016473258924
701,08,motor,99,207,0.010510593868223356
702,08,motor,99,45,0.032347700588983765
703,08,motor,99,99,0.00882715391183554
704,08,v1,153,153,0.2864903956500711
705,08,v1,153,207,0.21541406275540803
706,08,v1,153,45,0.23989112622778763
707,08,v1,153,99,0.14818296657617047
708,08,v1,207,153,0.18881427920690783
709,08,v1,207,207,0.307136049994351
710,08,v1,207,45,0.19437091732179262
711,08,v1,207,99,0.16143213012555066
712,08,v1,45,153,0.16184047629281134
713,08,v1,45,207,0.20876452099241538
714,08,v1,45,45,0.26118590454240587
715,08,v1,45,99,0.12847317161839422
716,08,v1,99,153,0.18915889487768633
717,08,v1,99,207,0.16847750839771874
718,08,v1,99,45,0.18354907458663383
719,08,v1,99,99,0.23412233042439873
720,08,sup_parietal,153,153,0.10037450295429118
721,08,sup_parietal,153,207,0.11029231697379241
722,08,sup_parietal,153,45,0.10124483146469376
723,08,sup_parietal,153,99,0.07278595531261979
724,08,sup_parietal,207,153,0.1258185973577938
725,08,sup_parietal,207,207,0.1474147387769772
726,08,sup_parietal,207,45,0.144255745161974
727,08,sup_parietal,207,99,0.08171605118661678
728,08,sup_parietal,45,153,0.10587251411323015
729,08,sup_parietal,45,207,0.1188486483011417
730,08,sup_parietal,45,45,0.0669009476415618
731,08,sup_parietal,45,99,0.07862649672267442
732,08,sup_parietal,99,153,0.06864682209430009
733,08,sup_parietal,99,207,0.08081721050940742
734,08,sup_parietal,99,45,0.07626038511899615
735,08,sup_parietal,99,99,0.062029487637629374
736,08,inf_parietal,153,153,0.001873118850794154
737,08,inf_parietal,153,207,0.027793998671600456
738,08,inf_parietal,153,45,0.021364680440659523
739,08,inf_parietal,153,99,-0.00971687151542806
740,08,inf_parietal,207,153,0.02813570437104955
741,08,inf_parietal,207,207,0.018842967622619843
742,08,inf_parietal,207,45,0.01510082925239496
743,08,inf_parietal,207,99,0.02659910242855068
744,08,inf_parietal,45,153,0.01213898326066468
745,08,inf_parietal,45,207,0.010094489834505253
746,08,inf_parietal,45,45,0.0004823226690625832
747,08,inf_parietal,45,99,0.012546127286026904
748,08,inf_parietal,99,153,0.030809399897414536
749,08,inf_parietal,99,207,0.0264999022937238
750,08,inf_parietal,99,45,0.04174377032095461
751,08,inf_parietal,99,99,-0.017620204118316427
752,08,v5,153,153,0.1007177016116541
753,08,v5,153,207,0.05075231080315162
754,08,v5,153,45,0.010530368692488752
755,08,v5,153,99,-0.0035168124432684348
756,08,v5,207,153,-0.03584257212461057
757,08,v5,207,207,0.022502491506515995
758,08,v5,207,45,0.0033445299039630057
759,08,v5,207,99,-0.029984498631524668
760,08,v5,45,153,0.022651610544045648
761,08,v5,45,207,0.02034016311763414
762,08,v5,45,45,0.05415258887056952
763,08,v5,45,99,0.040496491846208356
764,08,v5,99,153,0.03979925409669278
765,08,v5,99,207,0.007722355654652674
766,08,v5,99,45,0.0042095973897223245
767,08,v5,99,99,0.010044478075614604
768,09,premotor,153,153,0.02463893337486485
769,09,premotor,153,207,0.020323138079092744
770,09,premotor,153,45,0.022194619952521484
771,09,premotor,153,99,0.028008123767392284
772,09,premotor,207,153,0.017299405936052364
773,09,premotor,207,207,0.0020995405532004876
774,09,premotor,207,45,-0.00027591622287491033
775,09,premotor,207,99,0.005833911134101829
776,09,premotor,45,153,0.008921045924019459
777,09,premotor,45,207,0.01478166689514099
778,09,premotor,45,45,0.015837750254090177
779,09,premotor,45,99,0.014934795897719878
780,09,premotor,99,153,0.015973297693279657
781,09,premotor,99,207,0.013647208030871895
782,09,premotor,99,45,0.012162005321759699
783,09,premotor,99,99,0.022213364412442538
784,09,motor,153,153,0.03362041014053395
785,09,motor,153,207,-0.006353881055236471
786,09,motor,153,45,-0.009851210928020923
787,09,motor,153,99,0.009666661528048416
788,09,motor,207,153,0.028438426100412622
789,09,motor,207,207,0.04258806982756952
790,09,motor,207,45,-0.007028941229883491
791,09,motor,207,99,0.01720233453826536
792,09,motor,45,153,0.018129924402060394
793,09,motor,45,207,0.008014875798418917
794,09,motor,45,45,0.008641798419166636
795,09,motor,45,99,0.016595404097738266
796,09,motor,99,153,0.013463296296384422
797,09,motor,99,207,0.000599649425296442
798,09,motor,99,45,0.022997728530903528
799,09,motor,99,99,0.002674663416828401
800,09,v1,153,153,0.2703569610691969
801,09,v1,153,207,0.15728569022113076
802,09,v1,153,45,0.10581698788953195
803,09,v1,153,99,0.12803312453857987
804,09,v1,207,153,0.14350355608132823
805,09,v1,207,207,0.15304915640993427
806,09,v1,207,45,0.09918623487852374
807,09,v1,207,99,0.07238025273770739
808,09,v1,45,153,0.12030939151848466
809,09,v1,45,207,0.17312006326979051
810,09,v1,45,45,0.1465293825570561
811,09,v1,45,99,0.10211511665404614
812,09,v1,99,153,0.14211174452049158
813,09,v1,99,207,0.07311022992493864
814,09,v1,99,45,0.10945970854351647
815,09,v1,99,99,0.14606183411101212
816,09,sup_parietal,153,153,0.06641893481350511
817,09,sup_parietal,153,207,0.04159844063329735
818,09,sup_parietal,153,45,0.07245306076880255
819,09,sup_parietal,153,99,0.09205472241536136
820,09,sup_parietal,207,153,0.08286027175013787
821,09,sup_parietal,207,207,0.09267463417646693
822,09,sup_parietal,207,45,0.05737966127523614
823,09,sup_parietal,207,99,0.08963139483146187
824,09,sup_parietal,45,153,0.07807870928789618
825,09,sup_parietal,45,207,0.08066141429737247
826,09,sup_parietal,45,45,0.12337165856517135
827,09,sup_parietal,45,99,0.08351697989999729
828,09,sup_parietal,99,153,0.06740478886169889
829,09,sup_parietal,99,207,0.06155845908039297
830,09,sup_parietal,99,45,0.03922157771109352
831,09,sup_parietal,99,99,0.09717290228915548
832,09,inf_parietal,153,153,2.0178789808322404e-05
833,09,inf_parietal,153,207,0.027503211192851776
834,09,inf_parietal,153,45,-0.00553917311342064
835,09,inf_parietal,153,99,0.022962946466789768
836,09,inf_parietal,207,153,0.013013981840094987
837,09,inf_parietal,207,207,0.04434427868661634
838,09,inf_parietal,207,45,0.013830456438721874
839,09,inf_parietal,207,99,-0.00011278457682460294
840,09,inf_parietal,45,153,0.039517121698431815
841,09,inf_parietal,45,207,0.044741776091861155
842,09,inf_parietal,45,45,0.02121073599652826
843,09,inf_parietal,45,99,0.028669813418983114
844,09,inf_parietal,99,153,-0.0024068208501748685
845,09,inf_parietal,99,207,-0.00785382815710139
846,09,inf_parietal,99,45,-0.026423378327860705
847,09,inf_parietal,99,99,0.008164231358517397
848,09,v5,153,153,0.022803061408116106
849,09,v5,153,207,0.03899793796326898
850,09,v5,153,45,0.030499659366992986
851,09,v5,153,99,-0.01138260488618779
852,09,v5,207,153,0.052128176745674354
853,09,v5,207,207,-0.0014139316952372465
854,09,v5,207,45,0.03641992369009025
855,09,v5,207,99,-0.014003269836592037
856,09,v5,45,153,0.05180915283881274
857,09,v5,45,207,0.06931420352405274
858,09,v5,45,45,0.029890835486952823
859,09,v5,45,99,0.004756814831001055
860,09,v5,99,153,0.022766314474425352
861,09,v5,99,207,0.028208548655398638
862,09,v5,99,45,0.08154637765691036
863,09,v5,99,99,0.03915328355673964
864,11,premotor,153,153,0.025026554220534437
865,11,premotor,153,207,0.025317150130924088
866,11,premotor,153,45,0.02366532265200056
867,11,premotor,153,99,0.014844326986356763
868,11,premotor,207,153,0.02528736331034715
869,11,premotor,207,207,0.007360277858882309
870,11,premotor,207,45,0.012985912384876326
871,11,premotor,207,99,0.015445792878617722
872,11,premotor,45,153,0.022601989404910164
873,11,premotor,45,207,0.021650423517946264
874,11,premotor,45,45,0.008924773345067645
875,11,premotor,45,99,0.018933981241654456
876,11,premotor,99,153,0.023657808386701527
877,11,premotor,99,207,0.01897020637071861
878,11,premotor,99,45,0.0071092605561269085
879,11,premotor,99,99,0.029697802752133403
880,11,motor,153,153,0.009292677241631464
881,11,motor,153,207,0.03387331189533083
882,11,motor,153,45,0.012350518295541044
883,11,motor,153,99,0.02829796867240629
884,11,motor,207,153,-0.023321571281629386
885,11,motor,207,207,0.02117014201316536
886,11,motor,207,45,-0.0013107896300770783
887,11,motor,207,99,0.004453362088497972
888,11,motor,45,153,0.035747401884290736
889,11,motor,45,207,0.02770162341598857
890,11,motor,45,45,0.03020635568068954
891,11,motor,45,99,0.05866668648155079
892,11,motor,99,153,0.01579541097128124
893,11,motor,99,207,0.005912095784674899
894,11,motor,99,45,-0.021067103404094976
895,11,motor,99,99,0.004827871119917355
896,11,v1,153,153,0.18034360533312005
897,11,v1,153,207,0.12104551101569952
898,11,v1,153,45,0.04428534575317028
899,11,v1,153,99,0.08569406283325415
900,11,v1,207,153,0.0857628236678244
901,11,v1,207,207,0.21710847630467775
902,11,v1,207,45,0.024394437716433195
903,11,v1,207,99,0.04607033019125237
904,11,v1,45,153,0.08933236940413627
905,11,v1,45,207,0.046729609116071505
906,11,v1,45,45,0.13735938717416463
907,11,v1,45,99,0.07865699856488118
908,11,v1,99,153,0.08749645278219823
909,11,v1,99,207,0.03939167224158918
910,11,v1,99,45,0.05635036336138845
911,11,v1,99,99,0.14932202986724535
912,11,sup_parietal,153,153,0.08605700915782086
913,11,sup_parietal,153,207,0.07040842850621283
914,11,sup_parietal,153,45,0.08988857785602548
915,11,sup_parietal,153,99,0.054903089678203044
916,11,sup_parietal,207,153,0.06411083957615277
917,11,sup_parietal,207,207,0.12356314852053307
918,11,sup_parietal,207,45,0.11579383151907868
919,11,sup_parietal,207,99,0.09000904200498623
920,11,sup_parietal,45,153,0.031095809324025687
921,11,sup_parietal,45,207,0.07447098546497266
922,11,sup_parietal,45,45,0.028052399010479612
923,11,sup_parietal,45,99,0.051270791475356056
924,11,sup_parietal,99,153,0.09932419631866407
925,11,sup_parietal,99,207,0.0746067631372046
926,11,sup_parietal,99,45,0.0788881810029479
927,11,sup_parietal,99,99,0.03666343590836501
928,11,inf_parietal,153,153,0.026474583952994745
929,11,inf_parietal,153,207,0.001675359108822738
930,11,inf_parietal,153,45,0.019896921333870072
931,11,inf_parietal,153,99,0.03272459482392589
932,11,inf_parietal,207,153,0.011526884365671366
933,11,inf_parietal,207,207,0.020336755652093398
934,11,inf_parietal,207,45,0.021048554740599232
935,11,inf_parietal,207,99,0.011475692222497825
936,11,inf_parietal,45,153,0.03282979890618039
937,11,inf_parietal,45,207,0.022715940118222686
938,11,inf_parietal,45,45,0.03280190193227712
939,11,inf_parietal,45,99,-0.018173666981421956
940,11,inf_parietal,99,153,0.03674882651115116
941,11,inf_parietal,99,207,0.03778775086351881
942,11,inf_parietal,99,45,0.02244929355933417
943,11,inf_parietal,99,99,0.0485101414476575
944,11,v5,153,153,0.020601954844697182
945,11,v5,153,207,-0.015565598020028645
946,11,v5,153,45,-0.03275888519623679
947,11,v5,153,99,0.003919694903909265
948,11,v5,207,153,0.03486874810290707
949,11,v5,207,207,0.021073004954407018
950,11,v5,207,45,-0.016259192151362525
951,11,v5,207,99,-0.02528809939112294
952,11,v5,45,153,0.021733482371819546
953,11,v5,45,207,-0.023086474881917465
954,11,v5,45,45,0.018743770654762418
955,11,v5,45,99,0.013432222641678754
956,11,v5,99,153,0.0016673237318363576
957,11,v5,99,207,0.0179330945447677
958,11,v5,99,45,0.03128905519935225
959,11,v5,99,99,0.00407056504220644
960,12,premotor,153,153,0.052756441892261946
961,12,premotor,153,207,0.03341218028934196
962,12,premotor,153,45,0.02402937834919056
963,12,premotor,153,99,0.05762952726799608
964,12,premotor,207,153,0.037304454971206796
965,12,premotor,207,207,0.046828138128959564
966,12,premotor,207,45,0.027434571509360944
967,12,premotor,207,99,0.05109070577528806
968,12,premotor,45,153,0.04722971842240856
969,12,premotor,45,207,0.045133652048241456
970,12,premotor,45,45,0.03985982249479296
971,12,premotor,45,99,0.06288770899291797
972,12,premotor,99,153,0.058391701280843325
973,12,premotor,99,207,0.05246062138599314
974,12,premotor,99,45,0.04472916010477237
975,12,premotor,99,99,0.061316919741375306
976,12,motor,153,153,0.009645986273752617
977,12,motor,153,207,0.03797570156535395
978,12,motor,153,45,-0.0025184577964751185
979,12,motor,153,99,0.03309341833437584
980,12,motor,207,153,0.01563829490163181
981,12,motor,207,207,0.003228556009667277
982,12,motor,207,45,0.032276045525807456
983,12,motor,207,99,0.013522074389989862
984,12,motor,45,153,0.028075930589081942
985,12,motor,45,207,0.055182414960478994
986,12,motor,45,45,0.04147162886346325
987,12,motor,45,99,0.0316223875510857
988,12,motor,99,153,0.02512696845299555
989,12,motor,99,207,0.016579346734623485
990,12,motor,99,45,0.04680735445256083
991,12,motor,99,99,0.032083859723440016
992,12,v1,153,153,0.08228134409678668
993,12,v1,153,207,0.06627298827371458
994,12,v1,153,45,0.03464912294637593
995,12,v1,153,99,0.057514296574585226
996,12,v1,207,153,0.04976264127846389
997,12,v1,207,207,0.13271170704213497
998,12,v1,207,45,0.019899929224370935
999,12,v1,207,99,0.04064196666664269
1000,12,v1,45,153,0.028546296567164224
1001,12,v1,45,207,0.033640603864785644
1002,12,v1,45,45,0.22722380894234506
1003,12,v1,45,99,0.0526127101489479
1004,12,v1,99,153,0.045472216195336375
1005,12,v1,99,207,0.04845141804117996
1006,12,v1,99,45,0.048736292833716326
1007,12,v1,99,99,0.17216089443151
1008,12,sup_parietal,153,153,0.08748185383531998
1009,12,sup_parietal,153,207,0.1249322532508951
1010,12,sup_parietal,153,45,0.05868644097334656
1011,12,sup_parietal,153,99,0.09256475737492109
1012,12,sup_parietal,207,153,0.13433318356630755
1013,12,sup_parietal,207,207,0.09363240447957735
1014,12,sup_parietal,207,45,0.07043265667485801
1015,12,sup_parietal,207,99,0.06023292937872616
1016,12,sup_parietal,45,153,0.08259230028028752
1017,12,sup_parietal,45,207,0.10763256801210219
1018,12,sup_parietal,45,45,0.07728587659938278
1019,12,sup_parietal,45,99,0.09053607502027274
1020,12,sup_parietal,99,153,0.07227699815841664
1021,12,sup_parietal,99,207,0.09643082207428005
1022,12,sup_parietal,99,45,0.08415099405864003
1023,12,sup_parietal,99,99,0.052840555132126495
1024,12,inf_parietal,153,153,0.02474175260981871
1025,12,inf_parietal,153,207,0.05627832726487512
1026,12,inf_parietal,153,45,0.04392238831763123
1027,12,inf_parietal,153,99,0.01586847571647913
1028,12,inf_parietal,207,153,0.010305557659692021
1029,12,inf_parietal,207,207,0.06441123511411688
1030,12,inf_parietal,207,45,0.03502563613923588
1031,12,inf_parietal,207,99,0.025212114569358915
1032,12,inf_parietal,45,153,0.02245741290515617
1033,12,inf_parietal,45,207,0.040928176611167544
1034,12,inf_parietal,45,45,0.03417316325472186
1035,12,inf_parietal,45,99,0.053112947245889275
1036,12,inf_parietal,99,153,0.027631815706485176
1037,12,inf_parietal,99,207,0.04945514934201092
1038,12,inf_parietal,99,45,0.03602910922279094
1039,12,inf_parietal,99,99,0.01921173579834383
1040,12,v5,153,153,-0.030512518991438572
1041,12,v5,153,207,0.11854207734331428
1042,12,v5,153,45,0.07595436449237444
1043,12,v5,153,99,0.00537787894920534
1044,12,v5,207,153,-0.014461697689632841
1045,12,v5,207,207,0.045337001629159296
1046,12,v5,207,45,-0.00019593676575700768
1047,12,v5,207,99,0.04880423513717037
1048,12,v5,45,153,-0.024041083018673748
1049,12,v5,45,207,0.0016039725754266355
1050,12,v5,45,45,0.03349523447940074
1051,12,v5,45,99,0.022251628027816377
1052,12,v5,99,153,0.009914882949832983
1053,12,v5,99,207,-0.022671620870231897
1054,12,v5,99,45,0.08555000861320147
1055,12,v5,99,99,0.017946570088770278
1056,13,premotor,153,153,0.05247080323291262
1057,13,premotor,153,207,0.041472915300897445
1058,13,premotor,153,45,0.06123311594024637
1059,13,premotor,153,99,0.044765745505772565
1060,13,premotor,207,153,0.036942783084066094
1061,13,premotor,207,207,0.04432347792209606
1062,13,premotor,207,45,0.0317192039438045
1063,13,premotor,207,99,0.04577581219401313
1064,13,premotor,45,153,0.03758075474591074
1065,13,premotor,45,207,0.030824181216266063
1066,13,premotor,45,45,0.06242323252468703
1067,13,premotor,45,99,0.028760434960955553
1068,13,premotor,99,153,0.05334665209722907
1069,13,premotor,99,207,0.032436199250470595
1070,13,premotor,99,45,0.043902533070439564
1071,13,premotor,99,99,0.04085902809535083
1072,13,motor,153,153,0.008644724189300373
1073,13,motor,153,207,0.05241561634311093
1074,13,motor,153,45,0.009419191510190522
1075,13,motor,153,99,0.01672448256367665
1076,13,motor,207,153,0.040751254596273524
1077,13,motor,207,207,0.05871048341190051
1078,13,motor,207,45,0.0596835603394384
1079,13,motor,207,99,0.05369181868081926
1080,13,motor,45,153,0.005795899211379662
1081,13,motor,45,207,0.02133210776128746
1082,13,motor,45,45,0.029874209730483436
1083,13,motor,45,99,0.02736168648171047
1084,13,motor,99,153,-0.0012684483110198335
1085,13,motor,99,207,0.015479747088034453
1086,13,motor,99,45,0.03531591176154785
1087,13,motor,99,99,0.013163928586308521
1088,13,v1,153,153,0.13393332579132386
1089,13,v1,153,207,0.11344604092899688
1090,13,v1,153,45,0.10783514744537627
1091,13,v1,153,99,0.12769887549012393
1092,13,v1,207,153,0.07790388086918704
1093,13,v1,207,207,0.173709181286332
1094,13,v1,207,45,0.0784798220460436
1095,13,v1,207,99,0.07959597842199295
1096,13,v1,45,153,0.06638851196259464
1097,13,v1,45,207,0.09400310606297613
1098,13,v1,45,45,0.2104492642365669
1099,13,v1,45,99,0.11018731328217916
1100,13,v1,99,153,0.09873471883849241
1101,13,v1,99,207,0.13442234663375677
1102,13,v1,99,45,0.16351794211228424
1103,13,v1,99,99,0.20862129820376463
1104,13,sup_parietal,153,153,0.1626033801805474
1105,13,sup_parietal,153,207,0.1595015493872424
1106,13,sup_parietal,153,45,0.1289446725764056
1107,13,sup_parietal,153,99,0.15986851172862493
1108,13,sup_parietal,207,153,0.12873019125211355
1109,13,sup_parietal,207,207,0.12693633151878211
1110,13,sup_parietal,207,45,0.17201387052177658
1111,13,sup_parietal,207,99,0.14258411459726686
1112,13,sup_parietal,45,153,0.15705176451590838
1113,13,sup_parietal,45,207,0.13960780589452143
1114,13,sup_parietal,45,45,0.14597375111788663
1115,13,sup_parietal,45,99,0.16290480339998553
1116,13,sup_parietal,99,153,0.15341834289907252
1117,13,sup_parietal,99,207,0.1518313662670739
1118,13,sup_parietal,99,45,0.18074427327044118
1119,13,sup_parietal,99,99,0.154797284800924
1120,13,inf_parietal,153,153,0.024660675304097657
1121,13,inf_parietal,153,207,0.039923353021159916
1122,13,inf_parietal,153,45,0.027250561053183436
1123,13,inf_parietal,153,99,0.02514859507521839
1124,13,inf_parietal,207,153,0.02589346101415038
1125,13,inf_parietal,207,207,-0.005218612615600381
1126,13,inf_parietal,207,45,-0.007625613390357022
1127,13,inf_parietal,207,99,0.05386940747222164
1128,13,inf_parietal,45,153,0.015679976341158523
1129,13,inf_parietal,45,207,0.019401699405431187
1130,13,inf_parietal,45,45,0.00859226509114724
1131,13,inf_parietal,45,99,0.013104338436250784
1132,13,inf_parietal,99,153,0.02428645723388921
1133,13,inf_parietal,99,207,0.0014303076960114672
1134,13,inf_parietal,99,45,0.012173130191699053
1135,13,inf_parietal,99,99,0.013033688889605042
1136,13,v5,153,153,0.041246331079193975
1137,13,v5,153,207,0.04205781881583858
1138,13,v5,153,45,-0.025601603060595574
1139,13,v5,153,99,0.006663241649698022
1140,13,v5,207,153,-0.022062468254052257
1141,13,v5,207,207,0.025234582723980412
1142,13,v5,207,45,0.07294293826549621
1143,13,v5,207,99,-0.00622247890014784
1144,13,v5,45,153,0.031685508227026676
1145,13,v5,45,207,0.004839141821711262
1146,13,v5,45,45,0.06783026707855433
1147,13,v5,45,99,-0.02729306718657293
1148,13,v5,99,153,0.03184166911813937
1149,13,v5,99,207,0.04203757736718609
1150,13,v5,99,45,0.011767428524337705
1151,13,v5,99,99,0.06018578281846846
1152,14,premotor,153,153,0.04668390779060473
1153,14,premotor,153,207,0.04083963659974903
1154,14,premotor,153,45,0.04353389401100186
1155,14,premotor,153,99,0.04979026910017557
1156,14,premotor,207,153,0.04465489193232147
1157,14,premotor,207,207,0.04616509902630248
1158,14,premotor,207,45,0.034606076488301385
1159,14,premotor,207,99,0.036420584962713484
1160,14,premotor,45,153,0.054515808206894584
1161,14,premotor,45,207,0.043628176532514364
1162,14,premotor,45,45,0.04408393019754906
1163,14,premotor,45,99,0.03688030250199523
1164,14,premotor,99,153,0.04477640858460618
1165,14,premotor,99,207,0.037681785839554706
1166,14,premotor,99,45,0.046245860008643384
1167,14,premotor,99,99,0.05044953829474739
1168,14,motor,153,153,0.030274294486815012
1169,14,motor,153,207,0.03133327381982733
1170,14,motor,153,45,0.05271161735171517
1171,14,motor,153,99,-0.0037385157568024254
1172,14,motor,207,153,0.05926014811815125
1173,14,motor,207,207,0.07155999216262623
1174,14,motor,207,45,0.05643670779666379
1175,14,motor,207,99,0.046111227657905776
1176,14,motor,45,153,0.05541915960806652
1177,14,motor,45,207,0.023083015199194708
1178,14,motor,45,45,0.02861039373139862
1179,14,motor,45,99,0.04282943462162817
1180,14,motor,99,153,0.035736574987449005
1181,14,motor,99,207,0.007382069115364865
1182,14,motor,99,45,0.019004054716134738
1183,14,motor,99,99,0.028410453426066018
1184,14,v1,153,153,0.15937491309409735
1185,14,v1,153,207,0.11698737373919263
1186,14,v1,153,45,0.1137694817123979
1187,14,v1,153,99,0.11856419845584187
1188,14,v1,207,153,0.11419308351357599
1189,14,v1,207,207,0.15159159753277052
1190,14,v1,207,45,0.09936411674542264
1191,14,v1,207,99,0.07161150808026688
1192,14,v1,45,153,0.08794280104700641
1193,14,v1,45,207,0.1222319762262864
1194,14,v1,45,45,0.1978897793215431
1195,14,v1,45,99,0.08951843864868095
1196,14,v1,99,153,0.11951904724609089
1197,14,v1,99,207,0.13931865119525355
1198,14,v1,99,45,0.1297809106080779
1199,14,v1,99,99,0.15573969184271585
1200,14,sup_parietal,153,153,0.14100016998385706
1201,14,sup_parietal,153,207,0.10591486925595714
1202,14,sup_parietal,153,45,0.11240122578780493
1203,14,sup_parietal,153,99,0.1503026549073533
1204,14,sup_parietal,207,153,0.11419329565314609
1205,14,sup_parietal,207,207,0.1303606554728317
1206,14,sup_parietal,207,45,0.15797425467092438
1207,14,sup_parietal,207,99,0.15053095743253403
1208,14,sup_parietal,45,153,0.14321696153507463
1209,14,sup_parietal,45,207,0.1355999065936869
1210,14,sup_parietal,45,45,0.15622464947828382
1211,14,sup_parietal,45,99,0.14824581112705024
1212,14,sup_parietal,99,153,0.1473538318683903
1213,14,sup_parietal,99,207,0.1466415914919612
1214,14,sup_parietal,99,45,0.12746632293898555
1215,14,sup_parietal,99,99,0.09209084922895051
1216,14,inf_parietal,153,153,0.022664897185989304
1217,14,inf_parietal,153,207,0.005896834836234706
1218,14,inf_parietal,153,45,0.017986668707910852
1219,14,inf_parietal,153,99,0.005326147169311941
1220,14,inf_parietal,207,153,-0.00141996105327302
1221,14,inf_parietal,207,207,0.012804143948000425
1222,14,inf_parietal,207,45,0.017987865827467208
1223,14,inf_parietal,207,99,0.024412892391985856
1224,14,inf_parietal,45,153,0.015370821726733038
1225,14,inf_parietal,45,207,0.002753598045093103
1226,14,inf_parietal,45,45,0.004245724758201124
1227,14,inf_parietal,45,99,0.033360840447819375
1228,14,inf_parietal,99,153,0.009660354503101189
1229,14,inf_parietal,99,207,0.018251432860163286
1230,14,inf_parietal,99,45,0.027126361639799812
1231,14,inf_parietal,99,99,-0.0013698538920426328
1232,14,v5,153,153,0.04562298632693072
1233,14,v5,153,207,0.05117249120011976
1234,14,v5,153,45,0.031511288674926655
1235,14,v5,153,99,0.006950768080491409
1236,14,v5,207,153,0.04310075654979313
1237,14,v5,207,207,0.059618860089814645
1238,14,v5,207,45,-0.008359675536509618
1239,14,v5,207,99,0.004653315808440864
1240,14,v5,45,153,0.06252989956375048
1241,14,v5,45,207,0.03084332465007221
1242,14,v5,45,45,0.03793092473385868
1243,14,v5,45,99,0.05969150859343647
1244,14,v5,99,153,0.03879771508870413
1245,14,v5,99,207,0.07754322137372213
1246,14,v5,99,45,-0.030852542964975332
1247,14,v5,99,99,0.03421767060743902
1248,15,premotor,153,153,0.04773623562170642
1249,15,premotor,153,207,0.04709988020572544
1250,15,premotor,153,45,0.03187979572956246
1251,15,premotor,153,99,0.05120057526058707
1252,15,premotor,207,153,0.049852167648465305
1253,15,premotor,207,207,0.0484879705969918
1254,15,premotor,207,45,0.04645351992835543
1255,15,premotor,207,99,0.038019657607633636
1256,15,premotor,45,153,0.03382048722229459
1257,15,premotor,45,207,0.04602317317605205
1258,15,premotor,45,45,0.04772791793787663
1259,15,premotor,45,99,0.03782925718444645
1260,15,premotor,99,153,0.04445928764462681
1261,15,premotor,99,207,0.048321161183286485
1262,15,premotor,99,45,0.04612987491755289
1263,15,premotor,99,99,0.04787931087830724
1264,15,motor,153,153,0.021944362170670646
1265,15,motor,153,207,0.029192927562639324
1266,15,motor,153,45,0.01982368512620272
1267,15,motor,153,99,0.029777752191395297
1268,15,motor,207,153,0.04467804841193524
1269,15,motor,207,207,0.050932290215162795
1270,15,motor,207,45,0.015665823203661184
1271,15,motor,207,99,0.044625907075041264
1272,15,motor,45,153,0.02450218434564952
1273,15,motor,45,207,0.06501353427217169
1274,15,motor,45,45,0.013115421168976245
1275,15,motor,45,99,0.02746294320918635
1276,15,motor,99,153,0.04846285862273796
1277,15,motor,99,207,0.009999481751342725
1278,15,motor,99,45,-0.0037668828658261513
1279,15,motor,99,99,0.02276204045322733
1280,15,v1,153,153,0.04919009789431344
1281,15,v1,153,207,0.07286965258703644
1282,15,v1,153,45,0.08369435757459313
1283,15,v1,153,99,0.03508889642879537
1284,15,v1,207,153,0.02437630625650193
1285,15,v1,207,207,0.0872959040826322
1286,15,v1,207,45,0.02848827311599115
1287,15,v1,207,99,0.04034167935907418
1288,15,v1,45,153,0.053886962712230424
1289,15,v1,45,207,0.10322570877201694
1290,15,v1,45,45,0.15165066032895813
1291,15,v1,45,99,0.032094155153835464
1292,15,v1,99,153,0.047167266200919426
1293,15,v1,99,207,0.05974358526764094
1294,15,v1,99,45,0.05726482088655108
1295,15,v1,99,99,0.045298813848945164
1296,15,sup_parietal,153,153,0.11644034308409112
1297,15,sup_parietal,153,207,0.10917099659317016
1298,15,sup_parietal,153,45,0.15421381990284472
1299,15,sup_parietal,153,99,0.13435374143563944
1300,15,sup_parietal,207,153,0.0841123055666424
1301,15,sup_parietal,207,207,0.08579897347088432
1302,15,sup_parietal,207,45,0.0841395428755733
1303,15,sup_parietal,207,99,0.07117031369157945
1304,15,sup_parietal,45,153,0.1232041773205968
1305,15,sup_parietal,45,207,0.08063870714396576
1306,15,sup_parietal,45,45,0.09149015949891341
1307,15,sup_parietal,45,99,0.12987392942837978
1308,15,sup_parietal,99,153,0.12332716469943894
1309,15,sup_parietal,99,207,0.12371512055570058
1310,15,sup_parietal,99,45,0.11120778878395796
1311,15,sup_parietal,99,99,0.13420771153084385
1312,15,inf_parietal,153,153,0.019270794215309375
1313,15,inf_parietal,153,207,0.012241314282271536
1314,15,inf_parietal,153,45,0.001638033410446661
1315,15,inf_parietal,153,99,0.00199252713171791
1316,15,inf_parietal,207,153,0.024584995196956505
1317,15,inf_parietal,207,207,0.016876740870310696
1318,15,inf_parietal,207,45,-0.0046247178559578345
1319,15,inf_parietal,207,99,0.007930616401314192
1320,15,inf_parietal,45,153,0.007916517331446764
1321,15,inf_parietal,45,207,-0.0035873371319665136
1322,15,inf_parietal,45,45,0.009583630000268299
1323,15,inf_parietal,45,99,0.013435521684938983
1324,15,inf_parietal,99,153,0.005193490659409824
1325,15,inf_parietal,99,207,0.017903423524096893
1326,15,inf_parietal,99,45,0.015539434671504778
1327,15,inf_parietal,99,99,0.0014886357844374973
1328,15,v5,153,153,0.05227055991075257
1329,15,v5,153,207,0.02843461254447352
1330,15,v5,153,45,0.005470052232683397
1331,15,v5,153,99,-0.004336594015166855
1332,15,v5,207,153,-0.026607132884980813
1333,15,v5,207,207,0.018891323462605674
1334,15,v5,207,45,0.040941558230164335
1335,15,v5,207,99,0.029711506322358486
1336,15,v5,45,153,0.03455594536661749
1337,15,v5,45,207,0.008156867016041697
1338,15,v5,45,45,-0.003941024173094112
1339,15,v5,45,99,0.013982342642455731
1340,15,v5,99,153,-0.03487257206374347
1341,15,v5,99,207,-0.042760754611358656
1342,15,v5,99,45,0.054520756122026434
1343,15,v5,99,99,-0.0073745203302619765
1344,16,premotor,153,153,0.018210859072934415
1345,16,premotor,153,207,0.03592171855252426
1346,16,premotor,153,45,0.010088021023388804
1347,16,premotor,153,99,0.008105813898126295
1348,16,premotor,207,153,0.02792364393187039
1349,16,premotor,207,207,0.012905534950922963
1350,16,premotor,207,45,0.029100263901879073
1351,16,premotor,207,99,0.011229326013705907
1352,16,premotor,45,153,0.031889695469615974
1353,16,premotor,45,207,0.021089404851319816
1354,16,premotor,45,45,0.038771399471655164
1355,16,premotor,45,99,0.027569609537525373
1356,16,premotor,99,153,0.01574751630716452
1357,16,premotor,99,207,0.017857190834651183
1358,16,premotor,99,45,0.008661776981615063
1359,16,premotor,99,99,0.023252519692877983
1360,16,motor,153,153,0.013415151062694808
1361,16,motor,153,207,-0.020729708815480988
1362,16,motor,153,45,0.03802416042170294
1363,16,motor,153,99,0.02880851895382315
1364,16,motor,207,153,0.009568677332576455
1365,16,motor,207,207,0.023093911137288523
1366,16,motor,207,45,0.011169339534743472
1367,16,motor,207,99,0.022247886560059382
1368,16,motor,45,153,0.02955698858545526
1369,16,motor,45,207,0.003078004707835847
1370,16,motor,45,45,0.0058317166630488144
1371,16,motor,45,99,0.02216363381353876
1372,16,motor,99,153,0.006722916243683999
1373,16,motor,99,207,-0.005009824608788892
1374,16,motor,99,45,-0.007233654419401161
1375,16,motor,99,99,-0.01898728053783849
1376,16,v1,153,153,0.15254453967928813
1377,16,v1,153,207,0.04710222580577575
1378,16,v1,153,45,0.05039252962247913
1379,16,v1,153,99,0.08028408067780302
1380,16,v1,207,153,0.105100136511356
1381,16,v1,207,207,0.1470790902963642
1382,16,v1,207,45,0.06693876659252142
1383,16,v1,207,99,0.023041640419260268
1384,16,v1,45,153,0.05436749424357505
1385,16,v1,45,207,0.07353473508681344
1386,16,v1,45,45,0.2008943328378501
1387,16,v1,45,99,0.061844472019393235
1388,16,v1,99,153,0.04789520237899146
1389,16,v1,99,207,0.02575965308462828
1390,16,v1,99,45,0.036886574766189534
1391,16,v1,99,99,0.1545822473981097
1392,16,sup_parietal,153,153,0.06150865810402161
1393,16,sup_parietal,153,207,0.07199909715109683
1394,16,sup_parietal,153,45,0.05371295582286061
1395,16,sup_parietal,153,99,0.07356117385271752
1396,16,sup_parietal,207,153,0.09073366328196797
1397,16,sup_parietal,207,207,0.0253861123925059
1398,16,sup_parietal,207,45,0.09099990831803506
1399,16,sup_parietal,207,99,0.09792600652001897
1400,16,sup_parietal,45,153,0.07778547123632165
1401,16,sup_parietal,45,207,0.09127331597711398
1402,16,sup_parietal,45,45,0.08264064934491343
1403,16,sup_parietal,45,99,0.030253190499862418
1404,16,sup_parietal,99,153,0.06728300399950446
1405,16,sup_parietal,99,207,0.07021670041463281
1406,16,sup_parietal,99,45,0.04943599698866587
1407,16,sup_parietal,99,99,0.0721595691254265
1408,16,inf_parietal,153,153,0.04505703872772469
1409,16,inf_parietal,153,207,0.022567724144459664
1410,16,inf_parietal,153,45,-0.0021377030522694088
1411,16,inf_parietal,153,99,0.018751709686510878
1412,16,inf_parietal,207,153,0.03026113235054015
1413,16,inf_parietal,207,207,0.018111227141926853
1414,16,inf_parietal,207,45,0.013993930214220327
1415,16,inf_parietal,207,99,0.03483072017035337
1416,16,inf_parietal,45,153,0.04099038585191028
1417,16,inf_parietal,45,207,-0.009741795457270925
1418,16,inf_parietal,45,45,-0.0073164280456003376
1419,16,inf_parietal,45,99,0.04022866666033945
1420,16,inf_parietal,99,153,0.009548291510940837
1421,16,inf_parietal,99,207,0.005899473292042105
1422,16,inf_parietal,99,45,0.02411248973009735
1423,16,inf_parietal,99,99,0.03140778363191151
1424,16,v5,153,153,-0.00432471063436899
1425,16,v5,153,207,0.04487428120608013
1426,16,v5,153,45,-0.02726240122122374
1427,16,v5,153,99,-0.028596149855041386
1428,16,v5,207,153,0.008804275986077177
1429,16,v5,207,207,-0.013972036309293442
1430,16,v5,207,45,-0.06333392790254735
1431,16,v5,207,99,0.041831180883987976
1432,16,v5,45,153,0.022780471131701945
1433,16,v5,45,207,0.009359601096202801
1434,16,v5,45,45,0.02579717622870433
1435,16,v5,45,99,-0.0030048367811439
1436,16,v5,99,153,-0.040024983164151165
1437,16,v5,99,207,0.00917661167618637
1438,16,v5,99,45,-0.05972626905738357
1439,16,v5,99,99,0.06881376578686753
1440,17,premotor,153,153,0.029375546280124645
1441,17,premotor,153,207,0.02219960937395292
1442,17,premotor,153,45,0.034226717629995226
1443,17,premotor,153,99,0.03743677246537291
1444,17,premotor,207,153,0.026422008766395184
1445,17,premotor,207,207,0.03215081209269588
1446,17,premotor,207,45,0.032789990247810666
1447,17,premotor,207,99,0.03603201618019823
1448,17,premotor,45,153,0.043921073604075066
1449,17,premotor,45,207,0.048727353002016416
1450,17,premotor,45,45,0.035011195384271825
1451,17,premotor,45,99,0.05011573185138819
1452,17,premotor,99,153,0.03203469001274226
1453,17,premotor,99,207,0.024532709195512464
1454,17,premotor,99,45,0.03153090055394077
1455,17,premotor,99,99,0.0551170131526967
1456,17,motor,153,153,0.030436428017233785
1457,17,motor,153,207,0.07993325255698755
1458,17,motor,153,45,0.021713691385406457
1459,17,motor,153,99,0.01669231849752943
1460,17,motor,207,153,0.03385475347903332
1461,17,motor,207,207,0.010628653958370333
1462,17,motor,207,45,0.005712603223630233
1463,17,motor,207,99,0.03504943762660209
1464,17,motor,45,153,0.020496823273837422
1465,17,motor,45,207,0.021559497536248258
1466,17,motor,45,45,0.006383066115374232
1467,17,motor,45,99,0.026853700027921097
1468,17,motor,99,153,0.026614240935735327
1469,17,motor,99,207,-0.0009558204228949348
1470,17,motor,99,45,0.011443056809985308
1471,17,motor,99,99,0.008177648868193645
1472,17,v1,153,153,0.11748642084366118
1473,17,v1,153,207,0.11280501829599979
1474,17,v1,153,45,0.06881743395761852
1475,17,v1,153,99,0.0849750274172395
1476,17,v1,207,153,0.0705386926213817
1477,17,v1,207,207,0.1722535519278837
1478,17,v1,207,45,0.07103228630302091
1479,17,v1,207,99,0.05520876983558799
1480,17,v1,45,153,0.027333461909295205
1481,17,v1,45,207,0.051008852054529374
1482,17,v1,45,45,0.2720571327104779
1483,17,v1,45,99,0.05664061274613241
1484,17,v1,99,153,0.05389280771254408
1485,17,v1,99,207,0.024724697724033014
1486,17,v1,99,45,0.10050647426012226
1487,17,v1,99,99,0.1680362977666598
1488,17,sup_parietal,153,153,0.1433250587559446
1489,17,sup_parietal,153,207,0.10742782162886119
1490,17,sup_parietal,153,45,0.14725592112326424
1491,17,sup_parietal,153,99,0.12436563709942666
1492,17,sup_parietal,207,153,0.12098508379018814
1493,17,sup_parietal,207,207,0.2142383494908846
1494,17,sup_parietal,207,45,0.14508828763083462
1495,17,sup_parietal,207,99,0.1771844144856387
1496,17,sup_parietal,45,153,0.08937791807237587
1497,17,sup_parietal,45,207,0.1998873825160563
1498,17,sup_parietal,45,45,0.1643859683353412
1499,17,sup_parietal,45,99,0.15249008362958918
1500,17,sup_parietal,99,153,0.1186949679168233
1501,17,sup_parietal,99,207,0.09830367912307887
1502,17,sup_parietal,99,45,0.13356090218336394
1503,17,sup_parietal,99,99,0.1471765138078425
1504,17,inf_parietal,153,153,0.0011287397636092049
1505,17,inf_parietal,153,207,0.01244583291019411
1506,17,inf_parietal,153,45,0.011648052275569943
1507,17,inf_parietal,153,99,0.007845908448523595
1508,17,inf_parietal,207,153,0.028774130717977665
1509,17,inf_parietal,207,207,0.0206165606985539
1510,17,inf_parietal,207,45,0.044759804120160895
1511,17,inf_parietal,207,99,0.03828572920448509
1512,17,inf_parietal,45,153,0.006667494846094107
1513,17,inf_parietal,45,207,0.018654436573440607
1514,17,inf_parietal,45,45,-0.006769455367414657
1515,17,inf_parietal,45,99,0.0007705218650494632
1516,17,inf_parietal,99,153,0.0015707561142975796
1517,17,inf_parietal,99,207,0.029931589264269382
1518,17,inf_parietal,99,45,0.004961047981169151
1519,17,inf_parietal,99,99,0.005986553418067826
1520,17,v5,153,153,0.1058194878271382
1521,17,v5,153,207,-0.05488117932574976
1522,17,v5,153,45,0.05507970788574818
1523,17,v5,153,99,0.0009860700266426034
1524,17,v5,207,153,0.09796366460784964
1525,17,v5,207,207,0.0016279903645635106
1526,17,v5,207,45,0.021720568241585532
1527,17,v5,207,99,0.012603715543054578
1528,17,v5,45,153,0.07623125775828166
1529,17,v5,45,207,0.0778649972457598
1530,17,v5,45,45,0.055462196440687714
1531,17,v5,45,99,0.06876621169124578
1532,17,v5,99,153,0.006116594244354546
1533,17,v5,99,207,0.03480420055803276
1534,17,v5,99,45,-0.0022209815225555365
1535,17,v5,99,99,0.04024308691456125
1536,18,premotor,153,153,0.039373411638175225
1537,18,premotor,153,207,0.043904428322852
1538,18,premotor,153,45,0.03452402170988626
1539,18,premotor,153,99,0.03419793403144824
1540,18,premotor,207,153,0.04472928234516362
1541,18,premotor,207,207,0.044471799723086805
1542,18,premotor,207,45,0.030415265217255374
1543,18,premotor,207,99,0.04653332394138723
1544,18,premotor,45,153,0.04468173900522627
1545,18,premotor,45,207,0.06112920016945672
1546,18,premotor,45,45,0.03809375545556615
1547,18,premotor,45,99,0.04817726894416574
1548,18,premotor,99,153,0.03499581775456617
1549,18,premotor,99,207,0.04044378346939009
1550,18,premotor,99,45,0.024563583074684356
1551,18,premotor,99,99,0.04228654675628507
1552,18,motor,153,153,0.024384109039610854
1553,18,motor,153,207,0.011068400014606683
1554,18,motor,153,45,-0.002116820047035736
1555,18,motor,153,99,0.027809369266527943
1556,18,motor,207,153,0.0047005787221133626
1557,18,motor,207,207,0.02346351004877284
1558,18,motor,207,45,0.0029538405522316798
1559,18,motor,207,99,0.009603500209193035
1560,18,motor,45,153,0.013336524077385198
1561,18,motor,45,207,0.033527811361380805
1562,18,motor,45,45,0.0037340347694094908
1563,18,motor,45,99,0.0019503754493438588
1564,18,motor,99,153,-0.006583916632842547
1565,18,motor,99,207,0.03989958980115586
1566,18,motor,99,45,0.0024684505155063417
1567,18,motor,99,99,0.023487480645223578
1568,18,v1,153,153,0.341117198563536
1569,18,v1,153,207,0.21021102015652526
1570,18,v1,153,45,0.09317380898446614
1571,18,v1,153,99,0.13425767793779614
1572,18,v1,207,153,0.11876314642146502
1573,18,v1,207,207,0.3138936766994292
1574,18,v1,207,45,0.08804584560261612
1575,18,v1,207,99,0.03483498175695357
1576,18,v1,45,153,0.11919470105195262
1577,18,v1,45,207,0.11813762556468396
1578,18,v1,45,45,0.3506830338459315
1579,18,v1,45,99,0.12359507420537458
1580,18,v1,99,153,0.11301660951064586
1581,18,v1,99,207,0.060608613905614284
1582,18,v1,99,45,0.14344036290901818
1583,18,v1,99,99,0.3113836581965701
1584,18,sup_parietal,153,153,0.071280143104975
1585,18,sup_parietal,153,207,0.08833361169847664
1586,18,sup_parietal,153,45,0.06164476490782687
1587,18,sup_parietal,153,99,0.05183829901086363
1588,18,sup_parietal,207,153,0.07948756201281547
1589,18,sup_parietal,207,207,0.1417172577647731
1590,18,sup_parietal,207,45,0.0942493675768021
1591,18,sup_parietal,207,99,0.09260171507607218
1592,18,sup_parietal,45,153,0.12692661600924637
1593,18,sup_parietal,45,207,0.13986753379987446
1594,18,sup_parietal,45,45,0.07378563367431586
1595,18,sup_parietal,45,99,0.09991125625031044
1596,18,sup_parietal,99,153,0.07461058428214137
1597,18,sup_parietal,99,207,0.08427360330313327
1598,18,sup_parietal,99,45,0.06907835798324084
1599,18,sup_parietal,99,99,0.05310640924803814
1600,18,inf_parietal,153,153,-0.0038201219049914218
1601,18,inf_parietal,153,207,0.02848204056894269
1602,18,inf_parietal,153,45,0.03855910126937383
1603,18,inf_parietal,153,99,0.02255246375458386
1604,18,inf_parietal,207,153,0.03000448119917697
1605,18,inf_parietal,207,207,0.025434103362678165
1606,18,inf_parietal,207,45,0.013948476942059793
1607,18,inf_parietal,207,99,0.03349863511161954
1608,18,inf_parietal,45,153,0.040784512783842215
1609,18,inf_parietal,45,207,0.024450873262880726
1610,18,inf_parietal,45,45,0.011880323798955596
1611,18,inf_parietal,45,99,0.04117601177617571
1612,18,inf_parietal,99,153,0.013052548040179125
1613,18,inf_parietal,99,207,0.011708819153583211
1614,18,inf_parietal,99,45,-0.005723731400003376
1615,18,inf_parietal,99,99,0.04721405719787181
1616,18,v5,153,153,-0.0030979110999765063
1617,18,v5,153,207,-0.008816600984692414
1618,18,v5,153,45,-0.017224592559563053
1619,18,v5,153,99,0.031535349020646274
1620,18,v5,207,153,0.004787430213646941
1621,18,v5,207,207,0.019632804562639515
1622,18,v5,207,45,0.004800934743493452
1623,18,v5,207,99,-0.007684691801349772
1624,18,v5,45,153,0.047478544334561966
1625,18,v5,45,207,-0.02968601096209653
1626,18,v5,45,45,0.056103197309483335
1627,18,v5,45,99,-0.028574722010740884
1628,18,v5,99,153,0.00715965434150667
1629,18,v5,99,207,-0.0377783444602686
1630,18,v5,99,45,-0.010286264907644007
1631,18,v5,99,99,0.02860116520097948
1632,19,premotor,153,153,0.03555031851562254
1633,19,premotor,153,207,0.048842309116425675
1634,19,premotor,153,45,0.040448629305141946
1635,19,premotor,153,99,0.046945771057566116
1636,19,premotor,207,153,0.04694756586866698
1637,19,premotor,207,207,0.06703467314935596
1638,19,premotor,207,45,0.052922270952655504
1639,19,premotor,207,99,0.03867370444442056
1640,19,premotor,45,153,0.056188330750762835
1641,19,premotor,45,207,0.0531291488913508
1642,19,premotor,45,45,0.05178310482630681
1643,19,premotor,45,99,0.04132491083800557
1644,19,premotor,99,153,0.04953996777561585
1645,19,premotor,99,207,0.041107277426607386
1646,19,premotor,99,45,0.04764848214925611
1647,19,premotor,99,99,0.040326139117438535
1648,19,motor,153,153,0.05605410251995665
1649,19,motor,153,207,0.02350599877338397
1650,19,motor,153,45,0.005566708606111735
1651,19,motor,153,99,0.04886199774020563
1652,19,motor,207,153,0.009677753496788942
1653,19,motor,207,207,0.025879053343213183
1654,19,motor,207,45,0.05391870604372804
1655,19,motor,207,99,0.04757135635324442
1656,19,motor,45,153,0.023946371696374404
1657,19,motor,45,207,0.04213035454468404
1658,19,motor,45,45,0.03156654529279268
1659,19,motor,45,99,0.04656529299729276
1660,19,motor,99,153,-0.0008134569363024888
1661,19,motor,99,207,0.040249602252676195
1662,19,motor,99,45,0.016716823576221333
1663,19,motor,99,99,0.0294969660390397
1664,19,v1,153,153,0.15947942802737666
1665,19,v1,153,207,0.16005741968038292
1666,19,v1,153,45,0.08825292582192783
1667,19,v1,153,99,0.11427754885448115
1668,19,v1,207,153,0.15737722924982822
1669,19,v1,207,207,0.14569284454091283
1670,19,v1,207,45,0.09786327579200686
1671,19,v1,207,99,0.0619706157681228
1672,19,v1,45,153,0.16350433357295036
1673,19,v1,45,207,0.27000048791955056
1674,19,v1,45,45,0.10555064593263987
1675,19,v1,45,99,0.10146365344968594
1676,19,v1,99,153,0.13192544021926192
1677,19,v1,99,207,0.08202419533862698
1678,19,v1,99,45,0.10217206250523567
1679,19,v1,99,99,0.11106539073302425
1680,19,sup_parietal,153,153,0.15225879181603993
1681,19,sup_parietal,153,207,0.13160409927428282
1682,19,sup_parietal,153,45,0.10436252912504237
1683,19,sup_parietal,153,99,0.14779053807597908
1684,19,sup_parietal,207,153,0.12372312505192742
1685,19,sup_parietal,207,207,0.10821364301484049
1686,19,sup_parietal,207,45,0.14259818924330464
1687,19,sup_parietal,207,99,0.12088822318598309
1688,19,sup_parietal,45,153,0.11229920784382214
1689,19,sup_parietal,45,207,0.15859077248155384
1690,19,sup_parietal,45,45,0.13612115319098098
1691,19,sup_parietal,45,99,0.09570610287291428
1692,19,sup_parietal,99,153,0.1597111917223625
1693,19,sup_parietal,99,207,0.18262139632233607
1694,19,sup_parietal,99,45,0.14828229956612965
1695,19,sup_parietal,99,99,0.11083452195387691
1696,19,inf_parietal,153,153,0.05322008536438803
1697,19,inf_parietal,153,207,0.010642646187512433
1698,19,inf_parietal,153,45,0.017486565748782223
1699,19,inf_parietal,153,99,0.025099794883000445
1700,19,inf_parietal,207,153,0.011162570617008497
1701,19,inf_parietal,207,207,0.023119719694164056
1702,19,inf_parietal,207,45,0.04609183069735061
1703,19,inf_parietal,207,99,0.029863629564143367
1704,19,inf_parietal,45,153,0.017568376457015027
1705,19,inf_parietal,45,207,0.019899630985600034
1706,19,inf_parietal,45,45,0.03321875162667708
1707,19,inf_parietal,45,99,-0.010251727563649284
1708,19,inf_parietal,99,153,0.004561952582445329
1709,19,inf_parietal,99,207,0.016244016874222847
1710,19,inf_parietal,99,45,0.028059117658487433
1711,19,inf_parietal,99,99,-0.008550547178462854
1712,19,v5,153,153,-0.009568511263335844
1713,19,v5,153,207,0.05651652031418762
1714,19,v5,153,45,-0.00989924755304943
1715,19,v5,153,99,-0.03038057110552594
1716,19,v5,207,153,0.008142997649623139
1717,19,v5,207,207,0.021234799323222198
1718,19,v5,207,45,-0.07588015586413815
1719,19,v5,207,99,-0.035033646609990796
1720,19,v5,45,153,-0.04345398246246001
1721,19,v5,45,207,0.04066931785646454
1722,19,v5,45,45,-0.0017892591587398282
1723,19,v5,45,99,-0.010294846846779825
1724,19,v5,99,153,0.005432031799441225
1725,19,v5,99,207,0.05339307239858056
1726,19,v5,99,45,0.039431383524863826
1727,19,v5,99,99,0.016905034349568603
