,Participants,Masks,Target Location Straight,Target Location Rotate,Correlation
0,01,premotor,153,153,-0.0261690248447716
1,01,premotor,153,207,-0.026845360029953226
2,01,premotor,153,45,-0.01603999533758156
3,01,premotor,153,99,0.01179208755660446
4,01,premotor,207,153,0.0672853443494459
5,01,premotor,207,207,0.03927680630368272
6,01,premotor,207,45,0.017858006142165914
7,01,premotor,207,99,0.061107953411678254
8,01,premotor,45,153,-0.00853909882976369
9,01,premotor,45,207,0.001832446565452974
10,01,premotor,45,45,0.0363622034609664
11,01,premotor,45,99,-0.02284297895997587
12,01,premotor,99,153,-0.02889818344388346
13,01,premotor,99,207,-0.011228240464696703
14,01,premotor,99,45,-0.05195256063568837
15,01,premotor,99,99,-0.07666962070956011
16,01,motor,153,153,-0.06894283851831506
17,01,motor,153,207,0.01308427267500809
18,01,motor,153,45,0.022465381813986687
19,01,motor,153,99,-0.03913410276222562
20,01,motor,207,153,0.026733473630361188
21,01,motor,207,207,0.0401124639634251
22,01,motor,207,45,-0.05325729945285204
23,01,motor,207,99,-0.010390057219315293
24,01,motor,45,153,0.06507162100445685
25,01,motor,45,207,-0.05846189535351654
26,01,motor,45,45,0.03421600339415344
27,01,motor,45,99,0.04870369770804304
28,01,motor,99,153,-0.03513073728722411
29,01,motor,99,207,-0.012753339904532774
30,01,motor,99,45,-0.013257111720239826
31,01,motor,99,99,-0.02964434461443055
32,01,v1,153,153,0.022049309806354493
33,01,v1,153,207,-0.022534989799262682
34,01,v1,153,45,0.04544091681081533
35,01,v1,153,99,-0.008767538803010313
36,01,v1,207,153,-0.009352530042160235
37,01,v1,207,207,0.021780856121126554
38,01,v1,207,45,0.005802355836259565
39,01,v1,207,99,0.013300530559717008
40,01,v1,45,153,0.002753562516044511
41,01,v1,45,207,-0.0055142047624309725
42,01,v1,45,45,-0.002914048065871966
43,01,v1,45,99,-0.015022613860527376
44,01,v1,99,153,-0.029668014368717036
45,01,v1,99,207,-0.053084089763711664
46,01,v1,99,45,-0.06898361422086002
47,01,v1,99,99,-0.005998813707328101
48,01,sup_parietal,153,153,0.022215085507502605
49,01,sup_parietal,153,207,0.08863503113867925
50,01,sup_parietal,153,45,0.049136971828814796
51,01,sup_parietal,153,99,0.03679014434598464
52,01,sup_parietal,207,153,0.06433916012117626
53,01,sup_parietal,207,207,-0.069521199632571
54,01,sup_parietal,207,45,-0.01934063537176011
55,01,sup_parietal,207,99,0.0005377381692078451
56,01,sup_parietal,45,153,-0.04722989253755713
57,01,sup_parietal,45,207,0.03179847451140436
58,01,sup_parietal,45,45,0.024956261564920035
59,01,sup_parietal,45,99,-0.04644585813470728
60,01,sup_parietal,99,153,-0.06425170436234214
61,01,sup_parietal,99,207,-0.08062419528543087
62,01,sup_parietal,99,45,-0.0865810137979264
63,01,sup_parietal,99,99,-0.01277546445138752
64,01,inf_parietal,153,153,-0.00947500501883836
65,01,inf_parietal,153,207,0.0013447530259773086
66,01,inf_parietal,153,45,-0.019948451254407047
67,01,inf_parietal,153,99,0.019785478659545316
68,01,inf_parietal,207,153,0.016197921030577208
69,01,inf_parietal,207,207,0.021940953444357078
70,01,inf_parietal,207,45,-0.00692558679824554
71,01,inf_parietal,207,99,-0.005311534475080622
72,01,inf_parietal,45,153,0.0015193422003961926
73,01,inf_parietal,45,207,-0.05115995814074677
74,01,inf_parietal,45,45,0.034272147182426944
75,01,inf_parietal,45,99,-0.07919428816536629
76,01,inf_parietal,99,153,0.0018654994782725462
77,01,inf_parietal,99,207,0.02777951738103754
78,01,inf_parietal,99,45,-0.04023860492202759
79,01,inf_parietal,99,99,0.040829352232979704
80,01,v5,153,153,0.05824957980195839
81,01,v5,153,207,0.06583089651172737
82,01,v5,153,45,0.10166753239402981
83,01,v5,153,99,0.038297259862457064
84,01,v5,207,153,0.037193965208871645
85,01,v5,207,207,-0.12929901737702432
86,01,v5,207,45,-0.10725822370766697
87,01,v5,207,99,0.018114314542510522
88,01,v5,45,153,-0.17945176412896607
89,01,v5,45,207,-0.07399797601426981
90,01,v5,45,45,-0.002824361541190909
91,01,v5,45,99,-0.10990873070425114
92,01,v5,99,153,0.08763760141985301
93,01,v5,99,207,0.03487650863207622
94,01,v5,99,45,-0.08307291958512888
95,01,v5,99,99,0.005231918740394626
96,02,premotor,153,153,-0.054668012350876635
97,02,premotor,153,207,-0.0382018196364599
98,02,premotor,153,45,0.028288761901260152
99,02,premotor,153,99,0.01720057783886353
100,02,premotor,207,153,0.1263192088128613
101,02,premotor,207,207,0.04620944144617491
102,02,premotor,207,45,0.0012295688709403445
103,02,premotor,207,99,0.08084797322935434
104,02,premotor,45,153,-0.006834650366007968
105,02,premotor,45,207,0.015679725210404675
106,02,premotor,45,45,0.037059988569553136
107,02,premotor,45,99,-0.01703043528286535
108,02,premotor,99,153,-0.09250294280470812
109,02,premotor,99,207,-0.05924932559292714
110,02,premotor,99,45,-0.07400038504833108
111,02,premotor,99,99,-0.10806247552380742
112,02,motor,153,153,-0.05694927289740967
113,02,motor,153,207,-0.02821516098586869
114,02,motor,153,45,0.005969103534319379
115,02,motor,153,99,0.030169611764872255
116,02,motor,207,153,0.02028907648223344
117,02,motor,207,207,-0.024709455645917457
118,02,motor,207,45,-0.07228458079343072
119,02,motor,207,99,0.04299203854815731
120,02,motor,45,153,-0.0047768393376465546
121,02,motor,45,207,0.07219440662849684
122,02,motor,45,45,0.10889061619374178
123,02,motor,45,99,-0.0008458213662623348
124,02,motor,99,153,-0.0025519618222319233
125,02,motor,99,207,-0.05870729870149222
126,02,motor,99,45,-0.07330410617031771
127,02,motor,99,99,-0.10554687863580378
128,02,v1,153,153,0.038477431481268067
129,02,v1,153,207,-0.039221376698929035
130,02,v1,153,45,0.05319930337062336
131,02,v1,153,99,0.078416987293881
132,02,v1,207,153,0.04524373828644983
133,02,v1,207,207,0.1290410332501215
134,02,v1,207,45,-0.053335462713912436
135,02,v1,207,99,0.006058643258653497
136,02,v1,45,153,-0.04336357920048707
137,02,v1,45,207,0.02626752376191368
138,02,v1,45,45,0.07562576458875905
139,02,v1,45,99,-0.04559891602739669
140,02,v1,99,153,-0.05642835992721691
141,02,v1,99,207,-0.10769784513702235
142,02,v1,99,45,-0.08057703787327827
143,02,v1,99,99,-0.05361307239067776
144,02,sup_parietal,153,153,-0.013742514938741346
145,02,sup_parietal,153,207,-0.016622219929674383
146,02,sup_parietal,153,45,0.0746277433913312
147,02,sup_parietal,153,99,0.036087007790250966
148,02,sup_parietal,207,153,0.010827770030731008
149,02,sup_parietal,207,207,0.022099404592575898
150,02,sup_parietal,207,45,-0.0335693812904933
151,02,sup_parietal,207,99,-0.003883979108927455
152,02,sup_parietal,45,153,-0.013643383447483153
153,02,sup_parietal,45,207,0.022249845637306774
154,02,sup_parietal,45,45,0.03136599187886954
155,02,sup_parietal,45,99,-0.02180380171697544
156,02,sup_parietal,99,153,-0.018387325484427102
157,02,sup_parietal,99,207,-0.027818991649817087
158,02,sup_parietal,99,45,-0.0681534263689999
159,02,sup_parietal,99,99,-0.05768601524122434
160,02,inf_parietal,153,153,0.0028041047103524556
161,02,inf_parietal,153,207,-0.03962199793720102
162,02,inf_parietal,153,45,0.12527184479900932
163,02,inf_parietal,153,99,0.03654980139637484
164,02,inf_parietal,207,153,0.009592049903585429
165,02,inf_parietal,207,207,0.03161895757149063
166,02,inf_parietal,207,45,-0.05310535897111372
167,02,inf_parietal,207,99,0.04013655646353815
168,02,inf_parietal,45,153,0.01672694584938551
169,02,inf_parietal,45,207,0.007975036498881111
170,02,inf_parietal,45,45,0.03727518617301054
171,02,inf_parietal,45,99,-0.03716925241607842
172,02,inf_parietal,99,153,-0.033852427393678525
173,02,inf_parietal,99,207,0.003212764910440844
174,02,inf_parietal,99,45,-0.12661517102701997
175,02,inf_parietal,99,99,-0.07196222446638409
176,02,v5,153,153,0.07163202744309963
177,02,v5,153,207,-0.011896529122552499
178,02,v5,153,45,0.0627052625850425
179,02,v5,153,99,0.12709384727442266
180,02,v5,207,153,0.1448561037460517
181,02,v5,207,207,0.16037914809885417
182,02,v5,207,45,-0.07424342105426054
183,02,v5,207,99,0.05039848411878814
184,02,v5,45,153,-0.13168572673616666
185,02,v5,45,207,-0.010614329097069573
186,02,v5,45,45,0.10337044528538135
187,02,v5,45,99,-0.15100322603930225
188,02,v5,99,153,-0.14823810922682973
189,02,v5,99,207,-0.13964172971170652
190,02,v5,99,45,-0.1868297327704992
191,02,v5,99,99,-0.09499307852336802
192,03,premotor,153,153,0.03158750331366013
193,03,premotor,153,207,0.008190415482252363
194,03,premotor,153,45,0.011182799159405319
195,03,premotor,153,99,0.045116452465065064
196,03,premotor,207,153,0.11436656656914597
197,03,premotor,207,207,0.09462683962439461
198,03,premotor,207,45,-0.0009971344414933395
199,03,premotor,207,99,0.09684909608351727
200,03,premotor,45,153,-0.0659236052953354
201,03,premotor,45,207,0.010480382517114892
202,03,premotor,45,45,0.011749060338727454
203,03,premotor,45,99,-0.04699622521378766
204,03,premotor,99,153,-0.11337728140620744
205,03,premotor,99,207,-0.13376586584502975
206,03,premotor,99,45,-0.04160692708810612
207,03,premotor,99,99,-0.1325991666172988
208,03,motor,153,153,-0.05561258859670561
209,03,motor,153,207,0.02661132348554489
210,03,motor,153,45,0.015145791779981651
211,03,motor,153,99,0.05092428119167909
212,03,motor,207,153,0.18874011155801568
213,03,motor,207,207,0.07410643001605008
214,03,motor,207,45,0.01140142773981244
215,03,motor,207,99,0.13549808736925753
216,03,motor,45,153,-0.04054420685273727
217,03,motor,45,207,-0.047547132966173966
218,03,motor,45,45,-0.01965179072604466
219,03,motor,45,99,-0.058026780886133604
220,03,motor,99,153,-0.14609557591304143
221,03,motor,99,207,-0.09350531513829975
222,03,motor,99,45,-0.05047513609107205
223,03,motor,99,99,-0.18231229689825135
224,03,v1,153,153,0.03570713301209752
225,03,v1,153,207,-0.03328755027132404
226,03,v1,153,45,-0.10543743165286563
227,03,v1,153,99,-0.035267834858194055
228,03,v1,207,153,0.10502913767560303
229,03,v1,207,207,0.1743286806530281
230,03,v1,207,45,-0.06800273105925977
231,03,v1,207,99,0.03559593528718717
232,03,v1,45,153,-0.10449775386708722
233,03,v1,45,207,-0.08626229843758768
234,03,v1,45,45,0.1813727253799892
235,03,v1,45,99,-0.13817807958814826
236,03,v1,99,153,-0.06219811219834625
237,03,v1,99,207,-0.09006143451982737
238,03,v1,99,45,-0.032870721656938835
239,03,v1,99,99,0.10425663912189087
240,03,sup_parietal,153,153,0.04016545449468012
241,03,sup_parietal,153,207,0.0496771399998062
242,03,sup_parietal,153,45,-0.042144363636345814
243,03,sup_parietal,153,99,0.01862378792325948
244,03,sup_parietal,207,153,0.02423523399539017
245,03,sup_parietal,207,207,0.04005309989652852
246,03,sup_parietal,207,45,-0.10199920221683453
247,03,sup_parietal,207,99,0.011249611992595561
248,03,sup_parietal,45,153,-0.0817835327372773
249,03,sup_parietal,45,207,-0.03392517074648072
250,03,sup_parietal,45,45,0.10275077206643644
251,03,sup_parietal,45,99,-0.03358339457332184
252,03,sup_parietal,99,153,-0.016209956786234353
253,03,sup_parietal,99,207,-0.09663791400482662
254,03,sup_parietal,99,45,-0.0006286726740838194
255,03,sup_parietal,99,99,-0.03706619833488524
256,03,inf_parietal,153,153,-0.03466931260276602
257,03,inf_parietal,153,207,0.001852351517427589
258,03,inf_parietal,153,45,0.06803855854526464
259,03,inf_parietal,153,99,-0.024723248735974347
260,03,inf_parietal,207,153,0.14585736918807327
261,03,inf_parietal,207,207,0.04928441790995576
262,03,inf_parietal,207,45,-0.02189671949247296
263,03,inf_parietal,207,99,0.1315469149684238
264,03,inf_parietal,45,153,-0.1043914864757825
265,03,inf_parietal,45,207,-0.05383118952647575
266,03,inf_parietal,45,45,-0.02619268719972959
267,03,inf_parietal,45,99,-0.10654174475164724
268,03,inf_parietal,99,153,-0.07697597719538751
269,03,inf_parietal,99,207,-0.047777267414944834
270,03,inf_parietal,99,45,-0.03169297964476923
271,03,inf_parietal,99,99,-0.08524248922292654
272,03,v5,153,153,-0.044487109155152374
273,03,v5,153,207,-0.05367488746077129
274,03,v5,153,45,0.01499642941031874
275,03,v5,153,99,-0.02800330944615331
276,03,v5,207,153,0.1701659453226344
277,03,v5,207,207,0.16670332156377057
278,03,v5,207,45,-0.12034997607332165
279,03,v5,207,99,0.12358424388371834
280,03,v5,45,153,-0.15201150244594422
281,03,v5,45,207,-0.07724152467555379
282,03,v5,45,45,0.19751337663048335
283,03,v5,45,99,-0.07636935842204899
284,03,v5,99,153,-0.04830333768237611
285,03,v5,99,207,-0.03147382969029283
286,03,v5,99,45,-0.017405469101914057
287,03,v5,99,99,-0.027235603167497076
288,04,premotor,153,153,0.051933564986214056
289,04,premotor,153,207,0.05480061215395104
290,04,premotor,153,45,0.016910043634209282
291,04,premotor,153,99,0.05761262502925486
292,04,premotor,207,153,0.14316662237115707
293,04,premotor,207,207,0.09569031730903982
294,04,premotor,207,45,0.10624957827837589
295,04,premotor,207,99,0.1261464571285117
296,04,premotor,45,153,-0.05584394020342847
297,04,premotor,45,207,-0.0493112142456109
298,04,premotor,45,45,-0.007709118488383519
299,04,premotor,45,99,-0.07168594072873379
300,04,premotor,99,153,-0.18448965687062419
301,04,premotor,99,207,-0.13177997404657915
302,04,premotor,99,45,-0.15378272669276188
303,04,premotor,99,99,-0.13987842712722653
304,04,motor,153,153,-0.026864044054615052
305,04,motor,153,207,-0.028182551869471523
306,04,motor,153,45,0.00730803821957742
307,04,motor,153,99,-0.04482053418266267
308,04,motor,207,153,0.12101437052552264
309,04,motor,207,207,0.00790691653794555
310,04,motor,207,45,0.08469236861788812
311,04,motor,207,99,0.12343937517710332
312,04,motor,45,153,-0.041304629002741726
313,04,motor,45,207,-0.06010014604425684
314,04,motor,45,45,-0.03396251956403658
315,04,motor,45,99,-0.07748773248879526
316,04,motor,99,153,-0.07697567389994964
317,04,motor,99,207,0.05498327376327068
318,04,motor,99,45,-0.0765482958714967
319,04,motor,99,99,-0.014868394666275056
320,04,v1,153,153,0.13915752916287344
321,04,v1,153,207,-0.04275681174799838
322,04,v1,153,45,-0.005891053235288695
323,04,v1,153,99,0.04682026574839805
324,04,v1,207,153,0.04734071075666464
325,04,v1,207,207,0.22395947666135801
326,04,v1,207,45,-0.10230572510287629
327,04,v1,207,99,-0.035231053458555525
328,04,v1,45,153,-0.1370435920361688
329,04,v1,45,207,-0.11547569242226521
330,04,v1,45,45,0.1777518014393965
331,04,v1,45,99,-0.14010945044430345
332,04,v1,99,153,-0.07754521289077262
333,04,v1,99,207,-0.08790523481857172
334,04,v1,99,45,-0.09006609068985161
335,04,v1,99,99,0.10696377369186846
336,04,sup_parietal,153,153,0.09642134653498424
337,04,sup_parietal,153,207,0.058953285944667234
338,04,sup_parietal,153,45,0.07751693316810257
339,04,sup_parietal,153,99,0.05344765643148068
340,04,sup_parietal,207,153,0.04726072433474097
341,04,sup_parietal,207,207,0.0577275820656837
342,04,sup_parietal,207,45,0.013021169758268586
343,04,sup_parietal,207,99,0.047850031306537116
344,04,sup_parietal,45,153,-0.09164381925468068
345,04,sup_parietal,45,207,-0.0375929864022248
346,04,sup_parietal,45,45,-0.01639030753790137
347,04,sup_parietal,45,99,-0.036077098797367126
348,04,sup_parietal,99,153,-0.09633731225484904
349,04,sup_parietal,99,207,-0.10476668294982958
350,04,sup_parietal,99,45,-0.0821305603554186
351,04,sup_parietal,99,99,-0.09107071578799958
352,04,inf_parietal,153,153,0.01590961475617858
353,04,inf_parietal,153,207,0.030336374804672467
354,04,inf_parietal,153,45,0.02761100034972021
355,04,inf_parietal,153,99,0.06396934368790097
356,04,inf_parietal,207,153,0.14058933706724133
357,04,inf_parietal,207,207,0.09841498990879959
358,04,inf_parietal,207,45,0.09455767319273803
359,04,inf_parietal,207,99,0.15590979099396368
360,04,inf_parietal,45,153,-0.1243548973575124
361,04,inf_parietal,45,207,-0.06272054935271776
362,04,inf_parietal,45,45,-0.10619155779198501
363,04,inf_parietal,45,99,-0.16034163371954516
364,04,inf_parietal,99,153,-0.06232362954505365
365,04,inf_parietal,99,207,-0.07347260983827233
366,04,inf_parietal,99,45,-0.05180182128676908
367,04,inf_parietal,99,99,-0.07270919094768147
368,04,v5,153,153,0.0008816418760984636
369,04,v5,153,207,-0.06330274739747492
370,04,v5,153,45,0.04173385434890072
371,04,v5,153,99,0.0739530568910693
372,04,v5,207,153,0.08831760444528539
373,04,v5,207,207,0.053906238360374226
374,04,v5,207,45,0.0009728259085704447
375,04,v5,207,99,0.017200025188175733
376,04,v5,45,153,-0.023066057199027122
377,04,v5,45,207,0.01619693280901348
378,04,v5,45,45,0.01768992316634759
379,04,v5,45,99,-0.10002485989786986
380,04,v5,99,153,-0.07223367297396764
381,04,v5,99,207,0.017520973944823954
382,04,v5,99,45,-0.08187490868247403
383,04,v5,99,99,-0.015457608730838731
384,05,premotor,153,153,-0.004734130840597396
385,05,premotor,153,207,0.0406543868752382
386,05,premotor,153,45,0.016973629194450772
387,05,premotor,153,99,0.001351007555535846
388,05,premotor,207,153,0.04111129857508446
389,05,premotor,207,207,-0.0741587378531377
390,05,premotor,207,45,-0.06305519146449148
391,05,premotor,207,99,0.06318430743315134
392,05,premotor,45,153,-0.05658220102328316
393,05,premotor,45,207,-0.01088873192510699
394,05,premotor,45,45,-0.03991140382919817
395,05,premotor,45,99,-0.06615379776326077
396,05,premotor,99,153,0.004245125988373021
397,05,premotor,99,207,0.03294173896355456
398,05,premotor,99,45,0.06717756228332171
399,05,premotor,99,99,-0.011258220464534766
400,05,motor,153,153,-0.05167473671721345
401,05,motor,153,207,0.11487699763153755
402,05,motor,153,45,0.09480685468108166
403,05,motor,153,99,-0.018513170535463117
404,05,motor,207,153,-0.028860505513831063
405,05,motor,207,207,-0.10236389902410314
406,05,motor,207,45,-0.10627952973075655
407,05,motor,207,99,-0.009511994332437532
408,05,motor,45,153,0.016986154740896542
409,05,motor,45,207,0.021356286232700174
410,05,motor,45,45,-0.02097645026238681
411,05,motor,45,99,0.0552881258175487
412,05,motor,99,153,0.023319813390559965
413,05,motor,99,207,-0.02180393440194272
414,05,motor,99,45,-0.02527955078632197
415,05,motor,99,99,-0.04216064484084245
416,05,v1,153,153,-0.06278033683460507
417,05,v1,153,207,-0.13312539540816054
418,05,v1,153,45,-0.13088691281274506
419,05,v1,153,99,0.09569222166897866
420,05,v1,207,153,0.16492736657904522
421,05,v1,207,207,0.24946187978470769
422,05,v1,207,45,-0.20042701688588588
423,05,v1,207,99,-0.008046065048947948
424,05,v1,45,153,-0.0001179026144061679
425,05,v1,45,207,-0.08702151572647619
426,05,v1,45,45,0.22243446322060134
427,05,v1,45,99,-0.04918296646960355
428,05,v1,99,153,-0.10192148793895422
429,05,v1,99,207,0.034037007573695995
430,05,v1,99,45,0.037479237174758
431,05,v1,99,99,-0.07952002030859473
432,05,sup_parietal,153,153,-0.07739779775336136
433,05,sup_parietal,153,207,-0.013839684921945405
434,05,sup_parietal,153,45,-0.027374789378318186
435,05,sup_parietal,153,99,-0.08034197381786279
436,05,sup_parietal,207,153,0.05913962032227893
437,05,sup_parietal,207,207,-0.05292629001448622
438,05,sup_parietal,207,45,-0.10816007556084022
439,05,sup_parietal,207,99,0.0280842077755524
440,05,sup_parietal,45,153,-0.03079414120144387
441,05,sup_parietal,45,207,-0.012752314532254113
442,05,sup_parietal,45,45,0.032473706192712344
443,05,sup_parietal,45,99,0.0013982655730758776
444,05,sup_parietal,99,153,-0.020265846873399444
445,05,sup_parietal,99,207,0.06113889444482211
446,05,sup_parietal,99,45,0.027107268673136432
447,05,sup_parietal,99,99,-0.013822858798603885
448,05,inf_parietal,153,153,-0.011860018895997318
449,05,inf_parietal,153,207,0.001470066543930837
450,05,inf_parietal,153,45,0.00045528944253939857
451,05,inf_parietal,153,99,-0.0008981130247086508
452,05,inf_parietal,207,153,0.0022750838699054574
453,05,inf_parietal,207,207,-0.14938425059921856
454,05,inf_parietal,207,45,-0.09464620303774521
455,05,inf_parietal,207,99,0.0468340687697868
456,05,inf_parietal,45,153,-0.05840211013251263
457,05,inf_parietal,45,207,0.08953342563056879
458,05,inf_parietal,45,45,0.005843687978096911
459,05,inf_parietal,45,99,-0.06471491359320469
460,05,inf_parietal,99,153,0.0476031418124955
461,05,inf_parietal,99,207,0.05459830351286983
462,05,inf_parietal,99,45,0.07136786937481451
463,05,inf_parietal,99,99,-0.027668655112038386
464,05,v5,153,153,-0.007892458970479053
465,05,v5,153,207,0.025540344820219343
466,05,v5,153,45,-0.21522818011573722
467,05,v5,153,99,-0.046245981467653574
468,05,v5,207,153,0.023321217339706643
469,05,v5,207,207,-0.12588412218222753
470,05,v5,207,45,0.07709260860483916
471,05,v5,207,99,0.03363857642567548
472,05,v5,45,153,-0.06042941883773582
473,05,v5,45,207,0.0628130590611646
474,05,v5,45,45,-0.0012092637710852776
475,05,v5,45,99,-0.06184914996551658
476,05,v5,99,153,-0.00827423395582131
477,05,v5,99,207,0.02377448294585722
478,05,v5,99,45,0.06652736641430687
479,05,v5,99,99,-0.0013813801608115323
480,06,premotor,153,153,0.005827320658701054
481,06,premotor,153,207,0.027196248822834355
482,06,premotor,153,45,0.022122905092222048
483,06,premotor,153,99,-0.027944814537364724
484,06,premotor,207,153,0.06967151831802615
485,06,premotor,207,207,0.04442136836543721
486,06,premotor,207,45,0.04835305639860497
487,06,premotor,207,99,0.09172285013808745
488,06,premotor,45,153,-0.10007298822248532
489,06,premotor,45,207,-0.046094763848099365
490,06,premotor,45,45,-0.040492330270970135
491,06,premotor,45,99,-0.07520413116401906
492,06,premotor,99,153,0.00571802248112032
493,06,premotor,99,207,-0.043479434237746174
494,06,premotor,99,45,-0.03250971902293448
495,06,premotor,99,99,-0.012792557114100338
496,06,motor,153,153,0.04130296677583833
497,06,motor,153,207,0.05990116741041477
498,06,motor,153,45,-0.0001246897944656108
499,06,motor,153,99,0.045798426108933456
500,06,motor,207,153,0.06579712585480985
501,06,motor,207,207,0.02644812609635771
502,06,motor,207,45,0.002132679224685033
503,06,motor,207,99,0.030448185793696354
504,06,motor,45,153,-0.1596310116666918
505,06,motor,45,207,-0.11013893107432496
506,06,motor,45,45,-0.07313816628850672
507,06,motor,45,99,-0.1341023834018032
508,06,motor,99,153,0.005216040373487264
509,06,motor,99,207,-0.03950863124601247
510,06,motor,99,45,0.022728015394385667
511,06,motor,99,99,-0.0003384334597253749
512,06,v1,153,153,0.19851878714596255
513,06,v1,153,207,0.0499279892504024
514,06,v1,153,45,-0.0030537312626310546
515,06,v1,153,99,0.05981034226416308
516,06,v1,207,153,0.03587351875945466
517,06,v1,207,207,0.17149627331706663
518,06,v1,207,45,-0.09902987786352442
519,06,v1,207,99,-0.05394286106079384
520,06,v1,45,153,-0.10967328967365175
521,06,v1,45,207,-0.0838244778516733
522,06,v1,45,45,0.0979236803556255
523,06,v1,45,99,-0.07767327861408135
524,06,v1,99,153,-0.15134469625356956
525,06,v1,99,207,-0.1471326217145077
526,06,v1,99,45,-0.023902234568476795
527,06,v1,99,99,0.03575383527824678
528,06,sup_parietal,153,153,0.07563412486102339
529,06,sup_parietal,153,207,0.1188796811674124
530,06,sup_parietal,153,45,0.07906429056344424
531,06,sup_parietal,153,99,0.09601078503519922
532,06,sup_parietal,207,153,0.04829772898371458
533,06,sup_parietal,207,207,0.01698045853082138
534,06,sup_parietal,207,45,0.021195700006858404
535,06,sup_parietal,207,99,0.01457896685395341
536,06,sup_parietal,45,153,-0.06773288302676617
537,06,sup_parietal,45,207,-0.11319357876052942
538,06,sup_parietal,45,45,-0.12362860811872951
539,06,sup_parietal,45,99,-0.08706839964381548
540,06,sup_parietal,99,153,-0.045172861820709946
541,06,sup_parietal,99,207,-0.0011774901020108822
542,06,sup_parietal,99,45,0.025292336913727655
543,06,sup_parietal,99,99,-0.04767260302056657
544,06,inf_parietal,153,153,0.006041051248143473
545,06,inf_parietal,153,207,0.010341910134052886
546,06,inf_parietal,153,45,0.005106928933332137
547,06,inf_parietal,153,99,0.041015707976085794
548,06,inf_parietal,207,153,0.059021953476899
549,06,inf_parietal,207,207,-0.016079060962028154
550,06,inf_parietal,207,45,0.040771232937948425
551,06,inf_parietal,207,99,0.03137333039712599
552,06,inf_parietal,45,153,-0.06733658366167589
553,06,inf_parietal,45,207,-0.03858583805892856
554,06,inf_parietal,45,45,-0.0017347103093249203
555,06,inf_parietal,45,99,-0.05437952550012794
556,06,inf_parietal,99,153,-0.0274750544398565
557,06,inf_parietal,99,207,0.017597068680467787
558,06,inf_parietal,99,45,-0.06358368319478368
559,06,inf_parietal,99,99,-0.05280444610375961
560,06,v5,153,153,-0.0340319459086005
561,06,v5,153,207,-0.019971901244364973
562,06,v5,153,45,0.05662174411653041
563,06,v5,153,99,0.048447979412088386
564,06,v5,207,153,0.16826482896106093
565,06,v5,207,207,0.05463339178264778
566,06,v5,207,45,0.10835343588814238
567,06,v5,207,99,0.11040886722343471
568,06,v5,45,153,0.00579691388051194
569,06,v5,45,207,-0.04796904621649146
570,06,v5,45,45,-0.034711574302652114
571,06,v5,45,99,0.06606948118197555
572,06,v5,99,153,-0.15517908950806714
573,06,v5,99,207,-0.03378580126889368
574,06,v5,99,45,-0.1330462104961212
575,06,v5,99,99,-0.257612883816475
576,07,premotor,153,153,-0.0017945890275678777
577,07,premotor,153,207,-0.002638719712076156
578,07,premotor,153,45,0.006889801005938688
579,07,premotor,153,99,0.056543333640344445
580,07,premotor,207,153,0.03719014942411085
581,07,premotor,207,207,0.02975308639699914
582,07,premotor,207,45,0.012690040807716914
583,07,premotor,207,99,0.012648053603313019
584,07,premotor,45,153,-0.035980214725781084
585,07,premotor,45,207,-0.021884898400814118
586,07,premotor,45,45,-0.053151685127377814
587,07,premotor,45,99,-0.04418746417549956
588,07,premotor,99,153,0.007404465980297197
589,07,premotor,99,207,0.004421564577683024
590,07,premotor,99,45,0.016337174823615824
591,07,premotor,99,99,-0.011281418291098426
592,07,motor,153,153,-0.0030253885616632094
593,07,motor,153,207,-0.03456139673604788
594,07,motor,153,45,0.020829872524211472
595,07,motor,153,99,0.041082393374598986
596,07,motor,207,153,0.01920433682401595
597,07,motor,207,207,0.017088141464972673
598,07,motor,207,45,-0.02743644220330271
599,07,motor,207,99,-0.01625792400627448
600,07,motor,45,153,-0.0010324859569804355
601,07,motor,45,207,0.03511478387883084
602,07,motor,45,45,-0.031057585434343372
603,07,motor,45,99,-0.015710114422359533
604,07,motor,99,153,0.0006645151711166261
605,07,motor,99,207,0.012770820669004083
606,07,motor,99,45,0.04604851990370323
607,07,motor,99,99,0.003069937147465094
608,07,v1,153,153,0.05632504459249754
609,07,v1,153,207,-0.08489348282409008
610,07,v1,153,45,-0.05068914166814306
611,07,v1,153,99,-0.015212025050642378
612,07,v1,207,153,0.027601875827988717
613,07,v1,207,207,0.11168296570495972
614,07,v1,207,45,-0.03488744574226438
615,07,v1,207,99,-0.10650420864765503
616,07,v1,45,153,-0.041381754333729134
617,07,v1,45,207,0.03349616513685905
618,07,v1,45,45,0.05481027884153624
619,07,v1,45,99,-0.028869611913438953
620,07,v1,99,153,-0.05672074821479882
621,07,v1,99,207,-0.05657697655769198
622,07,v1,99,45,0.0008993649425221677
623,07,v1,99,99,0.11258258442712499
624,07,sup_parietal,153,153,0.09936514986058129
625,07,sup_parietal,153,207,0.0350096036254737
626,07,sup_parietal,153,45,0.07138047668596631
627,07,sup_parietal,153,99,0.09457274299249455
628,07,sup_parietal,207,153,0.06315281264182288
629,07,sup_parietal,207,207,0.08540776791772392
630,07,sup_parietal,207,45,0.0009458923402868337
631,07,sup_parietal,207,99,0.03193331619482788
632,07,sup_parietal,45,153,-0.128066242938355
633,07,sup_parietal,45,207,0.012703478497166867
634,07,sup_parietal,45,45,-0.08698924440907853
635,07,sup_parietal,45,99,-0.11221846269981539
636,07,sup_parietal,99,153,-0.05198578248879747
637,07,sup_parietal,99,207,-0.13418856846772478
638,07,sup_parietal,99,45,0.027843077672976755
639,07,sup_parietal,99,99,-0.03221773331379348
640,07,inf_parietal,153,153,-0.01398134816653315
641,07,inf_parietal,153,207,0.011807991575359458
642,07,inf_parietal,153,45,0.06715585733239976
643,07,inf_parietal,153,99,0.06842535521065214
644,07,inf_parietal,207,153,-0.005895355664032046
645,07,inf_parietal,207,207,0.017912493769493255
646,07,inf_parietal,207,45,-0.05863326239693
647,07,inf_parietal,207,99,0.021203763494048407
648,07,inf_parietal,45,153,0.0032414409201972916
649,07,inf_parietal,45,207,-0.02691310461648982
650,07,inf_parietal,45,45,-0.0219559941917235
651,07,inf_parietal,45,99,-0.08442651534094309
652,07,inf_parietal,99,153,0.026079728525439983
653,07,inf_parietal,99,207,-0.0005084507868152108
654,07,inf_parietal,99,45,0.014901130468483799
655,07,inf_parietal,99,99,-0.020384322498704706
656,07,v5,153,153,0.013621822510860655
657,07,v5,153,207,0.027431324542646508
658,07,v5,153,45,0.044823944439207626
659,07,v5,153,99,0.08008045851672488
660,07,v5,207,153,0.04965266688374082
661,07,v5,207,207,-0.06188395625460671
662,07,v5,207,45,-0.0710746646861024
663,07,v5,207,99,0.07295255860394734
664,07,v5,45,153,-0.062271692395153885
665,07,v5,45,207,-0.016605848012377605
666,07,v5,45,45,-0.07167192063820658
667,07,v5,45,99,-0.12007536194557786
668,07,v5,99,153,0.04115648825180787
669,07,v5,99,207,0.027494766519163678
670,07,v5,99,45,0.1302193321513911
671,07,v5,99,99,-0.024591756784968097
672,08,premotor,153,153,-0.08289341232127784
673,08,premotor,153,207,-0.10019566368932874
674,08,premotor,153,45,-0.0578962321757887
675,08,premotor,153,99,-0.07657352736772062
676,08,premotor,207,153,0.009610290922422215
677,08,premotor,207,207,0.039561229871799775
678,08,premotor,207,45,-0.010822731470309356
679,08,premotor,207,99,0.042225391048842834
680,08,premotor,45,153,-0.01277085093972944
681,08,premotor,45,207,0.0017684827008268948
682,08,premotor,45,45,-0.03863031968759455
683,08,premotor,45,99,-0.02170533523354852
684,08,premotor,99,153,0.05382969258748988
685,08,premotor,99,207,0.0237217169834261
686,08,premotor,99,45,0.07562311853946971
687,08,premotor,99,99,0.020610813740135594
688,08,motor,153,153,-0.08548556320951735
689,08,motor,153,207,-0.11809917450589406
690,08,motor,153,45,-0.07984356839200027
691,08,motor,153,99,-0.056347383472312385
692,08,motor,207,153,0.02280992330456859
693,08,motor,207,207,0.06169990153741842
694,08,motor,207,45,0.0007404225050052452
695,08,motor,207,99,0.032133932183275336
696,08,motor,45,153,-0.011774043242953372
697,08,motor,45,207,0.009120167081218787
698,08,motor,45,45,-0.03263159135775825
699,08,motor,45,99,-0.013161741218906602
700,08,motor,99,153,0.04928872596246975
701,08,motor,99,207,0.027756369503024285
702,08,motor,99,45,0.06254016594890684
703,08,motor,99,99,0.019879903374169974
704,08,v1,153,153,0.01652500496135072
705,08,v1,153,207,0.02501046254785854
706,08,v1,153,45,0.027066089445597057
707,08,v1,153,99,0.026594532025004582
708,08,v1,207,153,0.08818908469006441
709,08,v1,207,207,0.11380286342655863
710,08,v1,207,45,0.005749190196652427
711,08,v1,207,99,0.047710050137033486
712,08,v1,45,153,-0.14408310719400075
713,08,v1,45,207,-0.10089394982155339
714,08,v1,45,45,-0.07464352081531508
715,08,v1,45,99,-0.10498571086099176
716,08,v1,99,153,0.00219444515299079
717,08,v1,99,207,-0.06241396854716207
718,08,v1,99,45,0.032929006321364515
719,08,v1,99,99,0.004588866961733954
720,08,sup_parietal,153,153,-0.01633925355628022
721,08,sup_parietal,153,207,-0.005573668812285937
722,08,sup_parietal,153,45,0.0045458076245169215
723,08,sup_parietal,153,99,0.01712937247101371
724,08,sup_parietal,207,153,0.04170628676240399
725,08,sup_parietal,207,207,0.059851290733938314
726,08,sup_parietal,207,45,0.014697788262376874
727,08,sup_parietal,207,99,0.006781105202564346
728,08,sup_parietal,45,153,-0.11124129589552027
729,08,sup_parietal,45,207,-0.07878351824858433
730,08,sup_parietal,45,45,-0.09951555240506046
731,08,sup_parietal,45,99,-0.06456817038213278
732,08,sup_parietal,99,153,0.06857882323982604
733,08,sup_parietal,99,207,0.006306350563749195
734,08,sup_parietal,99,45,0.08246397819318081
735,08,sup_parietal,99,99,0.02902553492822714
736,08,inf_parietal,153,153,-0.02450495218484245
737,08,inf_parietal,153,207,-0.04512381471516117
738,08,inf_parietal,153,45,0.010879227407133828
739,08,inf_parietal,153,99,-0.04364094449106438
740,08,inf_parietal,207,153,0.05031762486178623
741,08,inf_parietal,207,207,0.0813965009275043
742,08,inf_parietal,207,45,0.01459055273660804
743,08,inf_parietal,207,99,0.07102745591330492
744,08,inf_parietal,45,153,-7.570333290490405e-05
745,08,inf_parietal,45,207,0.0245040763567399
746,08,inf_parietal,45,45,-0.010939963976647878
747,08,inf_parietal,45,99,-0.026565783433454282
748,08,inf_parietal,99,153,-0.011810461732187832
749,08,inf_parietal,99,207,-0.0236522570352731
750,08,inf_parietal,99,45,-0.010183921727796589
751,08,inf_parietal,99,99,-0.00520034492981092
752,08,v5,153,153,0.11176727316038235
753,08,v5,153,207,0.037857924237518215
754,08,v5,153,45,-0.0866476106450304
755,08,v5,153,99,0.036198162227133
756,08,v5,207,153,0.1841532784746125
757,08,v5,207,207,0.11315626421602858
758,08,v5,207,45,0.19253786496595324
759,08,v5,207,99,0.2192292500464793
760,08,v5,45,153,-0.12155618046840841
761,08,v5,45,207,-0.037067965251598424
762,08,v5,45,45,0.021507330518196165
763,08,v5,45,99,-0.05637898590663216
764,08,v5,99,153,-0.08255553558969783
765,08,v5,99,207,-0.11766441024598515
766,08,v5,99,45,-0.08914093684317899
767,08,v5,99,99,-0.1344586562774128
768,09,premotor,153,153,-0.048996969609933494
769,09,premotor,153,207,-0.06685195186662819
770,09,premotor,153,45,-0.04107510974711027
771,09,premotor,153,99,-0.04399745352144216
772,09,premotor,207,153,0.08658445581983046
773,09,premotor,207,207,0.07645550632579438
774,09,premotor,207,45,0.030935715557332315
775,09,premotor,207,99,0.07948524642204961
776,09,premotor,45,153,-0.02263284627279038
777,09,premotor,45,207,-0.012977151823141258
778,09,premotor,45,45,0.02055266818980658
779,09,premotor,45,99,-0.0016681874962268181
780,09,premotor,99,153,-0.009630239421430525
781,09,premotor,99,207,0.028472632683347023
782,09,premotor,99,45,0.009885407195697426
783,09,premotor,99,99,-0.028396099574828394
784,09,motor,153,153,-0.062215528970076775
785,09,motor,153,207,-0.06924668723461035
786,09,motor,153,45,-0.008017500434295933
787,09,motor,153,99,-0.016686342609341348
788,09,motor,207,153,0.08819481106231844
789,09,motor,207,207,0.06853710753195712
790,09,motor,207,45,0.05165111575623468
791,09,motor,207,99,0.1539909610996253
792,09,motor,45,153,-0.010070722013167003
793,09,motor,45,207,-0.011855283337664542
794,09,motor,45,45,-0.04956723802119588
795,09,motor,45,99,-0.09586244028566346
796,09,motor,99,153,-0.02443496194549139
797,09,motor,99,207,-0.004654638959006443
798,09,motor,99,45,-0.02044765367720988
799,09,motor,99,99,-0.0497067165923005
800,09,v1,153,153,0.03809441137854279
801,09,v1,153,207,-0.033767337500535975
802,09,v1,153,45,0.006045708402333167
803,09,v1,153,99,-0.017910178998552965
804,09,v1,207,153,-0.005210431355278766
805,09,v1,207,207,0.02017690971121295
806,09,v1,207,45,-0.0709550916941446
807,09,v1,207,99,0.037701238671419036
808,09,v1,45,153,0.012968252795781893
809,09,v1,45,207,-0.03656518786664726
810,09,v1,45,45,0.030208542967455017
811,09,v1,45,99,-0.0009047224476885947
812,09,v1,99,153,-0.030630509335299004
813,09,v1,99,207,0.04183376113071867
814,09,v1,99,45,-0.007016550642415612
815,09,v1,99,99,-0.01489270388910315
816,09,sup_parietal,153,153,-0.053509375128669864
817,09,sup_parietal,153,207,-0.05231905636373242
818,09,sup_parietal,153,45,-0.041335232574029684
819,09,sup_parietal,153,99,-0.0667004253808525
820,09,sup_parietal,207,153,0.15444862393495007
821,09,sup_parietal,207,207,0.08935606000902903
822,09,sup_parietal,207,45,0.07234849433635512
823,09,sup_parietal,207,99,0.1773960153183739
824,09,sup_parietal,45,153,-0.047932107836765755
825,09,sup_parietal,45,207,-0.004888358869569016
826,09,sup_parietal,45,45,0.007850408303576115
827,09,sup_parietal,45,99,-0.0347810141714881
828,09,sup_parietal,99,153,-0.026387493877801156
829,09,sup_parietal,99,207,-0.020735267616873946
830,09,sup_parietal,99,45,-0.04394994787704611
831,09,sup_parietal,99,99,-0.06935502196573018
832,09,inf_parietal,153,153,-0.011412427017130532
833,09,inf_parietal,153,207,0.015142716682311078
834,09,inf_parietal,153,45,-0.012654591265007918
835,09,inf_parietal,153,99,-0.029105074842985103
836,09,inf_parietal,207,153,0.07554430856217051
837,09,inf_parietal,207,207,0.035391286735577454
838,09,inf_parietal,207,45,0.03903507032652852
839,09,inf_parietal,207,99,0.09576213259191045
840,09,inf_parietal,45,153,-0.00899396332168013
841,09,inf_parietal,45,207,-0.0010869180028449874
842,09,inf_parietal,45,45,0.02865146217615413
843,09,inf_parietal,45,99,0.00976011828287612
844,09,inf_parietal,99,153,-0.0418383284838281
845,09,inf_parietal,99,207,-0.029361590488690293
846,09,inf_parietal,99,45,-0.04402099782635517
847,09,inf_parietal,99,99,-0.09551844206179991
848,09,v5,153,153,0.049073539958418344
849,09,v5,153,207,-0.004400153717456966
850,09,v5,153,45,0.0433285622499244
851,09,v5,153,99,0.03158932851159004
852,09,v5,207,153,0.03216222222428244
853,09,v5,207,207,-0.06130809158924047
854,09,v5,207,45,-0.13930074219231375
855,09,v5,207,99,0.08065115212155623
856,09,v5,45,153,-0.12373061705845549
857,09,v5,45,207,0.01311547563057025
858,09,v5,45,45,0.027521789133183868
859,09,v5,45,99,-0.09529877833632974
860,09,v5,99,153,-0.001618158755530133
861,09,v5,99,207,0.03628722244264922
862,09,v5,99,45,0.04715719842008664
863,09,v5,99,99,-0.06634710064121893
864,11,premotor,153,153,-0.030401255015936768
865,11,premotor,153,207,0.02914171136040907
866,11,premotor,153,45,0.05106436196601262
867,11,premotor,153,99,-0.002416036694728072
868,11,premotor,207,153,0.14248535990756586
869,11,premotor,207,207,0.044580209779540816
870,11,premotor,207,45,-0.013616490614031002
871,11,premotor,207,99,0.13798048453997808
872,11,premotor,45,153,-0.02571681354066753
873,11,premotor,45,207,0.03783016181986783
874,11,premotor,45,45,0.03413486544590214
875,11,premotor,45,99,-0.03679364767995717
876,11,premotor,99,153,-0.10586768571819068
877,11,premotor,99,207,-0.11136738671930208
878,11,premotor,99,45,-0.0713017321816024
879,11,premotor,99,99,-0.11604230514576669
880,11,motor,153,153,-0.09541736921637917
881,11,motor,153,207,-0.053463968115926
882,11,motor,153,45,0.0252090654193533
883,11,motor,153,99,-0.05277841280119244
884,11,motor,207,153,0.11108743607286387
885,11,motor,207,207,0.06325181104311318
886,11,motor,207,45,-0.012243463548144491
887,11,motor,207,99,0.05245787014180764
888,11,motor,45,153,-0.015432211838178037
889,11,motor,45,207,0.027028872438537948
890,11,motor,45,45,-0.01735067486488732
891,11,motor,45,99,-0.0429106125229402
892,11,motor,99,153,-0.014931045590963837
893,11,motor,99,207,-0.038313106834813836
894,11,motor,99,45,0.01963115174370014
895,11,motor,99,99,0.03766025006743687
896,11,v1,153,153,0.07324645963175559
897,11,v1,153,207,-0.07557162534475068
898,11,v1,153,45,-0.029570039512657992
899,11,v1,153,99,-0.06361481203033129
900,11,v1,207,153,0.09782994181677335
901,11,v1,207,207,0.17612148529750396
902,11,v1,207,45,-0.0358598375181482
903,11,v1,207,99,0.02402025445717708
904,11,v1,45,153,-0.09237524814226927
905,11,v1,45,207,-0.025854988954474398
906,11,v1,45,45,0.11875948425609306
907,11,v1,45,99,-0.06276783954541451
908,11,v1,99,153,-0.10323360668705266
909,11,v1,99,207,-0.09730952469006215
910,11,v1,99,45,-0.06351657017567446
911,11,v1,99,99,0.09674812172166508
912,11,sup_parietal,153,153,0.03981130000495059
913,11,sup_parietal,153,207,-0.005601980684569144
914,11,sup_parietal,153,45,0.08217324639669604
915,11,sup_parietal,153,99,0.02375813184552385
916,11,sup_parietal,207,153,0.10313419587713807
917,11,sup_parietal,207,207,0.06168883586197302
918,11,sup_parietal,207,45,-0.042028236228893644
919,11,sup_parietal,207,99,0.12381080994965557
920,11,sup_parietal,45,153,-0.09845517593909592
921,11,sup_parietal,45,207,-0.03510325136505225
922,11,sup_parietal,45,45,-0.03271024178680019
923,11,sup_parietal,45,99,-0.13671755763627494
924,11,sup_parietal,99,153,-0.05371644475309243
925,11,sup_parietal,99,207,-0.01845908079630349
926,11,sup_parietal,99,45,-0.0007384338096454585
927,11,sup_parietal,99,99,-0.03801768388857531
928,11,inf_parietal,153,153,0.06872454386033935
929,11,inf_parietal,153,207,0.0547078822829486
930,11,inf_parietal,153,45,0.06342162487820001
931,11,inf_parietal,153,99,0.09274587712636514
932,11,inf_parietal,207,153,0.07831371787529827
933,11,inf_parietal,207,207,0.03882254812758592
934,11,inf_parietal,207,45,-0.08643038415651809
935,11,inf_parietal,207,99,0.07451091158113335
936,11,inf_parietal,45,153,-0.0347965053282548
937,11,inf_parietal,45,207,0.0017887386768275677
938,11,inf_parietal,45,45,-0.03193295874859134
939,11,inf_parietal,45,99,-0.05141780636148899
940,11,inf_parietal,99,153,-0.11198763917549903
941,11,inf_parietal,99,207,-0.07312545380217673
942,11,inf_parietal,99,45,0.05646798825387651
943,11,inf_parietal,99,99,-0.12549200436851685
944,11,v5,153,153,0.08555582489358932
945,11,v5,153,207,-0.10978380785032738
946,11,v5,153,45,-0.06363279728692936
947,11,v5,153,99,-0.05023990697902942
948,11,v5,207,153,0.03709298721030523
949,11,v5,207,207,-0.03225960041778232
950,11,v5,207,45,-0.05899241691982571
951,11,v5,207,99,-0.009991486666186739
952,11,v5,45,153,-0.025971734547384513
953,11,v5,45,207,0.1246733294826404
954,11,v5,45,45,0.0888944509233045
955,11,v5,45,99,0.055336037401377755
956,11,v5,99,153,-0.06811838104364751
957,11,v5,99,207,0.021519749219125264
958,11,v5,99,45,0.0554800906901021
959,11,v5,99,99,0.030785935272447724
960,12,premotor,153,153,-0.04274889176363376
961,12,premotor,153,207,0.000565933662657666
962,12,premotor,153,45,-0.04153856225883229
963,12,premotor,153,99,-0.03989952859005322
964,12,premotor,207,153,0.13006961061723166
965,12,premotor,207,207,0.055571436321581166
966,12,premotor,207,45,0.02499571109220504
967,12,premotor,207,99,0.1699379339787493
968,12,premotor,45,153,-0.0428155422630096
969,12,premotor,45,207,-0.005338000273511849
970,12,premotor,45,45,0.03558620491380615
971,12,premotor,45,99,-0.08066875703110081
972,12,premotor,99,153,-0.04628563228619319
973,12,premotor,99,207,-0.06498101680271393
974,12,premotor,99,45,-0.02946876596919499
975,12,premotor,99,99,-0.053191196975671026
976,12,motor,153,153,0.027607169370333647
977,12,motor,153,207,0.08924993192320357
978,12,motor,153,45,0.021602855333153106
979,12,motor,153,99,0.05298554370538206
980,12,motor,207,153,0.07164071225494688
981,12,motor,207,207,-0.027672253275436976
982,12,motor,207,45,-0.06670956786116665
983,12,motor,207,99,0.07154629869746479
984,12,motor,45,153,-0.0912926215201239
985,12,motor,45,207,-0.012268725788371028
986,12,motor,45,45,0.03093241983047028
987,12,motor,45,99,-0.08964501145340592
988,12,motor,99,153,0.002696734689418015
989,12,motor,99,207,-0.05196383624768491
990,12,motor,99,45,0.0002135706794753247
991,12,motor,99,99,-0.03440708694408556
992,12,v1,153,153,0.0882117787877652
993,12,v1,153,207,-0.0004390574742359904
994,12,v1,153,45,-0.03333151160241658
995,12,v1,153,99,0.08826964489273986
996,12,v1,207,153,0.08220116625948706
997,12,v1,207,207,0.10219048664563475
998,12,v1,207,45,-0.1918938579917105
999,12,v1,207,99,-0.08277711993345852
1000,12,v1,45,153,-0.14659700791589436
1001,12,v1,45,207,0.010936852016627002
1002,12,v1,45,45,0.19917784157050242
1003,12,v1,45,99,-0.17175845206358642
1004,12,v1,99,153,-0.0609319431516687
1005,12,v1,99,207,-0.09783544755878938
1006,12,v1,99,45,-0.0005546881018978662
1007,12,v1,99,99,0.16269433291451835
1008,12,sup_parietal,153,153,0.007332015423748985
1009,12,sup_parietal,153,207,-0.025732788842390168
1010,12,sup_parietal,153,45,-0.09368389889447104
1011,12,sup_parietal,153,99,-0.004882513770663533
1012,12,sup_parietal,207,153,0.09764694123734155
1013,12,sup_parietal,207,207,0.0764549594122048
1014,12,sup_parietal,207,45,0.005555072552669023
1015,12,sup_parietal,207,99,0.0908193783405824
1016,12,sup_parietal,45,153,-0.05335291287273952
1017,12,sup_parietal,45,207,0.011621724634170882
1018,12,sup_parietal,45,45,0.07640345035478618
1019,12,sup_parietal,45,99,0.027899744943628256
1020,12,sup_parietal,99,153,-0.08691754692885403
1021,12,sup_parietal,99,207,-0.06474659241509086
1022,12,sup_parietal,99,45,0.03350665461621524
1023,12,sup_parietal,99,99,-0.08296440203143556
1024,12,inf_parietal,153,153,-0.011168610179488917
1025,12,inf_parietal,153,207,0.006871344335866218
1026,12,inf_parietal,153,45,-0.06483307779309594
1027,12,inf_parietal,153,99,-0.006032745408167231
1028,12,inf_parietal,207,153,0.10032956618694566
1029,12,inf_parietal,207,207,0.09240555064940077
1030,12,inf_parietal,207,45,-0.021988754636792916
1031,12,inf_parietal,207,99,0.13981512820162317
1032,12,inf_parietal,45,153,-0.11475290694991883
1033,12,inf_parietal,45,207,-0.05121535071544624
1034,12,inf_parietal,45,45,0.0627596379485896
1035,12,inf_parietal,45,99,-0.1944042643020123
1036,12,inf_parietal,99,153,-0.008367811514825737
1037,12,inf_parietal,99,207,-0.054917189882252505
1038,12,inf_parietal,99,45,0.024195390180597062
1039,12,inf_parietal,99,99,0.015314503045022888
1040,12,v5,153,153,0.09346867757061669
1041,12,v5,153,207,0.022566950043526095
1042,12,v5,153,45,-0.055095733049443554
1043,12,v5,153,99,0.16241530885105418
1044,12,v5,207,153,0.15149163653909506
1045,12,v5,207,207,0.134376253631283
1046,12,v5,207,45,0.15310842922234524
1047,12,v5,207,99,0.1463098945488557
1048,12,v5,45,153,-0.10438437472814238
1049,12,v5,45,207,-0.038139123571699365
1050,12,v5,45,45,0.08548955847976294
1051,12,v5,45,99,-0.007987581220996867
1052,12,v5,99,153,-0.23887096247365955
1053,12,v5,99,207,-0.2021466379197366
1054,12,v5,99,45,-0.24219662701956413
1055,12,v5,99,99,-0.3449449770908737
1056,13,premotor,153,153,-0.023721313485244644
1057,13,premotor,153,207,-0.043412759521555856
1058,13,premotor,153,45,-0.04092190551561922
1059,13,premotor,153,99,-0.036817255148519135
1060,13,premotor,207,153,0.045805860555136045
1061,13,premotor,207,207,0.07239840690654344
1062,13,premotor,207,45,-0.0399497072653409
1063,13,premotor,207,99,0.016811965154135397
1064,13,premotor,45,153,-0.019045196301252426
1065,13,premotor,45,207,-0.044861299982411104
1066,13,premotor,45,45,0.03578846233056578
1067,13,premotor,45,99,0.00883062266089586
1068,13,premotor,99,153,-0.015668087111290828
1069,13,premotor,99,207,0.002224631001064261
1070,13,premotor,99,45,0.03733997391915682
1071,13,premotor,99,99,-0.004740531141601723
1072,13,motor,153,153,-0.005476488561107187
1073,13,motor,153,207,-0.019647936969255313
1074,13,motor,153,45,-0.005184953225665357
1075,13,motor,153,99,-0.02021416008353141
1076,13,motor,207,153,0.04566252161977532
1077,13,motor,207,207,0.05926166401620156
1078,13,motor,207,45,0.015182194334777497
1079,13,motor,207,99,0.04061774423909713
1080,13,motor,45,153,-0.008356084064612156
1081,13,motor,45,207,-0.04140723749991171
1082,13,motor,45,45,0.007803410651959616
1083,13,motor,45,99,-0.03900151698361502
1084,13,motor,99,153,-0.03341535386782316
1085,13,motor,99,207,-0.009153131689666858
1086,13,motor,99,45,-0.014078248075848069
1087,13,motor,99,99,0.019197333906532384
1088,13,v1,153,153,0.032671693115562866
1089,13,v1,153,207,0.047308724944569606
1090,13,v1,153,45,-0.01740228957453238
1091,13,v1,153,99,-0.0022276351911553246
1092,13,v1,207,153,0.04579313297520411
1093,13,v1,207,207,0.19546003389828515
1094,13,v1,207,45,-0.07050785560030143
1095,13,v1,207,99,-0.02488641282666943
1096,13,v1,45,153,-0.047031107804713534
1097,13,v1,45,207,-0.1319655252711539
1098,13,v1,45,45,0.13382100615537595
1099,13,v1,45,99,-0.06893568282161378
1100,13,v1,99,153,-0.030878269675151365
1101,13,v1,99,207,-0.12025720330239449
1102,13,v1,99,45,-0.06490021335282359
1103,13,v1,99,99,0.045673354447819184
1104,13,sup_parietal,153,153,0.016222954741329766
1105,13,sup_parietal,153,207,0.07197109474311895
1106,13,sup_parietal,153,45,-0.0246858111638504
1107,13,sup_parietal,153,99,0.013647296266799225
1108,13,sup_parietal,207,153,0.024384792735214142
1109,13,sup_parietal,207,207,0.04034599848880109
1110,13,sup_parietal,207,45,-0.028403975832329138
1111,13,sup_parietal,207,99,0.011966071118518714
1112,13,sup_parietal,45,153,-0.07975670389163274
1113,13,sup_parietal,45,207,-0.14036831337216762
1114,13,sup_parietal,45,45,0.04437297465036215
1115,13,sup_parietal,45,99,-0.06514472101122792
1116,13,sup_parietal,99,153,0.002964068748549581
1117,13,sup_parietal,99,207,-0.011933003798065635
1118,13,sup_parietal,99,45,-0.03838968807749665
1119,13,sup_parietal,99,99,-0.0142494016799001
1120,13,inf_parietal,153,153,0.030148572649834355
1121,13,inf_parietal,153,207,0.05228507498160216
1122,13,inf_parietal,153,45,-0.03584851835186673
1123,13,inf_parietal,153,99,0.01002133417798628
1124,13,inf_parietal,207,153,0.08137412691165614
1125,13,inf_parietal,207,207,0.0689386205639301
1126,13,inf_parietal,207,45,0.032443773070963806
1127,13,inf_parietal,207,99,0.07791725931769178
1128,13,inf_parietal,45,153,-0.0639782733524392
1129,13,inf_parietal,45,207,-0.062888903707526
1130,13,inf_parietal,45,45,-0.008633492341861997
1131,13,inf_parietal,45,99,-0.053972060664943575
1132,13,inf_parietal,99,153,-0.039846505950689864
1133,13,inf_parietal,99,207,-0.04774389015623022
1134,13,inf_parietal,99,45,0.011920862613480064
1135,13,inf_parietal,99,99,-0.06030206491396108
1136,13,v5,153,153,-0.0057831210212100324
1137,13,v5,153,207,0.036140833567627595
1138,13,v5,153,45,0.08365919967961571
1139,13,v5,153,99,0.024383801709117782
1140,13,v5,207,153,-0.02134968378108562
1141,13,v5,207,207,-0.004787016449184538
1142,13,v5,207,45,-0.10417393036326826
1143,13,v5,207,99,-0.10415476122002287
1144,13,v5,45,153,-0.0019981051897800216
1145,13,v5,45,207,-0.12120733186759877
1146,13,v5,45,45,0.06646849323048307
1147,13,v5,45,99,-0.08314433594496884
1148,13,v5,99,153,0.0334240599467562
1149,13,v5,99,207,0.08195521768378598
1150,13,v5,99,45,-0.019194732217267967
1151,13,v5,99,99,0.1073420422958504
1152,14,premotor,153,153,0.03037720072389624
1153,14,premotor,153,207,0.0889739503257211
1154,14,premotor,153,45,0.060985441385236386
1155,14,premotor,153,99,0.04539345735182693
1156,14,premotor,207,153,0.10067635762568249
1157,14,premotor,207,207,0.05045110431610768
1158,14,premotor,207,45,0.07729675107221588
1159,14,premotor,207,99,0.12173296990007272
1160,14,premotor,45,153,-0.08383564401456
1161,14,premotor,45,207,-0.11857727926192806
1162,14,premotor,45,45,-0.121554342634993
1163,14,premotor,45,99,-0.100547186232479
1164,14,premotor,99,153,-0.07343274365759275
1165,14,premotor,99,207,-0.02039236923936911
1166,14,premotor,99,45,-0.039698238377621944
1167,14,premotor,99,99,-0.08647785009550704
1168,14,motor,153,153,0.029446421081366567
1169,14,motor,153,207,0.10312167861462847
1170,14,motor,153,45,0.04944889449391067
1171,14,motor,153,99,0.04324636514730301
1172,14,motor,207,153,0.054473853841718184
1173,14,motor,207,207,0.007251112696808405
1174,14,motor,207,45,0.037228343063501854
1175,14,motor,207,99,0.0596036704875568
1176,14,motor,45,153,-0.046530190983489865
1177,14,motor,45,207,-0.1071734308426529
1178,14,motor,45,45,-0.10347683000736944
1179,14,motor,45,99,-0.07038637618283342
1180,14,motor,99,153,-0.08224261532848942
1181,14,motor,99,207,-0.02038378988527676
1182,14,motor,99,45,-0.05817685636154523
1183,14,motor,99,99,-0.08266925971000089
1184,14,v1,153,153,0.07273648417455214
1185,14,v1,153,207,0.057744210379030575
1186,14,v1,153,45,-0.06413872289449916
1187,14,v1,153,99,-0.020877105386732382
1188,14,v1,207,153,0.128544922862881
1189,14,v1,207,207,0.007454300223528492
1190,14,v1,207,45,0.014507208866920382
1191,14,v1,207,99,0.15909723107279927
1192,14,v1,45,153,-0.13795578195989935
1193,14,v1,45,207,-0.12094497199275075
1194,14,v1,45,45,0.07424716293253072
1195,14,v1,45,99,-0.13445939122853312
1196,14,v1,99,153,-0.11317425830745724
1197,14,v1,99,207,0.02723680633404368
1198,14,v1,99,45,-0.018974679135745257
1199,14,v1,99,99,-0.028855065201991298
1200,14,sup_parietal,153,153,0.021287304866500024
1201,14,sup_parietal,153,207,0.08061759915709386
1202,14,sup_parietal,153,45,0.11253377967081812
1203,14,sup_parietal,153,99,0.018062049822573062
1204,14,sup_parietal,207,153,0.0615984247292275
1205,14,sup_parietal,207,207,-0.03542420334802918
1206,14,sup_parietal,207,45,-0.055755090034400503
1207,14,sup_parietal,207,99,0.06823787192740596
1208,14,sup_parietal,45,153,-0.05451959229512132
1209,14,sup_parietal,45,207,-0.06942779481990818
1210,14,sup_parietal,45,45,-0.06724276031316381
1211,14,sup_parietal,45,99,-0.09971558938188634
1212,14,sup_parietal,99,153,-0.0867713192820361
1213,14,sup_parietal,99,207,-0.01890504122567555
1214,14,sup_parietal,99,45,-0.03524970630079804
1215,14,sup_parietal,99,99,-0.062454032998440975
1216,14,inf_parietal,153,153,0.04279354894797311
1217,14,inf_parietal,153,207,0.08936177798016268
1218,14,inf_parietal,153,45,0.11720750944600991
1219,14,inf_parietal,153,99,0.033378628531197684
1220,14,inf_parietal,207,153,0.10940226057254578
1221,14,inf_parietal,207,207,-0.07330039462150423
1222,14,inf_parietal,207,45,0.017133614406825055
1223,14,inf_parietal,207,99,0.13290071741342557
1224,14,inf_parietal,45,153,-0.11090261742152244
1225,14,inf_parietal,45,207,-0.08036641930192008
1226,14,inf_parietal,45,45,-0.07022918689669459
1227,14,inf_parietal,45,99,-0.1105313692225848
1228,14,inf_parietal,99,153,-0.07178432777580901
1229,14,inf_parietal,99,207,0.03560775500224511
1230,14,inf_parietal,99,45,-0.08440555940562197
1231,14,inf_parietal,99,99,-0.0816081634363412
1232,14,v5,153,153,0.012266750446859494
1233,14,v5,153,207,0.23263182835321544
1234,14,v5,153,45,0.13964678082250753
1235,14,v5,153,99,-0.018814620466417575
1236,14,v5,207,153,0.09742447164089871
1237,14,v5,207,207,-0.03141202525819048
1238,14,v5,207,45,-0.06036469386261771
1239,14,v5,207,99,0.13194776894712518
1240,14,v5,45,153,-0.0885327985810897
1241,14,v5,45,207,-0.1998508253098873
1242,14,v5,45,45,0.00843660140010425
1243,14,v5,45,99,-0.05581389974238666
1244,14,v5,99,153,-0.07529195535931328
1245,14,v5,99,207,-0.009663648898503047
1246,14,v5,99,45,-0.10675739434129206
1247,14,v5,99,99,-0.07281644441291239
1248,15,premotor,153,153,0.09855525022670636
1249,15,premotor,153,207,0.08312078181209187
1250,15,premotor,153,45,0.0860808725961173
1251,15,premotor,153,99,0.11032283609634438
1252,15,premotor,207,153,0.013081586510904405
1253,15,premotor,207,207,-0.038779717190598376
1254,15,premotor,207,45,-0.024446097926918882
1255,15,premotor,207,99,-0.0022472109631183085
1256,15,premotor,45,153,-0.04442841066659994
1257,15,premotor,45,207,-0.03088637145683486
1258,15,premotor,45,45,-0.030741464835354546
1259,15,premotor,45,99,-0.0738686170940625
1260,15,premotor,99,153,-0.04695745510948683
1261,15,premotor,99,207,-0.0005931237216637757
1262,15,premotor,99,45,0.0002828546069663018
1263,15,premotor,99,99,-0.012154893284061065
1264,15,motor,153,153,0.10255210853683089
1265,15,motor,153,207,0.15309432272555556
1266,15,motor,153,45,0.13884021544694286
1267,15,motor,153,99,0.16177661547445815
1268,15,motor,207,153,-0.002416816548432491
1269,15,motor,207,207,-0.03505051645877736
1270,15,motor,207,45,-0.04472603611227047
1271,15,motor,207,99,-0.04729930848137043
1272,15,motor,45,153,-0.03805601045312847
1273,15,motor,45,207,-0.06314029330266498
1274,15,motor,45,45,-0.03301935230186627
1275,15,motor,45,99,-0.028022298293475335
1276,15,motor,99,153,-0.035003768545037714
1277,15,motor,99,207,-0.019546847656990104
1278,15,motor,99,45,-0.015782381577501343
1279,15,motor,99,99,-0.046419606242436906
1280,15,v1,153,153,0.08795456900313155
1281,15,v1,153,207,0.00407867820682474
1282,15,v1,153,45,0.04300401002648735
1283,15,v1,153,99,0.0575890751685654
1284,15,v1,207,153,0.02114647658319148
1285,15,v1,207,207,0.045641823000327805
1286,15,v1,207,45,-0.0844715714181871
1287,15,v1,207,99,0.010901377225955557
1288,15,v1,45,153,-0.06745190076478076
1289,15,v1,45,207,-0.06493514542882076
1290,15,v1,45,45,0.04953454589173763
1291,15,v1,45,99,-0.06609103990243403
1292,15,v1,99,153,-0.06716336921387792
1293,15,v1,99,207,0.003818137944383451
1294,15,v1,99,45,-0.033210014129393034
1295,15,v1,99,99,-0.021238558537573084
1296,15,sup_parietal,153,153,0.057378489762746954
1297,15,sup_parietal,153,207,0.01913344559258842
1298,15,sup_parietal,153,45,0.036478462063191094
1299,15,sup_parietal,153,99,0.07181057150020599
1300,15,sup_parietal,207,153,-0.019811394399747394
1301,15,sup_parietal,207,207,0.00849334899112442
1302,15,sup_parietal,207,45,0.02211753367274758
1303,15,sup_parietal,207,99,0.02910146773564709
1304,15,sup_parietal,45,153,-0.03827949489469126
1305,15,sup_parietal,45,207,-0.020167170534308023
1306,15,sup_parietal,45,45,-0.0466988774865401
1307,15,sup_parietal,45,99,-0.04390566198349952
1308,15,sup_parietal,99,153,-0.02731772644731609
1309,15,sup_parietal,99,207,-0.0020999403831197874
1310,15,sup_parietal,99,45,-0.046207997049924336
1311,15,sup_parietal,99,99,-0.09665036197224147
1312,15,inf_parietal,153,153,0.042055311336340516
1313,15,inf_parietal,153,207,0.04080465250691649
1314,15,inf_parietal,153,45,0.03614968385110593
1315,15,inf_parietal,153,99,0.05147978070058674
1316,15,inf_parietal,207,153,-0.007720629850211701
1317,15,inf_parietal,207,207,0.0074630916878011405
1318,15,inf_parietal,207,45,-0.055423783751640684
1319,15,inf_parietal,207,99,-0.0049986584294762024
1320,15,inf_parietal,45,153,0.011920766819291256
1321,15,inf_parietal,45,207,-0.09584189780996841
1322,15,inf_parietal,45,45,0.013949820889948457
1323,15,inf_parietal,45,99,-0.03907977910125153
1324,15,inf_parietal,99,153,-0.033773607741158604
1325,15,inf_parietal,99,207,0.04198414639015448
1326,15,inf_parietal,99,45,0.01352843598143444
1327,15,inf_parietal,99,99,-0.013224344669040867
1328,15,v5,153,153,0.006102276308087302
1329,15,v5,153,207,0.020974097735411
1330,15,v5,153,45,0.004545939117483976
1331,15,v5,153,99,0.01002280901455041
1332,15,v5,207,153,0.006145837808893946
1333,15,v5,207,207,-0.0161984919896946
1334,15,v5,207,45,0.011961904960893822
1335,15,v5,207,99,-0.0037483367733202617
1336,15,v5,45,153,-0.1342643920228144
1337,15,v5,45,207,-0.0022932437409635444
1338,15,v5,45,45,-0.003275401534735968
1339,15,v5,45,99,-0.13539299200573351
1340,15,v5,99,153,-0.022989448936318768
1341,15,v5,99,207,-0.017890982489193085
1342,15,v5,99,45,-0.07748924164840079
1343,15,v5,99,99,0.03296622469597196
1344,16,premotor,153,153,0.011030833067170332
1345,16,premotor,153,207,0.01926488850450308
1346,16,premotor,153,45,-0.0335084158110193
1347,16,premotor,153,99,0.036822671371688896
1348,16,premotor,207,153,0.07776693156921353
1349,16,premotor,207,207,-0.013523141453208895
1350,16,premotor,207,45,-0.007228551584563344
1351,16,premotor,207,99,0.020549092089400863
1352,16,premotor,45,153,-0.09661451551838447
1353,16,premotor,45,207,-0.05994758225394124
1354,16,premotor,45,45,-0.01809187769482572
1355,16,premotor,45,99,-0.04123067984840036
1356,16,premotor,99,153,-0.009324539454294694
1357,16,premotor,99,207,0.0350540105463437
1358,16,premotor,99,45,0.04850080186829231
1359,16,premotor,99,99,-0.043868423044087335
1360,16,motor,153,153,0.008503223010442845
1361,16,motor,153,207,0.004605730461413783
1362,16,motor,153,45,0.007762576498955731
1363,16,motor,153,99,0.08932767316067741
1364,16,motor,207,153,0.008145751774709968
1365,16,motor,207,207,0.008040322623318517
1366,16,motor,207,45,-0.04222542046276874
1367,16,motor,207,99,-0.0314412537408396
1368,16,motor,45,153,-0.0512375678647808
1369,16,motor,45,207,-0.02558752919909682
1370,16,motor,45,45,-0.023143474213718884
1371,16,motor,45,99,-0.012531747311018403
1372,16,motor,99,153,0.02554821299054918
1373,16,motor,99,207,0.010400018381177083
1374,16,motor,99,45,0.05780305070928458
1375,16,motor,99,99,-0.07875144464242297
1376,16,v1,153,153,0.11438405819116801
1377,16,v1,153,207,0.008396735817414893
1378,16,v1,153,45,-0.027608497207526134
1379,16,v1,153,99,0.018515273697100702
1380,16,v1,207,153,0.04021953435746381
1381,16,v1,207,207,0.17145009391310836
1382,16,v1,207,45,-0.06240306651193049
1383,16,v1,207,99,0.0892510994914018
1384,16,v1,45,153,-0.11377579882343933
1385,16,v1,45,207,-0.14328595560064578
1386,16,v1,45,45,0.1514912266713751
1387,16,v1,45,99,-0.10806268302143283
1388,16,v1,99,153,-0.10549418022738266
1389,16,v1,99,207,-0.07682820004418905
1390,16,v1,99,45,-0.1055575096926872
1391,16,v1,99,99,-0.054700324419494184
1392,16,sup_parietal,153,153,0.07966530335558782
1393,16,sup_parietal,153,207,0.07271157701501846
1394,16,sup_parietal,153,45,0.01154485189626122
1395,16,sup_parietal,153,99,0.12892237348743582
1396,16,sup_parietal,207,153,0.07127142401976246
1397,16,sup_parietal,207,207,0.07569550407538
1398,16,sup_parietal,207,45,0.006665117618389935
1399,16,sup_parietal,207,99,-0.003920012625263203
1400,16,sup_parietal,45,153,-0.06610876803901085
1401,16,sup_parietal,45,207,-0.0918223593196835
1402,16,sup_parietal,45,45,-0.015175506807291083
1403,16,sup_parietal,45,99,-0.03241140580971986
1404,16,sup_parietal,99,153,-0.09236359543141265
1405,16,sup_parietal,99,207,-0.05302077951382379
1406,16,sup_parietal,99,45,-0.0349047637052001
1407,16,sup_parietal,99,99,-0.13882553589958663
1408,16,inf_parietal,153,153,0.08124355684283395
1409,16,inf_parietal,153,207,0.11917039734581067
1410,16,inf_parietal,153,45,0.04758351381722746
1411,16,inf_parietal,153,99,0.07788188399594986
1412,16,inf_parietal,207,153,0.05627606906335668
1413,16,inf_parietal,207,207,-0.03559798354909115
1414,16,inf_parietal,207,45,-0.012048740937329123
1415,16,inf_parietal,207,99,0.07880890210198288
1416,16,inf_parietal,45,153,-0.0794669812327562
1417,16,inf_parietal,45,207,-0.012427237736717417
1418,16,inf_parietal,45,45,-0.027442231792028576
1419,16,inf_parietal,45,99,-0.06220802185552598
1420,16,inf_parietal,99,153,-0.059126646184486646
1421,16,inf_parietal,99,207,-0.05287497654118546
1422,16,inf_parietal,99,45,-0.019376262329182437
1423,16,inf_parietal,99,99,-0.11743655347839212
1424,16,v5,153,153,0.1449499207962843
1425,16,v5,153,207,0.026237106554740403
1426,16,v5,153,45,0.11375482654775826
1427,16,v5,153,99,0.17161684552387524
1428,16,v5,207,153,0.13760465533422114
1429,16,v5,207,207,0.09428608669391243
1430,16,v5,207,45,0.06056291904174554
1431,16,v5,207,99,-0.016006172258333815
1432,16,v5,45,153,-0.100623585374506
1433,16,v5,45,207,-0.12387868563321036
1434,16,v5,45,45,-0.022828248174948995
1435,16,v5,45,99,-0.1381201400426212
1436,16,v5,99,153,-0.15201758683831532
1437,16,v5,99,207,0.01766226754938162
1438,16,v5,99,45,-0.12295162407486619
1439,16,v5,99,99,-0.0656000818218237
1440,17,premotor,153,153,0.03303110832697995
1441,17,premotor,153,207,0.034706112062467966
1442,17,premotor,153,45,0.06750768689928836
1443,17,premotor,153,99,0.06707278321472307
1444,17,premotor,207,153,0.006145529556468433
1445,17,premotor,207,207,0.02590532405639798
1446,17,premotor,207,45,-0.015658654152034733
1447,17,premotor,207,99,-0.0018540203721866084
1448,17,premotor,45,153,-0.012128997753573824
1449,17,premotor,45,207,-0.06258494412348017
1450,17,premotor,45,45,-0.06456202870646527
1451,17,premotor,45,99,-0.055611379596223205
1452,17,premotor,99,153,-0.036021811238460155
1453,17,premotor,99,207,-0.006859837357655265
1454,17,premotor,99,45,0.00220494486820985
1455,17,premotor,99,99,-0.022664250259198344
1456,17,motor,153,153,0.013783320069373295
1457,17,motor,153,207,0.06891364428440785
1458,17,motor,153,45,0.038289923302046835
1459,17,motor,153,99,0.06885405971279043
1460,17,motor,207,153,-0.07493076221990536
1461,17,motor,207,207,0.02200875131758989
1462,17,motor,207,45,0.015802199324006918
1463,17,motor,207,99,-0.010639530193124516
1464,17,motor,45,153,0.026382366822563223
1465,17,motor,45,207,-0.061699975822367165
1466,17,motor,45,45,-0.049409182855954074
1467,17,motor,45,99,-0.05868156541369178
1468,17,motor,99,153,-0.007315417232492884
1469,17,motor,99,207,-0.039040924968678545
1470,17,motor,99,45,-0.009982023649080289
1471,17,motor,99,99,-0.006559306203896123
1472,17,v1,153,153,0.18117238325283253
1473,17,v1,153,207,0.021445323535967283
1474,17,v1,153,45,-0.11767419681432845
1475,17,v1,153,99,-0.07150245427379584
1476,17,v1,207,153,0.012451554654147514
1477,17,v1,207,207,0.1950911733867859
1478,17,v1,207,45,-0.14428450936594006
1479,17,v1,207,99,-0.18075208455553143
1480,17,v1,45,153,-0.22288627087811097
1481,17,v1,45,207,-0.11935652661609791
1482,17,v1,45,45,0.33242038491512216
1483,17,v1,45,99,-0.11997851260655516
1484,17,v1,99,153,-0.05423430691818801
1485,17,v1,99,207,-0.13609068136160044
1486,17,v1,99,45,-0.07155320632528392
1487,17,v1,99,99,0.32971115158441533
1488,17,sup_parietal,153,153,-0.005868906330510518
1489,17,sup_parietal,153,207,-0.021567837328116336
1490,17,sup_parietal,153,45,0.017626195310992725
1491,17,sup_parietal,153,99,0.018877914797733958
1492,17,sup_parietal,207,153,0.05395985715267704
1493,17,sup_parietal,207,207,0.12482299472169017
1494,17,sup_parietal,207,45,-0.040154227948808345
1495,17,sup_parietal,207,99,-0.01023432714340805
1496,17,sup_parietal,45,153,-0.1445743474648101
1497,17,sup_parietal,45,207,-0.07827045330771049
1498,17,sup_parietal,45,45,-0.09124011317177977
1499,17,sup_parietal,45,99,-0.10897675649075966
1500,17,sup_parietal,99,153,0.03885263973439265
1501,17,sup_parietal,99,207,-0.07968862366941983
1502,17,sup_parietal,99,45,0.09093721468502501
1503,17,sup_parietal,99,99,0.04234678915170066
1504,17,inf_parietal,153,153,0.01474687608966627
1505,17,inf_parietal,153,207,0.04267894974171542
1506,17,inf_parietal,153,45,0.13055137923738858
1507,17,inf_parietal,153,99,0.06270220585484969
1508,17,inf_parietal,207,153,0.003699377739454746
1509,17,inf_parietal,207,207,0.017331182594176063
1510,17,inf_parietal,207,45,-0.08367190554409366
1511,17,inf_parietal,207,99,-0.00766490809567235
1512,17,inf_parietal,45,153,-0.043175411227510355
1513,17,inf_parietal,45,207,-0.03784527973376631
1514,17,inf_parietal,45,45,-0.055039241054177075
1515,17,inf_parietal,45,99,-0.08615717643311636
1516,17,inf_parietal,99,153,0.027839333632452334
1517,17,inf_parietal,99,207,-0.029256208613471488
1518,17,inf_parietal,99,45,0.010993417137435995
1519,17,inf_parietal,99,99,0.04322802693797442
1520,17,v5,153,153,-0.023158751066110365
1521,17,v5,153,207,-0.05342299748124477
1522,17,v5,153,45,-0.05848865352689848
1523,17,v5,153,99,-0.15908811224997593
1524,17,v5,207,153,0.10513369865690514
1525,17,v5,207,207,0.1688442228878686
1526,17,v5,207,45,0.16069710591038328
1527,17,v5,207,99,0.07323470266350143
1528,17,v5,45,153,-0.13923537101606231
1529,17,v5,45,207,-0.06375468102597046
1530,17,v5,45,45,0.04382011669471594
1531,17,v5,45,99,0.05504683502254324
1532,17,v5,99,153,0.055960645106242046
1533,17,v5,99,207,-0.09700472633296235
1534,17,v5,99,45,-0.1209382084913312
1535,17,v5,99,99,0.035457978469522214
1536,18,premotor,153,153,0.020854496447219942
1537,18,premotor,153,207,-0.013246068183969855
1538,18,premotor,153,45,0.002346876165578538
1539,18,premotor,153,99,0.030220829091882402
1540,18,premotor,207,153,0.10085510539331896
1541,18,premotor,207,207,0.0014041810614315192
1542,18,premotor,207,45,-0.027486409296764498
1543,18,premotor,207,99,0.09839724562337109
1544,18,premotor,45,153,0.006606957879908729
1545,18,premotor,45,207,0.0700611748099178
1546,18,premotor,45,45,0.06379558812539471
1547,18,premotor,45,99,-0.014504814932530185
1548,18,premotor,99,153,-0.12724691243501646
1549,18,premotor,99,207,-0.042346023718930884
1550,18,premotor,99,45,-0.030215146654297732
1551,18,premotor,99,99,-0.11425565410266202
1552,18,motor,153,153,-0.01974672920291355
1553,18,motor,153,207,-0.044802948547186396
1554,18,motor,153,45,0.004168979172286655
1555,18,motor,153,99,0.023730261470085952
1556,18,motor,207,153,0.11302092963151641
1557,18,motor,207,207,-0.05349019325429322
1558,18,motor,207,45,-0.06408385500549249
1559,18,motor,207,99,0.10189593078203496
1560,18,motor,45,153,-0.020126771558960973
1561,18,motor,45,207,0.08811500067908108
1562,18,motor,45,45,0.09065760433095299
1563,18,motor,45,99,-0.05689105196992126
1564,18,motor,99,153,-0.10183302867385219
1565,18,motor,99,207,0.01163275839559635
1566,18,motor,99,45,-0.02789374920611417
1567,18,motor,99,99,-0.1144651053185011
1568,18,v1,153,153,0.23076262475337211
1569,18,v1,153,207,-0.04860140845573421
1570,18,v1,153,45,-0.13470594749331416
1571,18,v1,153,99,-0.07859672222773026
1572,18,v1,207,153,-0.0940123304177092
1573,18,v1,207,207,0.1593902357693017
1574,18,v1,207,45,-0.15316769400401523
1575,18,v1,207,99,-0.02044057327901411
1576,18,v1,45,153,-0.08810855046090511
1577,18,v1,45,207,-0.05083707137857264
1578,18,v1,45,45,0.3148747278902042
1579,18,v1,45,99,-0.16051480125144885
1580,18,v1,99,153,-0.10509546958307604
1581,18,v1,99,207,-0.06628517338660275
1582,18,v1,99,45,-0.045075563485057285
1583,18,v1,99,99,0.19960929576757297
1584,18,sup_parietal,153,153,-0.007735875629779079
1585,18,sup_parietal,153,207,-0.11113458531541338
1586,18,sup_parietal,153,45,0.027356708743205116
1587,18,sup_parietal,153,99,0.021917616755361306
1588,18,sup_parietal,207,153,-0.001297215838736137
1589,18,sup_parietal,207,207,-0.0320892572683886
1590,18,sup_parietal,207,45,-0.13370655230612177
1591,18,sup_parietal,207,99,0.07752215846019532
1592,18,sup_parietal,45,153,-0.05370848963188625
1593,18,sup_parietal,45,207,0.12042836731512577
1594,18,sup_parietal,45,45,0.0509060575234017
1595,18,sup_parietal,45,99,-0.0895381162551818
1596,18,sup_parietal,99,153,0.058772043378699526
1597,18,sup_parietal,99,207,0.03862175269163312
1598,18,sup_parietal,99,45,0.04243261299887085
1599,18,sup_parietal,99,99,-0.02240180563118753
1600,18,inf_parietal,153,153,0.013383421827567986
1601,18,inf_parietal,153,207,-0.023937200834708745
1602,18,inf_parietal,153,45,0.006368320739210023
1603,18,inf_parietal,153,99,0.02607718760193725
1604,18,inf_parietal,207,153,0.11876080790968783
1605,18,inf_parietal,207,207,-0.010176380009664665
1606,18,inf_parietal,207,45,-0.044032000015647256
1607,18,inf_parietal,207,99,0.1531809776636939
1608,18,inf_parietal,45,153,-0.03531268640071601
1609,18,inf_parietal,45,207,0.041336387274037226
1610,18,inf_parietal,45,45,0.025437196781684143
1611,18,inf_parietal,45,99,-0.08525940348013636
1612,18,inf_parietal,99,153,-0.11176611579498866
1613,18,inf_parietal,99,207,-0.02466910484773451
1614,18,inf_parietal,99,45,0.014544896983372767
1615,18,inf_parietal,99,99,-0.1143304125686302
1616,18,v5,153,153,0.04215320766015547
1617,18,v5,153,207,-0.04815917057169022
1618,18,v5,153,45,-0.016125882871925477
1619,18,v5,153,99,-0.04028463839735429
1620,18,v5,207,153,0.06632720314295167
1621,18,v5,207,207,0.013033332520977312
1622,18,v5,207,45,-0.07599714348191833
1623,18,v5,207,99,0.04227281598509662
1624,18,v5,45,153,0.020637643197390646
1625,18,v5,45,207,0.1423156435117879
1626,18,v5,45,45,0.10773868130293336
1627,18,v5,45,99,0.05307689467521999
1628,18,v5,99,153,-0.016619159589438437
1629,18,v5,99,207,-0.013925952627328368
1630,18,v5,99,45,0.05079036838691862
1631,18,v5,99,99,-0.024894676579898356
1632,19,premotor,153,153,-0.01594025920897752
1633,19,premotor,153,207,-0.0812658798230427
1634,19,premotor,153,45,-0.0699535412665408
1635,19,premotor,153,99,-0.017507501865398116
1636,19,premotor,207,153,0.055678138469941844
1637,19,premotor,207,207,0.05846311596201535
1638,19,premotor,207,45,-0.0035910302500152605
1639,19,premotor,207,99,0.02918111606362358
1640,19,premotor,45,153,0.012150317921537375
1641,19,premotor,45,207,0.058559985541204645
1642,19,premotor,45,45,0.08439049516093798
1643,19,premotor,45,99,0.049122964417142985
1644,19,premotor,99,153,-0.06572246933812308
1645,19,premotor,99,207,-0.047109561373520646
1646,19,premotor,99,45,-0.00823865039711506
1647,19,premotor,99,99,-0.07747585323943916
1648,19,motor,153,153,0.027031966974646587
1649,19,motor,153,207,0.0052259248926958225
1650,19,motor,153,45,-0.03811428108442946
1651,19,motor,153,99,-0.01089508050886541
1652,19,motor,207,153,-0.0032090076733706507
1653,19,motor,207,207,-0.01003967924008908
1654,19,motor,207,45,-0.07015438375455499
1655,19,motor,207,99,-0.0014403148778558016
1656,19,motor,45,153,0.05172059689987725
1657,19,motor,45,207,0.0428572005263382
1658,19,motor,45,45,0.08382387190993042
1659,19,motor,45,99,0.06842486812337722
1660,19,motor,99,153,-0.12091791233167566
1661,19,motor,99,207,-0.062018291089297746
1662,19,motor,99,45,-0.007128594376850059
1663,19,motor,99,99,-0.09397068761365084
1664,19,v1,153,153,0.03285751102154006
1665,19,v1,153,207,-0.0447610044250813
1666,19,v1,153,45,-0.01318603259409698
1667,19,v1,153,99,-0.010712154960623046
1668,19,v1,207,153,0.07744771412410603
1669,19,v1,207,207,0.13636987375552562
1670,19,v1,207,45,-0.13876628451047948
1671,19,v1,207,99,0.055421028250000975
1672,19,v1,45,153,-0.018022152287212583
1673,19,v1,45,207,-0.02582906060270482
1674,19,v1,45,45,0.08462145371745865
1675,19,v1,45,99,0.010936282521447217
1676,19,v1,99,153,-0.13813148125102503
1677,19,v1,99,207,-0.05078786523481351
1678,19,v1,99,45,0.03153493957171867
1679,19,v1,99,99,-0.09843337865644591
1680,19,sup_parietal,153,153,0.0401454734082276
1681,19,sup_parietal,153,207,0.04018724171084653
1682,19,sup_parietal,153,45,-0.007445659504518098
1683,19,sup_parietal,153,99,0.004744860496197774
1684,19,sup_parietal,207,153,0.04013466627979333
1685,19,sup_parietal,207,207,-0.02482993753928016
1686,19,sup_parietal,207,45,-0.007096777477924957
1687,19,sup_parietal,207,99,0.058278835973673636
1688,19,sup_parietal,45,153,-0.01887435700820709
1689,19,sup_parietal,45,207,0.004440838224556978
1690,19,sup_parietal,45,45,0.033796267236092845
1691,19,sup_parietal,45,99,0.009076207425569452
1692,19,sup_parietal,99,153,-0.07221884398168882
1693,19,sup_parietal,99,207,-0.017970483904507603
1694,19,sup_parietal,99,45,-0.010725067036572413
1695,19,sup_parietal,99,99,-0.08581119236899674
1696,19,inf_parietal,153,153,-0.010333422822320908
1697,19,inf_parietal,153,207,-0.11198348981648912
1698,19,inf_parietal,153,45,-0.06698736963426129
1699,19,inf_parietal,153,99,-0.01393150426952236
1700,19,inf_parietal,207,153,0.008213584924273301
1701,19,inf_parietal,207,207,-0.005547902691112622
1702,19,inf_parietal,207,45,-0.09378207030027738
1703,19,inf_parietal,207,99,0.043897751923241184
1704,19,inf_parietal,45,153,0.04975992258925839
1705,19,inf_parietal,45,207,0.0821094444777728
1706,19,inf_parietal,45,45,0.09054219772436677
1707,19,inf_parietal,45,99,0.04729214491308994
1708,19,inf_parietal,99,153,-0.08051595262921707
1709,19,inf_parietal,99,207,0.015299602154128556
1710,19,inf_parietal,99,45,0.05977946192254952
1711,19,inf_parietal,99,99,-0.10590858509794171
1712,19,v5,153,153,0.010353938801492846
1713,19,v5,153,207,-0.01802739495462781
1714,19,v5,153,45,0.0148518086121299
1715,19,v5,153,99,-0.020999694672779075
1716,19,v5,207,153,0.07240129252412668
1717,19,v5,207,207,0.012054518164049538
1718,19,v5,207,45,0.005414873902312345
1719,19,v5,207,99,0.14511298907719694
1720,19,v5,45,153,0.0003796674897065429
1721,19,v5,45,207,0.018134837168432113
1722,19,v5,45,45,-0.03535687132841869
1723,19,v5,45,99,-0.024234547944155808
1724,19,v5,99,153,-0.09541185849885223
1725,19,v5,99,207,-0.0037139108484228883
1726,19,v5,99,45,0.03643585790865071
1727,19,v5,99,99,-0.11498767195622014
