,Participants,Masks,Rotate Direction,Rotate Direction_,Correlation
0,01,premotor,153,153,-0.9154209576633072
1,01,premotor,153,207,0.28868414565936995
2,01,premotor,153,45,0.33669239847311755
3,01,premotor,153,99,0.30136174381500347
4,01,premotor,207,153,0.29525046231222385
5,01,premotor,207,207,-0.9255198875563745
6,01,premotor,207,45,0.26034880285903217
7,01,premotor,207,99,0.30489548289959856
8,01,premotor,45,153,0.33381914511856814
9,01,premotor,45,207,0.2863155182155712
10,01,premotor,45,45,-0.9183801004924261
11,01,premotor,45,99,0.2856538129797944
12,01,premotor,99,153,0.3008068936356292
13,01,premotor,99,207,0.3056814212536689
14,01,premotor,99,45,0.30722530198304143
15,01,premotor,99,99,-0.9163218831257247
16,01,motor,153,153,-0.910528203512033
17,01,motor,153,207,0.2797686405657146
18,01,motor,153,45,0.3567567614597108
19,01,motor,153,99,0.28439349948179604
20,01,motor,207,153,0.270343023996286
21,01,motor,207,207,-0.9012767013840958
22,01,motor,207,45,0.24552160020527775
23,01,motor,207,99,0.304930059010513
24,01,motor,45,153,0.32047646088557946
25,01,motor,45,207,0.28366394412240226
26,01,motor,45,45,-0.898972936991983
27,01,motor,45,99,0.2950605444648315
28,01,motor,99,153,0.3043742784781333
29,01,motor,99,207,0.33184239719031394
30,01,motor,99,45,0.28092142731815845
31,01,motor,99,99,-0.912533687482932
32,01,v1,153,153,-0.912912929691081
33,01,v1,153,207,0.27086832585521015
34,01,v1,153,45,0.3643246831811776
35,01,v1,153,99,0.2790105463292139
36,01,v1,207,153,0.27101426815296986
37,01,v1,207,207,-0.912488351376797
38,01,v1,207,45,0.256844468301186
39,01,v1,207,99,0.30871561375266876
40,01,v1,45,153,0.3439148193597241
41,01,v1,45,207,0.2655327566875606
42,01,v1,45,45,-0.9091916243974987
43,01,v1,45,99,0.2870510816024363
44,01,v1,99,153,0.2771377303613127
45,01,v1,99,207,0.32428174112145247
46,01,v1,99,45,0.28870455548744683
47,01,v1,99,99,-0.9186917532802452
48,01,sup_parietal,153,153,-0.9142288817044817
49,01,sup_parietal,153,207,0.26295431264086183
50,01,sup_parietal,153,45,0.32975884532396327
51,01,sup_parietal,153,99,0.2892979806779775
52,01,sup_parietal,207,153,0.27085207016579915
53,01,sup_parietal,207,207,-0.9063225765506678
54,01,sup_parietal,207,45,0.204565906237764
55,01,sup_parietal,207,99,0.37535351416646423
56,01,sup_parietal,45,153,0.3243920941997029
57,01,sup_parietal,45,207,0.20658698071970882
58,01,sup_parietal,45,45,-0.8747597911043761
59,01,sup_parietal,45,99,0.2780956800503852
60,01,sup_parietal,99,153,0.2817061166500189
61,01,sup_parietal,99,207,0.37374809219354915
62,01,sup_parietal,99,45,0.2716980485332736
63,01,sup_parietal,99,99,-0.9177390610450589
64,01,inf_parietal,153,153,-0.8971053817530441
65,01,inf_parietal,153,207,0.27092982600245136
66,01,inf_parietal,153,45,0.37088551271787085
67,01,inf_parietal,153,99,0.2652899734191919
68,01,inf_parietal,207,153,0.2964453861326692
69,01,inf_parietal,207,207,-0.9272387616570641
70,01,inf_parietal,207,45,0.2514023319672527
71,01,inf_parietal,207,99,0.32941953455283657
72,01,inf_parietal,45,153,0.38097861764613095
73,01,inf_parietal,45,207,0.252288951024539
74,01,inf_parietal,45,45,-0.9027184733335015
75,01,inf_parietal,45,99,0.26155041795501327
76,01,inf_parietal,99,153,0.23068447360065472
77,01,inf_parietal,99,207,0.3377854464892499
78,01,inf_parietal,99,45,0.28776394004615297
79,01,inf_parietal,99,99,-0.9007042238121552
80,01,v5,153,153,-0.885743221474861
81,01,v5,153,207,0.2252590951539271
82,01,v5,153,45,0.3217993115915566
83,01,v5,153,99,0.27515047274645826
84,01,v5,207,153,0.18668411527223389
85,01,v5,207,207,-0.8453008011762377
86,01,v5,207,45,0.35685408294481613
87,01,v5,207,99,0.2623456854366618
88,01,v5,45,153,0.3595699608091136
89,01,v5,45,207,0.2753538903163014
90,01,v5,45,45,-0.8831436689759977
91,01,v5,45,99,0.26520939250798126
92,01,v5,99,153,0.2615288731181362
93,01,v5,99,207,0.24758160725062767
94,01,v5,99,45,0.21180389395115196
95,01,v5,99,99,-0.8702927351671881
96,02,premotor,153,153,-0.9158190004767737
97,02,premotor,153,207,0.3542270290458226
98,02,premotor,153,45,0.26188647597734815
99,02,premotor,153,99,0.29576497950958125
100,02,premotor,207,153,0.33744236842298403
101,02,premotor,207,207,-0.9260252310286701
102,02,premotor,207,45,0.2974485530857358
103,02,premotor,207,99,0.2625379664342617
104,02,premotor,45,153,0.2637860024280989
105,02,premotor,45,207,0.27540772333526825
106,02,premotor,45,45,-0.9096377253938421
107,02,premotor,45,99,0.33838751936183714
108,02,premotor,99,153,0.28920441967621974
109,02,premotor,99,207,0.27242008959605574
110,02,premotor,99,45,0.3540046109905629
111,02,premotor,99,99,-0.9176450234073301
112,02,motor,153,153,-0.9187875345156512
113,02,motor,153,207,0.36547004665891286
114,02,motor,153,45,0.2823553091860359
115,02,motor,153,99,0.24738987146882663
116,02,motor,207,153,0.3246314476549883
117,02,motor,207,207,-0.9116458271791059
118,02,motor,207,45,0.24584191945078454
119,02,motor,207,99,0.2975649313368544
120,02,motor,45,153,0.2700255605273649
121,02,motor,45,207,0.24889174503543415
122,02,motor,45,45,-0.9006279199971595
123,02,motor,45,99,0.3480993440285725
124,02,motor,99,153,0.28180479896004434
125,02,motor,99,207,0.28081797334716607
126,02,motor,99,45,0.36350591588050507
127,02,motor,99,99,-0.9201722582858914
128,02,v1,153,153,-0.8885700930780099
129,02,v1,153,207,0.3662456166728565
130,02,v1,153,45,0.22490696958381137
131,02,v1,153,99,0.22570590837585452
132,02,v1,207,153,0.34253011164963737
133,02,v1,207,207,-0.9035466187757011
134,02,v1,207,45,0.23153718938221052
135,02,v1,207,99,0.28887126928771434
136,02,v1,45,153,0.24323112278110273
137,02,v1,45,207,0.232075208631491
138,02,v1,45,45,-0.8921811850399249
139,02,v1,45,99,0.3891016939592062
140,02,v1,99,153,0.2412343226404868
141,02,v1,99,207,0.26897179427730933
142,02,v1,99,45,0.419087354108756
143,02,v1,99,99,-0.8926073136592938
144,02,sup_parietal,153,153,-0.8741408058957598
145,02,sup_parietal,153,207,0.3191740447971013
146,02,sup_parietal,153,45,0.2979911272013913
147,02,sup_parietal,153,99,0.2556297480167429
148,02,sup_parietal,207,153,0.3388122812955743
149,02,sup_parietal,207,207,-0.8953596180071404
150,02,sup_parietal,207,45,0.20205717019068237
151,02,sup_parietal,207,99,0.2847234530571108
152,02,sup_parietal,45,153,0.26147879582393374
153,02,sup_parietal,45,207,0.25466455928333076
154,02,sup_parietal,45,45,-0.8780762617309756
155,02,sup_parietal,45,99,0.30266775814961194
156,02,sup_parietal,99,153,0.2534548105063447
157,02,sup_parietal,99,207,0.3201218623334773
158,02,sup_parietal,99,45,0.32841166631231705
159,02,sup_parietal,99,99,-0.9047274326484642
160,02,inf_parietal,153,153,-0.898434139729023
161,02,inf_parietal,153,207,0.31761324454514717
162,02,inf_parietal,153,45,0.2923728482828952
163,02,inf_parietal,153,99,0.27843397384027235
164,02,inf_parietal,207,153,0.30425143461722376
165,02,inf_parietal,207,207,-0.9046331029090069
166,02,inf_parietal,207,45,0.2581303464880238
167,02,inf_parietal,207,99,0.2606161083750256
168,02,inf_parietal,45,153,0.2790102046911441
169,02,inf_parietal,45,207,0.2619486433047248
170,02,inf_parietal,45,45,-0.9088763549475729
171,02,inf_parietal,45,99,0.34037349716609955
172,02,inf_parietal,99,153,0.29695187064982337
173,02,inf_parietal,99,207,0.2607639720686117
174,02,inf_parietal,99,45,0.32912387307904967
175,02,inf_parietal,99,99,-0.9022186989483714
176,02,v5,153,153,-0.9084941163236295
177,02,v5,153,207,0.3451879957007796
178,02,v5,153,45,0.2881552655158539
179,02,v5,153,99,0.22078110652406285
180,02,v5,207,153,0.34912386117397487
181,02,v5,207,207,-0.8849009796996243
182,02,v5,207,45,0.1240377338646241
183,02,v5,207,99,0.3320045412136414
184,02,v5,45,153,0.33529640138301975
185,02,v5,45,207,0.2198502412455402
186,02,v5,45,45,-0.8727123200929006
187,02,v5,45,99,0.3143593943227381
188,02,v5,99,153,0.20499620362305315
189,02,v5,99,207,0.25043742820247966
190,02,v5,99,45,0.413253029701389
191,02,v5,99,99,-0.869914636146642
192,03,premotor,153,153,-0.9107120607299407
193,03,premotor,153,207,0.37209482909651104
194,03,premotor,153,45,0.2836200310078608
195,03,premotor,153,99,0.2641759181148413
196,03,premotor,207,153,0.38784266063902595
197,03,premotor,207,207,-0.9183246487806859
198,03,premotor,207,45,0.2439890261325759
199,03,premotor,207,99,0.24637769539792947
200,03,premotor,45,153,0.2856762756731887
201,03,premotor,45,207,0.2601103186022764
202,03,premotor,45,45,-0.90918902028022
203,03,premotor,45,99,0.36619404753241697
204,03,premotor,99,153,0.23878322501736282
205,03,premotor,99,207,0.27443266845818715
206,03,premotor,99,45,0.3636259533378154
207,03,premotor,99,99,-0.9034584953837363
208,03,motor,153,153,-0.8992382196129376
209,03,motor,153,207,0.3741214164428948
210,03,motor,153,45,0.23867153996722051
211,03,motor,153,99,0.2513621254432352
212,03,motor,207,153,0.3959630901677558
213,03,motor,207,207,-0.8897330667321879
214,03,motor,207,45,0.22752102196801294
215,03,motor,207,99,0.23377536282581388
216,03,motor,45,153,0.23855240251554166
217,03,motor,45,207,0.22847189678680568
218,03,motor,45,45,-0.9038124307823828
219,03,motor,45,99,0.4012693518697351
220,03,motor,99,153,0.2568403736528504
221,03,motor,99,207,0.27104009405730745
222,03,motor,99,45,0.3826830175895205
223,03,motor,99,99,-0.9036317289245246
224,03,v1,153,153,-0.8855127500292477
225,03,v1,153,207,0.45722041644316136
226,03,v1,153,45,0.20609510364459405
227,03,v1,153,99,0.2686591106930632
228,03,v1,207,153,0.36602685535018226
229,03,v1,207,207,-0.8573223747733127
230,03,v1,207,45,0.2044220756355283
231,03,v1,207,99,0.22826794357547409
232,03,v1,45,153,0.240424717121128
233,03,v1,45,207,0.15534501307452964
234,03,v1,45,45,-0.8327997129433465
235,03,v1,45,99,0.3706351211217117
236,03,v1,99,153,0.27914489137760556
237,03,v1,99,207,0.20204981753840046
238,03,v1,99,45,0.3826460481587073
239,03,v1,99,99,-0.8644182796533864
240,03,sup_parietal,153,153,-0.8666891663519908
241,03,sup_parietal,153,207,0.4250846320291476
242,03,sup_parietal,153,45,0.22400476678048023
243,03,sup_parietal,153,99,0.1676525468895656
244,03,sup_parietal,207,153,0.4321833813003071
245,03,sup_parietal,207,207,-0.8949393427123118
246,03,sup_parietal,207,45,0.22363827611783935
247,03,sup_parietal,207,99,0.22314234920701828
248,03,sup_parietal,45,153,0.21438538196650375
249,03,sup_parietal,45,207,0.19713396819702944
250,03,sup_parietal,45,45,-0.886205169780345
251,03,sup_parietal,45,99,0.4364739391993432
252,03,sup_parietal,99,153,0.17938168897904144
253,03,sup_parietal,99,207,0.2055351023881266
254,03,sup_parietal,99,45,0.45573646670400575
255,03,sup_parietal,99,99,-0.8646470358165026
256,03,inf_parietal,153,153,-0.9041347326393545
257,03,inf_parietal,153,207,0.39077474054625383
258,03,inf_parietal,153,45,0.2547372142340062
259,03,inf_parietal,153,99,0.23140656131673965
260,03,inf_parietal,207,153,0.4011207014109821
261,03,inf_parietal,207,207,-0.9188202287285292
262,03,inf_parietal,207,45,0.2470491575931687
263,03,inf_parietal,207,99,0.23190606421784377
264,03,inf_parietal,45,153,0.21832013201093897
265,03,inf_parietal,45,207,0.23392445320180816
266,03,inf_parietal,45,45,-0.8980791484256114
267,03,inf_parietal,45,99,0.4203001981041054
268,03,inf_parietal,99,153,0.24277465029614137
269,03,inf_parietal,99,207,0.2405398943285177
270,03,inf_parietal,99,45,0.40259394631887796
271,03,inf_parietal,99,99,-0.9033529723485689
272,03,v5,153,153,-0.8355863078419057
273,03,v5,153,207,0.4300747027930028
274,03,v5,153,45,0.12199838009198438
275,03,v5,153,99,0.27605622315688666
276,03,v5,207,153,0.4015817594226595
277,03,v5,207,207,-0.8643693428087659
278,03,v5,207,45,0.2117883758077976
279,03,v5,207,99,0.1711135894471585
280,03,v5,45,153,0.22497885771726364
281,03,v5,45,207,0.14019931886199163
282,03,v5,45,45,-0.7896270568959032
283,03,v5,45,99,0.39005698828509605
284,03,v5,99,153,0.2807651621316267
285,03,v5,99,207,0.1895611246859104
286,03,v5,99,45,0.4191484638650286
287,03,v5,99,99,-0.8881649990597098
288,04,premotor,153,153,-0.911896798748058
289,04,premotor,153,207,0.3062538990925685
290,04,premotor,153,45,0.3310226308804655
291,04,premotor,153,99,0.2853778920821718
292,04,premotor,207,153,0.29147707627667374
293,04,premotor,207,207,-0.8950147149731316
294,04,premotor,207,45,0.2777749222880995
295,04,premotor,207,99,0.261543971565548
296,04,premotor,45,153,0.32803679881987813
297,04,premotor,45,207,0.282570280704695
298,04,premotor,45,45,-0.917271979065979
299,04,premotor,45,99,0.32465133017985076
300,04,premotor,99,153,0.284549511315052
301,04,premotor,99,207,0.2658301435068699
302,04,premotor,99,45,0.33640688955719283
303,04,premotor,99,99,-0.9075454528879258
304,04,motor,153,153,-0.8794946920958758
305,04,motor,153,207,0.2604596387590437
306,04,motor,153,45,0.28319201950185124
307,04,motor,153,99,0.3271818475471997
308,04,motor,207,153,0.24536807131754573
309,04,motor,207,207,-0.862572840826957
310,04,motor,207,45,0.3172883266243133
311,04,motor,207,99,0.236708711167507
312,04,motor,45,153,0.2902843468389229
313,04,motor,45,207,0.3022322320503474
314,04,motor,45,45,-0.9016779070153444
315,04,motor,45,99,0.32157603461205164
316,04,motor,99,153,0.3443371610144121
317,04,motor,99,207,0.23948564515890808
318,04,motor,99,45,0.29475967839520045
319,04,motor,99,99,-0.8964328435397906
320,04,v1,153,153,-0.8764084936665254
321,04,v1,153,207,0.29924947395267476
322,04,v1,153,45,0.26121270699177207
323,04,v1,153,99,0.31074800576269235
324,04,v1,207,153,0.3406186393204039
325,04,v1,207,207,-0.8655117024392758
326,04,v1,207,45,0.2758921003048424
327,04,v1,207,99,0.20670534066383556
328,04,v1,45,153,0.24273441662854608
329,04,v1,45,207,0.29765964288932356
330,04,v1,45,45,-0.8726811963061197
331,04,v1,45,99,0.3433256880371983
332,04,v1,99,153,0.3031519680372958
333,04,v1,99,207,0.22878845383744656
334,04,v1,99,45,0.3167834451960351
335,04,v1,99,99,-0.8736538048545687
336,04,sup_parietal,153,153,-0.8484956950929897
337,04,sup_parietal,153,207,0.28003032755838175
338,04,sup_parietal,153,45,0.243835940612561
339,04,sup_parietal,153,99,0.30158908834708
340,04,sup_parietal,207,153,0.285212921678194
341,04,sup_parietal,207,207,-0.8623423661564016
342,04,sup_parietal,207,45,0.2861498071067647
343,04,sup_parietal,207,99,0.16079166251414345
344,04,sup_parietal,45,153,0.2784033528759036
345,04,sup_parietal,45,207,0.24415004925876238
346,04,sup_parietal,45,45,-0.8772299173981941
347,04,sup_parietal,45,99,0.3767057591819551
348,04,sup_parietal,99,153,0.29855771376436113
349,04,sup_parietal,99,207,0.18812831895545087
350,04,sup_parietal,99,45,0.35343424191176875
351,04,sup_parietal,99,99,-0.8630095768487434
352,04,inf_parietal,153,153,-0.9006819651438509
353,04,inf_parietal,153,207,0.30421352478071484
354,04,inf_parietal,153,45,0.28881266877414363
355,04,inf_parietal,153,99,0.31334096601191924
356,04,inf_parietal,207,153,0.24470623950375409
357,04,inf_parietal,207,207,-0.8961221212893146
358,04,inf_parietal,207,45,0.3318526387915413
359,04,inf_parietal,207,99,0.208649889779705
360,04,inf_parietal,45,153,0.3385921463004528
361,04,inf_parietal,45,207,0.28856350591336366
362,04,inf_parietal,45,45,-0.9166882144322382
363,04,inf_parietal,45,99,0.3338808640568233
364,04,inf_parietal,99,153,0.2769323404139816
365,04,inf_parietal,99,207,0.2346273554342457
366,04,inf_parietal,99,45,0.3391591613055249
367,04,inf_parietal,99,99,-0.8777070252843553
368,04,v5,153,153,-0.8442180789029073
369,04,v5,153,207,0.22614722552631983
370,04,v5,153,45,0.2367514636228283
371,04,v5,153,99,0.33127546579195366
372,04,v5,207,153,0.24736931448527186
373,04,v5,207,207,-0.7987640791032649
374,04,v5,207,45,0.21270211438612047
375,04,v5,207,99,0.22417799112491327
376,04,v5,45,153,0.2610433321445146
377,04,v5,45,207,0.32447931269904956
378,04,v5,45,45,-0.8203333322428743
379,04,v5,45,99,0.28723891810370333
380,04,v5,99,153,0.28427149493127934
381,04,v5,99,207,0.2130634587642924
382,04,v5,99,45,0.3818791019010773
383,04,v5,99,99,-0.8037558658542059
384,05,premotor,153,153,-0.8843427775571138
385,05,premotor,153,207,0.2847978346701825
386,05,premotor,153,45,0.31569388789355535
387,05,premotor,153,99,0.3385090627376235
388,05,premotor,207,153,0.3033154994184013
389,05,premotor,207,207,-0.8934263644160911
390,05,premotor,207,45,0.28424444145788774
391,05,premotor,207,99,0.274870445331467
392,05,premotor,45,153,0.2704976806992144
393,05,premotor,45,207,0.274347852458338
394,05,premotor,45,45,-0.902749947387605
395,05,premotor,45,99,0.3001854309123566
396,05,premotor,99,153,0.3293129996595326
397,05,premotor,99,207,0.2740505732065749
398,05,premotor,99,45,0.2946405317463289
399,05,premotor,99,99,-0.9129471621029298
400,05,motor,153,153,-0.8528179571700021
401,05,motor,153,207,0.23927582585305363
402,05,motor,153,45,0.3097603397617611
403,05,motor,153,99,0.2905920861384137
404,05,motor,207,153,0.26045307401580076
405,05,motor,207,207,-0.8679143885281229
406,05,motor,207,45,0.242816044858524
407,05,motor,207,99,0.28411958590518704
408,05,motor,45,153,0.2722438837593352
409,05,motor,45,207,0.2300065641615217
410,05,motor,45,45,-0.8973598632392721
411,05,motor,45,99,0.33939752281421376
412,05,motor,99,153,0.31452476904667526
413,05,motor,99,207,0.3184911575658758
414,05,motor,99,45,0.30682761730809543
415,05,motor,99,99,-0.8768704473132716
416,05,v1,153,153,-0.9012616302665035
417,05,v1,153,207,0.353343872783224
418,05,v1,153,45,0.13929857646669783
419,05,v1,153,99,0.34038250248741225
420,05,v1,207,153,0.41978432187268344
421,05,v1,207,207,-0.8960666724117382
422,05,v1,207,45,0.15797220285070146
423,05,v1,207,99,0.2544918659513865
424,05,v1,45,153,0.18454775340433688
425,05,v1,45,207,0.18648594510651859
426,05,v1,45,45,-0.892177533356965
427,05,v1,45,99,0.4138394783862546
428,05,v1,99,153,0.28554434423305664
429,05,v1,99,207,0.18780813626407575
430,05,v1,99,45,0.47404293771054296
431,05,v1,99,99,-0.889971945637509
432,05,sup_parietal,153,153,-0.8411664071175707
433,05,sup_parietal,153,207,0.25835132428900903
434,05,sup_parietal,153,45,0.2535897335396691
435,05,sup_parietal,153,99,0.29806463727269417
436,05,sup_parietal,207,153,0.31348873928831517
437,05,sup_parietal,207,207,-0.8524373485775897
438,05,sup_parietal,207,45,0.15341454484472694
439,05,sup_parietal,207,99,0.24399327437010693
440,05,sup_parietal,45,153,0.26100750785190974
441,05,sup_parietal,45,207,0.1887160091539358
442,05,sup_parietal,45,45,-0.8395973232090912
443,05,sup_parietal,45,99,0.3437202905264398
444,05,sup_parietal,99,153,0.33137211409599276
445,05,sup_parietal,99,207,0.2667879224601257
446,05,sup_parietal,99,45,0.3272844815065706
447,05,sup_parietal,99,99,-0.8704224606707379
448,05,inf_parietal,153,153,-0.8690280924149756
449,05,inf_parietal,153,207,0.2565946297689867
450,05,inf_parietal,153,45,0.32206072026374993
451,05,inf_parietal,153,99,0.3121456918432619
452,05,inf_parietal,207,153,0.2481325575789191
453,05,inf_parietal,207,207,-0.8802749165388604
454,05,inf_parietal,207,45,0.32222207489632315
455,05,inf_parietal,207,99,0.24496594839271763
456,05,inf_parietal,45,153,0.28185433420016537
457,05,inf_parietal,45,207,0.26010106451530685
458,05,inf_parietal,45,45,-0.874475514269318
459,05,inf_parietal,45,99,0.319966172290593
460,05,inf_parietal,99,153,0.33865716159535153
461,05,inf_parietal,99,207,0.219062261232049
462,05,inf_parietal,99,45,0.3099995085920128
463,05,inf_parietal,99,99,-0.8864445642067309
464,05,v5,153,153,-0.8521199886354904
465,05,v5,153,207,0.2822862837940205
466,05,v5,153,45,0.2375721254245801
467,05,v5,153,99,0.2508426496851296
468,05,v5,207,153,0.23182113365356782
469,05,v5,207,207,-0.8752166424082733
470,05,v5,207,45,0.3211788396602289
471,05,v5,207,99,0.3030797458671365
472,05,v5,45,153,0.2783028309467097
473,05,v5,45,207,0.23242242192753737
474,05,v5,45,45,-0.8719007356068859
475,05,v5,45,99,0.3472172617667708
476,05,v5,99,153,0.30674017798238623
477,05,v5,99,207,0.2817919603499012
478,05,v5,99,45,0.26148101504026433
479,05,v5,99,99,-0.8578772908233057
480,06,premotor,153,153,-0.9008494246883556
481,06,premotor,153,207,0.29034550866643793
482,06,premotor,153,45,0.3083148994813024
483,06,premotor,153,99,0.2664099419273927
484,06,premotor,207,153,0.3390922096156801
485,06,premotor,207,207,-0.9119110928591305
486,06,premotor,207,45,0.23644574716533812
487,06,premotor,207,99,0.27590363401044715
488,06,premotor,45,153,0.29383477830837623
489,06,premotor,45,207,0.26674941297508475
490,06,premotor,45,45,-0.848341823511142
491,06,premotor,45,99,0.34948100262645054
492,06,premotor,99,153,0.2714222898458164
493,06,premotor,99,207,0.30101359870961697
494,06,premotor,99,45,0.2975746731091049
495,06,premotor,99,99,-0.8975884175134549
496,06,motor,153,153,-0.8900507001044683
497,06,motor,153,207,0.285151861307192
498,06,motor,153,45,0.24116152341290625
499,06,motor,153,99,0.28654583979917214
500,06,motor,207,153,0.3169821545152784
501,06,motor,207,207,-0.8911811372668338
502,06,motor,207,45,0.25515236335921054
503,06,motor,207,99,0.2232804070264156
504,06,motor,45,153,0.2764367111284754
505,06,motor,45,207,0.266939273216913
506,06,motor,45,45,-0.7520422360046292
507,06,motor,45,99,0.3314837448641672
508,06,motor,99,153,0.2980623822042273
509,06,motor,99,207,0.24788682238413418
510,06,motor,99,45,0.2687338018977194
511,06,motor,99,99,-0.8911728492481539
512,06,v1,153,153,-0.8674323992225024
513,06,v1,153,207,0.307778980888224
514,06,v1,153,45,0.28945342760847725
515,06,v1,153,99,0.19162728797961953
516,06,v1,207,153,0.33723601438845824
517,06,v1,207,207,-0.8654134211373363
518,06,v1,207,45,0.20667140208911275
519,06,v1,207,99,0.23701831451675498
520,06,v1,45,153,0.2832883138455845
521,06,v1,45,207,0.26103870830568504
522,06,v1,45,45,-0.8048797439003684
523,06,v1,45,99,0.3987797880598881
524,06,v1,99,153,0.24386714148611302
525,06,v1,99,207,0.22285326544152706
526,06,v1,99,45,0.32131255438093786
527,06,v1,99,99,-0.8606932394724689
528,06,sup_parietal,153,153,-0.8715993385836394
529,06,sup_parietal,153,207,0.27871926608564934
530,06,sup_parietal,153,45,0.24501976784131818
531,06,sup_parietal,153,99,0.262752211100195
532,06,sup_parietal,207,153,0.30627710625712934
533,06,sup_parietal,207,207,-0.8850903310804582
534,06,sup_parietal,207,45,0.24757501593755826
535,06,sup_parietal,207,99,0.2788156675776746
536,06,sup_parietal,45,153,0.23362767317803396
537,06,sup_parietal,45,207,0.27960888095113107
538,06,sup_parietal,45,45,-0.8265188952059042
539,06,sup_parietal,45,99,0.35276870880112443
540,06,sup_parietal,99,153,0.3059134554046349
541,06,sup_parietal,99,207,0.21805973356502661
542,06,sup_parietal,99,45,0.27940426615959957
543,06,sup_parietal,99,99,-0.8654293788163084
544,06,inf_parietal,153,153,-0.8771284837528105
545,06,inf_parietal,153,207,0.2724590333990736
546,06,inf_parietal,153,45,0.24635149095651596
547,06,inf_parietal,153,99,0.2790545229738716
548,06,inf_parietal,207,153,0.2847969623628993
549,06,inf_parietal,207,207,-0.8936910207149891
550,06,inf_parietal,207,45,0.27691034598550346
551,06,inf_parietal,207,99,0.252764323534175
552,06,inf_parietal,45,153,0.26462477992634403
553,06,inf_parietal,45,207,0.2583839476669123
554,06,inf_parietal,45,45,-0.8146145306404386
555,06,inf_parietal,45,99,0.3679437445082786
556,06,inf_parietal,99,153,0.2936005331960596
557,06,inf_parietal,99,207,0.2848528081832618
558,06,inf_parietal,99,45,0.29739379144381284
559,06,inf_parietal,99,99,-0.8977792986761344
560,06,v5,153,153,-0.8567814759370007
561,06,v5,153,207,0.29045620301580494
562,06,v5,153,45,0.2509292855188835
563,06,v5,153,99,0.276172037861743
564,06,v5,207,153,0.350000632797821
565,06,v5,207,207,-0.875659585870623
566,06,v5,207,45,0.22080612258921617
567,06,v5,207,99,0.2004498695986552
568,06,v5,45,153,0.23033289983177505
569,06,v5,45,207,0.2570615498731078
570,06,v5,45,45,-0.8534967205136132
571,06,v5,45,99,0.4005735777653765
572,06,v5,99,153,0.2151440713652833
573,06,v5,99,207,0.25061949871744216
574,06,v5,99,45,0.3536213782535253
575,06,v5,99,99,-0.8611142102513751
576,07,premotor,153,153,-0.8726826939541783
577,07,premotor,153,207,0.32506268296685586
578,07,premotor,153,45,0.2517144712913431
579,07,premotor,153,99,0.2662739184614055
580,07,premotor,207,153,0.3254299392834653
581,07,premotor,207,207,-0.876457901777382
582,07,premotor,207,45,0.330739604227816
583,07,premotor,207,99,0.23519745841191383
584,07,premotor,45,153,0.20487379915187492
585,07,premotor,45,207,0.32623098778796916
586,07,premotor,45,45,-0.8802649025235423
587,07,premotor,45,99,0.33684191525315343
588,07,premotor,99,153,0.31908196113640286
589,07,premotor,99,207,0.2400943351244371
590,07,premotor,99,45,0.31836966589918
591,07,premotor,99,99,-0.8920069080790356
592,07,motor,153,153,-0.8627532902697844
593,07,motor,153,207,0.2745179552509224
594,07,motor,153,45,0.31338603898813727
595,07,motor,153,99,0.2521739950137692
596,07,motor,207,153,0.31009630729053367
597,07,motor,207,207,-0.8429070480929666
598,07,motor,207,45,0.27993259230643497
599,07,motor,207,99,0.2685228238615312
600,07,motor,45,153,0.2572946694245012
601,07,motor,45,207,0.2924804394947725
602,07,motor,45,45,-0.8716735813946359
603,07,motor,45,99,0.29259085946188984
604,07,motor,99,153,0.29592183634681507
605,07,motor,99,207,0.23253405960220114
606,07,motor,99,45,0.3331676502837111
607,07,motor,99,99,-0.8773151432688548
608,07,v1,153,153,-0.8405281243532332
609,07,v1,153,207,0.2744772755948839
610,07,v1,153,45,0.26229865169046696
611,07,v1,153,99,0.2866808238698658
612,07,v1,207,153,0.2714834654167788
613,07,v1,207,207,-0.8277704508108299
614,07,v1,207,45,0.3024975156473644
615,07,v1,207,99,0.2004376245745359
616,07,v1,45,153,0.26785603985628814
617,07,v1,45,207,0.2785080345830579
618,07,v1,45,45,-0.8239192309345416
619,07,v1,45,99,0.29994322409350715
620,07,v1,99,153,0.3156582470991277
621,07,v1,99,207,0.22623950472948756
622,07,v1,99,45,0.2713122521318287
623,07,v1,99,99,-0.8338363805820425
624,07,sup_parietal,153,153,-0.8057711397782578
625,07,sup_parietal,153,207,0.26885451737382116
626,07,sup_parietal,153,45,0.24750026109240789
627,07,sup_parietal,153,99,0.22049467294589928
628,07,sup_parietal,207,153,0.31907806915332126
629,07,sup_parietal,207,207,-0.8154556203526134
630,07,sup_parietal,207,45,0.2571630053115955
631,07,sup_parietal,207,99,0.24974717626500598
632,07,sup_parietal,45,153,0.2531999587028851
633,07,sup_parietal,45,207,0.2551129351382333
634,07,sup_parietal,45,45,-0.7806235539908608
635,07,sup_parietal,45,99,0.29376992336552543
636,07,sup_parietal,99,153,0.2522669096998871
637,07,sup_parietal,99,207,0.26821122480800097
638,07,sup_parietal,99,45,0.22264405070805188
639,07,sup_parietal,99,99,-0.8370496920981259
640,07,inf_parietal,153,153,-0.8574178630983176
641,07,inf_parietal,153,207,0.2563498047114965
642,07,inf_parietal,153,45,0.3692420785008209
643,07,inf_parietal,153,99,0.25187487834999955
644,07,inf_parietal,207,153,0.28382973921009413
645,07,inf_parietal,207,207,-0.8481873180131516
646,07,inf_parietal,207,45,0.24418040417871628
647,07,inf_parietal,207,99,0.23644471090210625
648,07,inf_parietal,45,153,0.28682717700414256
649,07,inf_parietal,45,207,0.29251514225998954
650,07,inf_parietal,45,45,-0.8703856430634098
651,07,inf_parietal,45,99,0.32528722260815446
652,07,inf_parietal,99,153,0.2859672777730014
653,07,inf_parietal,99,207,0.2506315136283907
654,07,inf_parietal,99,45,0.3045871376986735
655,07,inf_parietal,99,99,-0.8766250988959559
656,07,v5,153,153,-0.8224820072700475
657,07,v5,153,207,0.2130029563726837
658,07,v5,153,45,0.22640096779165766
659,07,v5,153,99,0.2696968182761131
660,07,v5,207,153,0.26716331556929257
661,07,v5,207,207,-0.8193887521928094
662,07,v5,207,45,0.29981530438984816
663,07,v5,207,99,0.2758787895601683
664,07,v5,45,153,0.2874897329898449
665,07,v5,45,207,0.23461619490558294
666,07,v5,45,45,-0.8284710208677601
667,07,v5,45,99,0.21632244192660657
668,07,v5,99,153,0.22320494922527861
669,07,v5,99,207,0.3241904163946082
670,07,v5,99,45,0.2583715366520112
671,07,v5,99,99,-0.8499503409866811
672,08,premotor,153,153,-0.873798076078572
673,08,premotor,153,207,0.3128457013093756
674,08,premotor,153,45,0.2269545480931699
675,08,premotor,153,99,0.30986562779980387
676,08,premotor,207,153,0.29661292250450577
677,08,premotor,207,207,-0.8969318353678438
678,08,premotor,207,45,0.2636999732320645
679,08,premotor,207,99,0.3229696846874622
680,08,premotor,45,153,0.24935207849958746
681,08,premotor,45,207,0.2895762092285071
682,08,premotor,45,45,-0.898065931367883
683,08,premotor,45,99,0.2912597336456641
684,08,premotor,99,153,0.3328038343939199
685,08,premotor,99,207,0.30032646376886885
686,08,premotor,99,45,0.3085933426307954
687,08,premotor,99,99,-0.9018372482880261
688,08,motor,153,153,-0.8803751311760405
689,08,motor,153,207,0.28488544969598567
690,08,motor,153,45,0.22740995772904637
691,08,motor,153,99,0.3256021076702171
692,08,motor,207,153,0.29950334334097134
693,08,motor,207,207,-0.884865098161516
694,08,motor,207,45,0.24937318942824105
695,08,motor,207,99,0.2719287077091185
696,08,motor,45,153,0.2559252535681473
697,08,motor,45,207,0.3134982721240378
698,08,motor,45,45,-0.8897397502422145
699,08,motor,45,99,0.27740709348088044
700,08,motor,99,153,0.35037009670182817
701,08,motor,99,207,0.23002405131680975
702,08,motor,99,45,0.3080423651282411
703,08,motor,99,99,-0.8752229387073586
704,08,v1,153,153,-0.8604169515826657
705,08,v1,153,207,0.3235964462493298
706,08,v1,153,45,0.1791713250639641
707,08,v1,153,99,0.3284685042176766
708,08,v1,207,153,0.3448914648297925
709,08,v1,207,207,-0.8809138911555687
710,08,v1,207,45,0.23751804968476536
711,08,v1,207,99,0.2649967072467576
712,08,v1,45,153,0.20553562932125502
713,08,v1,45,207,0.26568664884055826
714,08,v1,45,45,-0.8685504399702997
715,08,v1,45,99,0.35156821676470185
716,08,v1,99,153,0.32338235381784763
717,08,v1,99,207,0.22813329182419523
718,08,v1,99,45,0.3611417194367581
719,08,v1,99,99,-0.8817716418846309
720,08,sup_parietal,153,153,-0.8165182066837833
721,08,sup_parietal,153,207,0.24181058743946043
722,08,sup_parietal,153,45,0.25614951634512534
723,08,sup_parietal,153,99,0.31178335600711016
724,08,sup_parietal,207,153,0.24708481428356194
725,08,sup_parietal,207,207,-0.8621513914759262
726,08,sup_parietal,207,45,0.2545614776698008
727,08,sup_parietal,207,99,0.339963088902779
728,08,sup_parietal,45,153,0.2628978113408442
729,08,sup_parietal,45,207,0.23157344337997748
730,08,sup_parietal,45,45,-0.8476410182945864
731,08,sup_parietal,45,99,0.2541107366882977
732,08,sup_parietal,99,153,0.32630311258116673
733,08,sup_parietal,99,207,0.29318627158047394
734,08,sup_parietal,99,45,0.26389486208446106
735,08,sup_parietal,99,99,-0.8594194869427871
736,08,inf_parietal,153,153,-0.8657172458417761
737,08,inf_parietal,153,207,0.25693682044968735
738,08,inf_parietal,153,45,0.32813229686349826
739,08,inf_parietal,153,99,0.28326797719511243
740,08,inf_parietal,207,153,0.2643008638755293
741,08,inf_parietal,207,207,-0.8690974264486366
742,08,inf_parietal,207,45,0.2489962470933203
743,08,inf_parietal,207,99,0.32865964242637896
744,08,inf_parietal,45,153,0.3568816847063059
745,08,inf_parietal,45,207,0.2489404503866262
746,08,inf_parietal,45,45,-0.8943676267185481
747,08,inf_parietal,45,99,0.23049054566874821
748,08,inf_parietal,99,153,0.30461863970717273
749,08,inf_parietal,99,207,0.31515515475875944
750,08,inf_parietal,99,45,0.25897933751018576
751,08,inf_parietal,99,99,-0.8813690557959013
752,08,v5,153,153,-0.8156097511675182
753,08,v5,153,207,0.16437381314310723
754,08,v5,153,45,0.31226140199715013
755,08,v5,153,99,0.3086047244247787
756,08,v5,207,153,0.2445176188078769
757,08,v5,207,207,-0.7548406199406175
758,08,v5,207,45,0.20790110590984082
759,08,v5,207,99,0.2586033349045084
760,08,v5,45,153,0.26191400517754293
761,08,v5,45,207,0.281287766136458
762,08,v5,45,45,-0.8383027276891357
763,08,v5,45,99,0.26049595436426776
764,08,v5,99,153,0.35011148258358804
765,08,v5,99,207,0.24321782513335344
766,08,v5,99,45,0.24472771571227397
767,08,v5,99,99,-0.7794251897208871
768,09,premotor,153,153,-0.9062870448443965
769,09,premotor,153,207,0.28449011552497405
770,09,premotor,153,45,0.320983524407745
771,09,premotor,153,99,0.30328324700113174
772,09,premotor,207,153,0.28296610359141006
773,09,premotor,207,207,-0.9139919177440631
774,09,premotor,207,45,0.2775750927661655
775,09,premotor,207,99,0.3007050254695534
776,09,premotor,45,153,0.3261367169575182
777,09,premotor,45,207,0.2627648290972697
778,09,premotor,45,45,-0.8957267276327096
779,09,premotor,45,99,0.31117404312567637
780,09,premotor,99,153,0.3119786680144988
781,09,premotor,99,207,0.3080966807420258
782,09,premotor,99,45,0.30671553464756307
783,09,premotor,99,99,-0.9253842143736168
784,09,motor,153,153,-0.8811860230277928
785,09,motor,153,207,0.2790352160363233
786,09,motor,153,45,0.33082570769427866
787,09,motor,153,99,0.2686258660790399
788,09,motor,207,153,0.29786857156068
789,09,motor,207,207,-0.9093551031644219
790,09,motor,207,45,0.25687143673783985
791,09,motor,207,99,0.3321731380050895
792,09,motor,45,153,0.3251187778882981
793,09,motor,45,207,0.23167312481542968
794,09,motor,45,45,-0.8841997092433832
795,09,motor,45,99,0.3128530906972631
796,09,motor,99,153,0.28612933728464085
797,09,motor,99,207,0.3220776722863155
798,09,motor,99,45,0.2961532671888466
799,09,motor,99,99,-0.9200662325774129
800,09,v1,153,153,-0.8414329148534907
801,09,v1,153,207,0.31940455212404534
802,09,v1,153,45,0.24585657166898975
803,09,v1,153,99,0.2375505622041034
804,09,v1,207,153,0.3196015160448226
805,09,v1,207,207,-0.8605657938137093
806,09,v1,207,45,0.29038766294481144
807,09,v1,207,99,0.18877056886312082
808,09,v1,45,153,0.25794114545748814
809,09,v1,45,207,0.1812027834970773
810,09,v1,45,45,-0.8643781149203908
811,09,v1,45,99,0.4405412685438956
812,09,v1,99,153,0.2025468312461745
813,09,v1,99,207,0.2506131329915722
814,09,v1,99,45,0.4058771379837964
815,09,v1,99,99,-0.8740006778703016
816,09,sup_parietal,153,153,-0.8683638579069344
817,09,sup_parietal,153,207,0.29001453669456584
818,09,sup_parietal,153,45,0.26190348609986924
819,09,sup_parietal,153,99,0.3108667462464969
820,09,sup_parietal,207,153,0.2844385940045112
821,09,sup_parietal,207,207,-0.8636868662485045
822,09,sup_parietal,207,45,0.24594562202795706
823,09,sup_parietal,207,99,0.24375012715976643
824,09,sup_parietal,45,153,0.2939224182795594
825,09,sup_parietal,45,207,0.2433350974553458
826,09,sup_parietal,45,45,-0.8519606087303938
827,09,sup_parietal,45,99,0.312899780017754
828,09,sup_parietal,99,153,0.2887569873307376
829,09,sup_parietal,99,207,0.23079873787461344
830,09,sup_parietal,99,45,0.3214865695806025
831,09,sup_parietal,99,99,-0.8740500400734414
832,09,inf_parietal,153,153,-0.8790820333148986
833,09,inf_parietal,153,207,0.25707643822386583
834,09,inf_parietal,153,45,0.31876683873998635
835,09,inf_parietal,153,99,0.2936321164848662
836,09,inf_parietal,207,153,0.2827538839358789
837,09,inf_parietal,207,207,-0.8912144394427021
838,09,inf_parietal,207,45,0.2583892108538942
839,09,inf_parietal,207,99,0.29971797293408675
840,09,inf_parietal,45,153,0.26900117656704103
841,09,inf_parietal,45,207,0.27517760690248405
842,09,inf_parietal,45,45,-0.8783204618265836
843,09,inf_parietal,45,99,0.3110304001878282
844,09,inf_parietal,99,153,0.34905759357756294
845,09,inf_parietal,99,207,0.2767593425829684
846,09,inf_parietal,99,45,0.28016376101148727
847,09,inf_parietal,99,99,-0.9073810978517798
848,09,v5,153,153,-0.889244664149447
849,09,v5,153,207,0.26308766481413776
850,09,v5,153,45,0.21829590192388382
851,09,v5,153,99,0.3883446589506345
852,09,v5,207,153,0.2884707016611757
853,09,v5,207,207,-0.8612144507957646
854,09,v5,207,45,0.221876558944397
855,09,v5,207,99,0.3095847125660879
856,09,v5,45,153,0.22720496978784085
857,09,v5,45,207,0.3070605222050845
858,09,v5,45,45,-0.8317059867680741
859,09,v5,45,99,0.22555074258162816
860,09,v5,99,153,0.285349674296895
861,09,v5,99,207,0.24595169721500215
862,09,v5,99,45,0.2792074662198955
863,09,v5,99,99,-0.8827406947611178
864,11,premotor,153,153,-0.9046994877269234
865,11,premotor,153,207,0.3825764715837192
866,11,premotor,153,45,0.2756984909364797
867,11,premotor,153,99,0.28534787707059306
868,11,premotor,207,153,0.35795886149574907
869,11,premotor,207,207,-0.886445550297883
870,11,premotor,207,45,0.23945945900373478
871,11,premotor,207,99,0.25360511107705164
872,11,premotor,45,153,0.26924231471959403
873,11,premotor,45,207,0.2451514461333887
874,11,premotor,45,45,-0.893348321837238
875,11,premotor,45,99,0.3452054094772241
876,11,premotor,99,153,0.30842165822658435
877,11,premotor,99,207,0.23883775954009354
878,11,premotor,99,45,0.3292194708993099
879,11,premotor,99,99,-0.8830335341317983
880,11,motor,153,153,-0.8861935083768355
881,11,motor,153,207,0.33886948824690255
882,11,motor,153,45,0.2506815814113353
883,11,motor,153,99,0.29718233980836517
884,11,motor,207,153,0.3238286770726936
885,11,motor,207,207,-0.8753816721587254
886,11,motor,207,45,0.2716340305625906
887,11,motor,207,99,0.25654108141995835
888,11,motor,45,153,0.275101889309597
889,11,motor,45,207,0.29374021411970663
890,11,motor,45,45,-0.8850980696831265
891,11,motor,45,99,0.28866838822647023
892,11,motor,99,153,0.27271508091610597
893,11,motor,99,207,0.25253695783448543
894,11,motor,99,45,0.3225140117775575
895,11,motor,99,99,-0.8625725637024488
896,11,v1,153,153,-0.8497251097351214
897,11,v1,153,207,0.31149217624024833
898,11,v1,153,45,0.23258582720445503
899,11,v1,153,99,0.3273569033714304
900,11,v1,207,153,0.33567684274567
901,11,v1,207,207,-0.8265657021573841
902,11,v1,207,45,0.22305642973896952
903,11,v1,207,99,0.273841228568309
904,11,v1,45,153,0.2576221111913639
905,11,v1,45,207,0.26558431889587875
906,11,v1,45,45,-0.8580786102597989
907,11,v1,45,99,0.25211022754718254
908,11,v1,99,153,0.2830267137341554
909,11,v1,99,207,0.24472458693653162
910,11,v1,99,45,0.3419466219118684
911,11,v1,99,99,-0.8514014054299701
912,11,sup_parietal,153,153,-0.8274855075296831
913,11,sup_parietal,153,207,0.3498463657422304
914,11,sup_parietal,153,45,0.20876267768444234
915,11,sup_parietal,153,99,0.32047097198518915
916,11,sup_parietal,207,153,0.3127721513893035
917,11,sup_parietal,207,207,-0.8650866883647848
918,11,sup_parietal,207,45,0.21947661474209157
919,11,sup_parietal,207,99,0.26629609580297897
920,11,sup_parietal,45,153,0.2409468787936586
921,11,sup_parietal,45,207,0.22811531187919704
922,11,sup_parietal,45,45,-0.8542811365581071
923,11,sup_parietal,45,99,0.27263560668314285
924,11,sup_parietal,99,153,0.2796255807938736
925,11,sup_parietal,99,207,0.2663831094261727
926,11,sup_parietal,99,45,0.3379361782032497
927,11,sup_parietal,99,99,-0.8701984981291935
928,11,inf_parietal,153,153,-0.8765410504135461
929,11,inf_parietal,153,207,0.314603059432358
930,11,inf_parietal,153,45,0.2552692430696116
931,11,inf_parietal,153,99,0.30683914289511277
932,11,inf_parietal,207,153,0.28124093045206083
933,11,inf_parietal,207,207,-0.8684698181288707
934,11,inf_parietal,207,45,0.25953725830278523
935,11,inf_parietal,207,99,0.28098789810878066
936,11,inf_parietal,45,153,0.26245340046778093
937,11,inf_parietal,45,207,0.2765040376629891
938,11,inf_parietal,45,45,-0.8769526214564819
939,11,inf_parietal,45,99,0.29162567228482467
940,11,inf_parietal,99,153,0.3188199508226144
941,11,inf_parietal,99,207,0.26205749730258654
942,11,inf_parietal,99,45,0.30196475650447746
943,11,inf_parietal,99,99,-0.8772279004706269
944,11,v5,153,153,-0.8070262288652178
945,11,v5,153,207,0.34181439893786963
946,11,v5,153,45,0.20506137758759915
947,11,v5,153,99,0.2682464316138726
948,11,v5,207,153,0.3775826320564195
949,11,v5,207,207,-0.8303358768404694
950,11,v5,207,45,0.26064142910141574
951,11,v5,207,99,0.2675159591855931
952,11,v5,45,153,0.19712741839303566
953,11,v5,45,207,0.3616795605136158
954,11,v5,45,45,-0.8296740344877529
955,11,v5,45,99,0.2724562866409702
956,11,v5,99,153,0.18279323579673662
957,11,v5,99,207,0.15314704006498353
958,11,v5,99,45,0.3764748147825846
959,11,v5,99,99,-0.8717781346923811
960,12,premotor,153,153,-0.8956266784751918
961,12,premotor,153,207,0.33748630208294333
962,12,premotor,153,45,0.29655069289363445
963,12,premotor,153,99,0.2780370866134974
964,12,premotor,207,153,0.3112993922290599
965,12,premotor,207,207,-0.9042227069489612
966,12,premotor,207,45,0.28386926727277845
967,12,premotor,207,99,0.26841266349875353
968,12,premotor,45,153,0.27899876043212357
969,12,premotor,45,207,0.2573637964519895
970,12,premotor,45,45,-0.8964774274944374
971,12,premotor,45,99,0.3303304828841348
972,12,premotor,99,153,0.29798370327246076
973,12,premotor,99,207,0.27504032479191787
974,12,premotor,99,45,0.3294506114196042
975,12,premotor,99,99,-0.8986244023949002
976,12,motor,153,153,-0.8837489463815356
977,12,motor,153,207,0.32256724901100836
978,12,motor,153,45,0.2759637379558578
979,12,motor,153,99,0.2689025280538917
980,12,motor,207,153,0.30513773946155803
981,12,motor,207,207,-0.8811732807796948
982,12,motor,207,45,0.26554765244514844
983,12,motor,207,99,0.276835878068197
984,12,motor,45,153,0.28041901337046576
985,12,motor,45,207,0.240780873224612
986,12,motor,45,45,-0.8769286781540766
987,12,motor,45,99,0.3281726143044239
988,12,motor,99,153,0.2820820437200616
989,12,motor,99,207,0.2908356082003565
990,12,motor,99,45,0.29728654088348616
991,12,motor,99,99,-0.8789357413300116
992,12,v1,153,153,-0.8483392714768696
993,12,v1,153,207,0.32908047364001214
994,12,v1,153,45,0.21748565066673395
995,12,v1,153,99,0.27589580835335176
996,12,v1,207,153,0.3445191084203719
997,12,v1,207,207,-0.8576155714842297
998,12,v1,207,45,0.26843888953839024
999,12,v1,207,99,0.20789048780827096
1000,12,v1,45,153,0.2359455010978055
1001,12,v1,45,207,0.24340235530583157
1002,12,v1,45,45,-0.8409209125991051
1003,12,v1,45,99,0.35861974563060595
1004,12,v1,99,153,0.27982384095335106
1005,12,v1,99,207,0.21573389294421225
1006,12,v1,99,45,0.33263468440035404
1007,12,v1,99,99,-0.8698820563103868
1008,12,sup_parietal,153,153,-0.8445437692699995
1009,12,sup_parietal,153,207,0.30856227030815864
1010,12,sup_parietal,153,45,0.30651609427790383
1011,12,sup_parietal,153,99,0.2727057546756546
1012,12,sup_parietal,207,153,0.31153689528557643
1013,12,sup_parietal,207,207,-0.8546437971673606
1014,12,sup_parietal,207,45,0.25308990020560374
1015,12,sup_parietal,207,99,0.2286955520047117
1016,12,sup_parietal,45,153,0.3304769598184578
1017,12,sup_parietal,45,207,0.18004071482398243
1018,12,sup_parietal,45,45,-0.8315746977359663
1019,12,sup_parietal,45,99,0.2379275460715674
1020,12,sup_parietal,99,153,0.2579218833779636
1021,12,sup_parietal,99,207,0.27829843448701796
1022,12,sup_parietal,99,45,0.2643325916871795
1023,12,sup_parietal,99,99,-0.8833514196846471
1024,12,inf_parietal,153,153,-0.8770195014411869
1025,12,inf_parietal,153,207,0.3398585363357962
1026,12,inf_parietal,153,45,0.2703529158743896
1027,12,inf_parietal,153,99,0.2992479555400298
1028,12,inf_parietal,207,153,0.3406732662501023
1029,12,inf_parietal,207,207,-0.8891338761710186
1030,12,inf_parietal,207,45,0.25162175491936745
1031,12,inf_parietal,207,99,0.23572099079393566
1032,12,inf_parietal,45,153,0.332672894027939
1033,12,inf_parietal,45,207,0.21974341828036886
1034,12,inf_parietal,45,45,-0.8870695281208307
1035,12,inf_parietal,45,99,0.2825125620526635
1036,12,inf_parietal,99,153,0.26483524746335585
1037,12,inf_parietal,99,207,0.26021934850180684
1038,12,inf_parietal,99,45,0.3230921574380105
1039,12,inf_parietal,99,99,-0.8842660234514297
1040,12,v5,153,153,-0.8383450536930648
1041,12,v5,153,207,0.35336993906085123
1042,12,v5,153,45,0.23780380433636944
1043,12,v5,153,99,0.18694159040107847
1044,12,v5,207,153,0.3210449285162227
1045,12,v5,207,207,-0.8522540534791077
1046,12,v5,207,45,0.2910499132875958
1047,12,v5,207,99,0.29628934948272134
1048,12,v5,45,153,0.2357025887925263
1049,12,v5,45,207,0.24996189340257863
1050,12,v5,45,45,-0.8148908594681811
1051,12,v5,45,99,0.20006518815894841
1052,12,v5,99,153,0.2753006233812276
1053,12,v5,99,207,0.26725823757457845
1054,12,v5,99,45,0.24096507175110332
1055,12,v5,99,99,-0.8706534733315242
1056,13,premotor,153,153,-0.9005504531762282
1057,13,premotor,153,207,0.33386959425185425
1058,13,premotor,153,45,0.27936116110145465
1059,13,premotor,153,99,0.2967460901239389
1060,13,premotor,207,153,0.33452477373471307
1061,13,premotor,207,207,-0.8915596189692794
1062,13,premotor,207,45,0.31021850897217895
1063,13,premotor,207,99,0.23513518565756006
1064,13,premotor,45,153,0.28830086036171
1065,13,premotor,45,207,0.30103556574437385
1066,13,premotor,45,45,-0.9114951481730256
1067,13,premotor,45,99,0.32909917921783416
1068,13,premotor,99,153,0.27449849118702396
1069,13,premotor,99,207,0.25993250816114105
1070,13,premotor,99,45,0.30954002977448647
1071,13,premotor,99,99,-0.8985006568549628
1072,13,motor,153,153,-0.8865432561199896
1073,13,motor,153,207,0.30057451597160223
1074,13,motor,153,45,0.32036381497287414
1075,13,motor,153,99,0.2752931054379033
1076,13,motor,207,153,0.27887085968170755
1077,13,motor,207,207,-0.8932551971411608
1078,13,motor,207,45,0.26089501936203463
1079,13,motor,207,99,0.3024856551439689
1080,13,motor,45,153,0.33536301852000827
1081,13,motor,45,207,0.2710232710370049
1082,13,motor,45,45,-0.8965036819908971
1083,13,motor,45,99,0.27754586706360207
1084,13,motor,99,153,0.2873031900968289
1085,13,motor,99,207,0.25176271998046307
1086,13,motor,99,45,0.3072935847970001
1087,13,motor,99,99,-0.8912376589579762
1088,13,v1,153,153,-0.8648649074468746
1089,13,v1,153,207,0.32200431534273727
1090,13,v1,153,45,0.2638341240974485
1091,13,v1,153,99,0.29430224006177075
1092,13,v1,207,153,0.28990449626005454
1093,13,v1,207,207,-0.8407243031239522
1094,13,v1,207,45,0.29194539367789407
1095,13,v1,207,99,0.20386365252651967
1096,13,v1,45,153,0.29125864939445945
1097,13,v1,45,207,0.20599368541555377
1098,13,v1,45,45,-0.8412795891037077
1099,13,v1,45,99,0.33232821210518
1100,13,v1,99,153,0.3013226285955971
1101,13,v1,99,207,0.2445301087482256
1102,13,v1,99,45,0.2828795316704962
1103,13,v1,99,99,-0.8639099230465876
1104,13,sup_parietal,153,153,-0.8511657987800562
1105,13,sup_parietal,153,207,0.28749448112900544
1106,13,sup_parietal,153,45,0.27790579561283507
1107,13,sup_parietal,153,99,0.2734634454664904
1108,13,sup_parietal,207,153,0.34379011188524555
1109,13,sup_parietal,207,207,-0.8294944779054582
1110,13,sup_parietal,207,45,0.24862242902538872
1111,13,sup_parietal,207,99,0.23082550662120488
1112,13,sup_parietal,45,153,0.2481111253829174
1113,13,sup_parietal,45,207,0.21234553833482
1114,13,sup_parietal,45,45,-0.8469353469743537
1115,13,sup_parietal,45,99,0.3127623679943794
1116,13,sup_parietal,99,153,0.2745147039165003
1117,13,sup_parietal,99,207,0.2961239851800056
1118,13,sup_parietal,99,45,0.265237845035605
1119,13,sup_parietal,99,99,-0.8602772790423299
1120,13,inf_parietal,153,153,-0.8813381757995422
1121,13,inf_parietal,153,207,0.2950198135469896
1122,13,inf_parietal,153,45,0.2968988639435643
1123,13,inf_parietal,153,99,0.3247543713258719
1124,13,inf_parietal,207,153,0.2637389776540775
1125,13,inf_parietal,207,207,-0.8742271670751371
1126,13,inf_parietal,207,45,0.2815753957084609
1127,13,inf_parietal,207,99,0.2889377148854783
1128,13,inf_parietal,45,153,0.30799195966304593
1129,13,inf_parietal,45,207,0.24512010968292225
1130,13,inf_parietal,45,45,-0.8632149483548662
1131,13,inf_parietal,45,99,0.2590372958278389
1132,13,inf_parietal,99,153,0.30419483348284015
1133,13,inf_parietal,99,207,0.2821357617435987
1134,13,inf_parietal,99,45,0.26561729991508926
1135,13,inf_parietal,99,99,-0.8986026856518414
1136,13,v5,153,153,-0.8055925040161964
1137,13,v5,153,207,0.25869141117852135
1138,13,v5,153,45,0.3064860517703717
1139,13,v5,153,99,0.2970630239510397
1140,13,v5,207,153,0.31435100524983584
1141,13,v5,207,207,-0.8259253613624034
1142,13,v5,207,45,0.2551067947717637
1143,13,v5,207,99,0.25112686624368
1144,13,v5,45,153,0.24714368116576002
1145,13,v5,45,207,0.3005495319928114
1146,13,v5,45,45,-0.8093238431283822
1147,13,v5,45,99,0.2905884232200546
1148,13,v5,99,153,0.26748421005791956
1149,13,v5,99,207,0.2669850353530745
1150,13,v5,99,45,0.19576189040694364
1151,13,v5,99,99,-0.8752416466517388
1152,14,premotor,153,153,-0.8908381268813671
1153,14,premotor,153,207,0.22537549673451862
1154,14,premotor,153,45,0.28431675504180187
1155,14,premotor,153,99,0.36345848648656276
1156,14,premotor,207,153,0.25576801087692647
1157,14,premotor,207,207,-0.8900817654561919
1158,14,premotor,207,45,0.30295329995145265
1159,14,premotor,207,99,0.2641311292675461
1160,14,premotor,45,153,0.3002096689245285
1161,14,premotor,45,207,0.2899256091649175
1162,14,premotor,45,45,-0.9170337075794988
1163,14,premotor,45,99,0.301481749668735
1164,14,premotor,99,153,0.34134870212174595
1165,14,premotor,99,207,0.2751184610077087
1166,14,premotor,99,45,0.3034892317263834
1167,14,premotor,99,99,-0.898973339553444
1168,14,motor,153,153,-0.8744852259963474
1169,14,motor,153,207,0.25589776287467775
1170,14,motor,153,45,0.2634251731756351
1171,14,motor,153,99,0.35274908115440096
1172,14,motor,207,153,0.25953891362378956
1173,14,motor,207,207,-0.8765856313318927
1174,14,motor,207,45,0.27421929330003925
1175,14,motor,207,99,0.27350894816576937
1176,14,motor,45,153,0.3105547753696043
1177,14,motor,45,207,0.268422929388202
1178,14,motor,45,45,-0.904185061042954
1179,14,motor,45,99,0.2973255195552867
1180,14,motor,99,153,0.31145871250294277
1181,14,motor,99,207,0.23926191270898556
1182,14,motor,99,45,0.33087923455699464
1183,14,motor,99,99,-0.8969854624318425
1184,14,v1,153,153,-0.8757503056583917
1185,14,v1,153,207,0.2950912609162243
1186,14,v1,153,45,0.22926236414183815
1187,14,v1,153,99,0.3657762911394081
1188,14,v1,207,153,0.3185307810264171
1189,14,v1,207,207,-0.874072311680808
1190,14,v1,207,45,0.2703916377518585
1191,14,v1,207,99,0.2679310265596502
1192,14,v1,45,153,0.2553132147176902
1193,14,v1,45,207,0.30027401442332935
1194,14,v1,45,45,-0.8615181430713721
1195,14,v1,45,99,0.26334803681881414
1196,14,v1,99,153,0.3329707547143598
1197,14,v1,99,207,0.2520645426636991
1198,14,v1,99,45,0.28130043572536
1199,14,v1,99,99,-0.8855939578736234
1200,14,sup_parietal,153,153,-0.8523808739567063
1201,14,sup_parietal,153,207,0.26276046906860695
1202,14,sup_parietal,153,45,0.22510045686635063
1203,14,sup_parietal,153,99,0.41431125993678164
1204,14,sup_parietal,207,153,0.37213252048103346
1205,14,sup_parietal,207,207,-0.861958315845204
1206,14,sup_parietal,207,45,0.29713729436307024
1207,14,sup_parietal,207,99,0.1848837771067529
1208,14,sup_parietal,45,153,0.2500626275062737
1209,14,sup_parietal,45,207,0.3161403031148323
1210,14,sup_parietal,45,45,-0.871774815730985
1211,14,sup_parietal,45,99,0.22231971232609488
1212,14,sup_parietal,99,153,0.3115012105368393
1213,14,sup_parietal,99,207,0.15943959952907738
1214,14,sup_parietal,99,45,0.28897166995141
1215,14,sup_parietal,99,99,-0.8749459323044457
1216,14,inf_parietal,153,153,-0.8728471531345721
1217,14,inf_parietal,153,207,0.19200290777475454
1218,14,inf_parietal,153,45,0.30656442752846025
1219,14,inf_parietal,153,99,0.3528974444442098
1220,14,inf_parietal,207,153,0.2573818250200549
1221,14,inf_parietal,207,207,-0.8884818664867571
1222,14,inf_parietal,207,45,0.31858010647975005
1223,14,inf_parietal,207,99,0.24628274752742174
1224,14,inf_parietal,45,153,0.297849892964437
1225,14,inf_parietal,45,207,0.28554315940703245
1226,14,inf_parietal,45,45,-0.9005617901841714
1227,14,inf_parietal,45,99,0.3153046570715593
1228,14,inf_parietal,99,153,0.3593011994332932
1229,14,inf_parietal,99,207,0.27099668754915035
1230,14,inf_parietal,99,45,0.2639414162307372
1231,14,inf_parietal,99,99,-0.9022643420377987
1232,14,v5,153,153,-0.8333208022499525
1233,14,v5,153,207,0.23817654569600094
1234,14,v5,153,45,0.2520941519703481
1235,14,v5,153,99,0.3794966958441761
1236,14,v5,207,153,0.2988694017883948
1237,14,v5,207,207,-0.8383777561374092
1238,14,v5,207,45,0.2933727508770725
1239,14,v5,207,99,0.20424928545948873
1240,14,v5,45,153,0.2552260153092845
1241,14,v5,45,207,0.338237740893097
1242,14,v5,45,45,-0.8529230805948982
1243,14,v5,45,99,0.16239119323089368
1244,14,v5,99,153,0.37955657392580155
1245,14,v5,99,207,0.15377262014816462
1246,14,v5,99,45,0.2699105813761666
1247,14,v5,99,99,-0.8087385326705077
1248,15,premotor,153,153,-0.8861555725896384
1249,15,premotor,153,207,0.2806764265830135
1250,15,premotor,153,45,0.26638145096822313
1251,15,premotor,153,99,0.27681909493476764
1252,15,premotor,207,153,0.25308493040259616
1253,15,premotor,207,207,-0.8815724175787152
1254,15,premotor,207,45,0.2813693432844412
1255,15,premotor,207,99,0.33246681674550765
1256,15,premotor,45,153,0.23845763359534516
1257,15,premotor,45,207,0.29571801066692704
1258,15,premotor,45,45,-0.865126672889623
1259,15,premotor,45,99,0.2968072196366306
1260,15,premotor,99,153,0.2862093916382459
1261,15,premotor,99,207,0.3057355168818946
1262,15,premotor,99,45,0.3026571142546477
1263,15,premotor,99,99,-0.8686156750752978
1264,15,motor,153,153,-0.8748691291482402
1265,15,motor,153,207,0.27269055985096635
1266,15,motor,153,45,0.24573090381369816
1267,15,motor,153,99,0.2953197434758495
1268,15,motor,207,153,0.2453838106860019
1269,15,motor,207,207,-0.8806700595089882
1270,15,motor,207,45,0.2719121911374631
1271,15,motor,207,99,0.31529562396439803
1272,15,motor,45,153,0.2597400019289446
1273,15,motor,45,207,0.3149385450794086
1274,15,motor,45,45,-0.884321650731478
1275,15,motor,45,99,0.31228160857048826
1276,15,motor,99,153,0.26980195017861763
1277,15,motor,99,207,0.273410163901908
1278,15,motor,99,45,0.3248026502197353
1279,15,motor,99,99,-0.8559351448759824
1280,15,v1,153,153,-0.8574638104298394
1281,15,v1,153,207,0.2883986105814028
1282,15,v1,153,45,0.22852082826973413
1283,15,v1,153,99,0.2965849763842613
1284,15,v1,207,153,0.2838291029839084
1285,15,v1,207,207,-0.8282479100111846
1286,15,v1,207,45,0.2199450711882439
1287,15,v1,207,99,0.27208452891537194
1288,15,v1,45,153,0.20997980151594586
1289,15,v1,45,207,0.22177963743992082
1290,15,v1,45,45,-0.8089018786676279
1291,15,v1,45,99,0.33237585713866846
1292,15,v1,99,153,0.2973290728999385
1293,15,v1,99,207,0.24447934652519965
1294,15,v1,99,45,0.3393792110684901
1295,15,v1,99,99,-0.8395023397196326
1296,15,sup_parietal,153,153,-0.8591579918607313
1297,15,sup_parietal,153,207,0.2900230261594222
1298,15,sup_parietal,153,45,0.24458651288459207
1299,15,sup_parietal,153,99,0.29628419551762675
1300,15,sup_parietal,207,153,0.22652605961267872
1301,15,sup_parietal,207,207,-0.8501553509232038
1302,15,sup_parietal,207,45,0.2511578558857278
1303,15,sup_parietal,207,99,0.3126434860987425
1304,15,sup_parietal,45,153,0.2045249103415814
1305,15,sup_parietal,45,207,0.2718887914782295
1306,15,sup_parietal,45,45,-0.8105837747615265
1307,15,sup_parietal,45,99,0.2266209672343087
1308,15,sup_parietal,99,153,0.32737166681674545
1309,15,sup_parietal,99,207,0.24026434746717618
1310,15,sup_parietal,99,45,0.27039643360581755
1311,15,sup_parietal,99,99,-0.816660966232678
1312,15,inf_parietal,153,153,-0.8661820838748863
1313,15,inf_parietal,153,207,0.2883537689976583
1314,15,inf_parietal,153,45,0.24279777443565065
1315,15,inf_parietal,153,99,0.2705590289222405
1316,15,inf_parietal,207,153,0.27578131652817983
1317,15,inf_parietal,207,207,-0.8684972177483972
1318,15,inf_parietal,207,45,0.32277000161273106
1319,15,inf_parietal,207,99,0.24660541292797855
1320,15,inf_parietal,45,153,0.25003200535836767
1321,15,inf_parietal,45,207,0.27591206520968653
1322,15,inf_parietal,45,45,-0.8698246716458642
1323,15,inf_parietal,45,99,0.34910575313077463
1324,15,inf_parietal,99,153,0.23449220352504957
1325,15,inf_parietal,99,207,0.2925421192615017
1326,15,inf_parietal,99,45,0.3106529069197184
1327,15,inf_parietal,99,99,-0.8522031596242707
1328,15,v5,153,153,-0.8132124132875744
1329,15,v5,153,207,0.2841435976110792
1330,15,v5,153,45,0.22341652846267063
1331,15,v5,153,99,0.24559060850542386
1332,15,v5,207,153,0.3588786267239716
1333,15,v5,207,207,-0.7576381830155994
1334,15,v5,207,45,0.20125394699848748
1335,15,v5,207,99,0.2338017849704891
1336,15,v5,45,153,0.23724964662878534
1337,15,v5,45,207,0.2195473110645213
1338,15,v5,45,45,-0.7578121436006109
1339,15,v5,45,99,0.27814801751321566
1340,15,v5,99,153,0.26002845021597654
1341,15,v5,99,207,0.23930038163817197
1342,15,v5,99,45,0.2809229637934672
1343,15,v5,99,99,-0.7787151918252811
1344,16,premotor,153,153,-0.9082296002644101
1345,16,premotor,153,207,0.3155471288170224
1346,16,premotor,153,45,0.3023942661182357
1347,16,premotor,153,99,0.26530550072625353
1348,16,premotor,207,153,0.29865550515250994
1349,16,premotor,207,207,-0.8898010908252548
1350,16,premotor,207,45,0.23435929898284025
1351,16,premotor,207,99,0.3079448680878487
1352,16,premotor,45,153,0.2949793773812531
1353,16,premotor,45,207,0.2956913925402468
1354,16,premotor,45,45,-0.8930753112568035
1355,16,premotor,45,99,0.33272015912517094
1356,16,premotor,99,153,0.3069463342844345
1357,16,premotor,99,207,0.23444379443375313
1358,16,premotor,99,45,0.35064322806973414
1359,16,premotor,99,99,-0.8911033900595295
1360,16,motor,153,153,-0.8911183030733513
1361,16,motor,153,207,0.30163345125966906
1362,16,motor,153,45,0.28882600169289185
1363,16,motor,153,99,0.2684413086365859
1364,16,motor,207,153,0.3075021528288856
1365,16,motor,207,207,-0.8728567943108965
1366,16,motor,207,45,0.24351766919210147
1367,16,motor,207,99,0.27166508583903937
1368,16,motor,45,153,0.3060870651227542
1369,16,motor,45,207,0.28694658143649554
1370,16,motor,45,45,-0.8742843920302064
1371,16,motor,45,99,0.2972386677728152
1372,16,motor,99,153,0.29504262028789235
1373,16,motor,99,207,0.2209920835041448
1374,16,motor,99,45,0.3103316437494932
1375,16,motor,99,99,-0.8630843645178934
1376,16,v1,153,153,-0.8564278220412922
1377,16,v1,153,207,0.3521451061339047
1378,16,v1,153,45,0.2520894527797487
1379,16,v1,153,99,0.2090644402594641
1380,16,v1,207,153,0.3782078877428813
1381,16,v1,207,207,-0.8667985066422518
1382,16,v1,207,45,0.20804879369263457
1383,16,v1,207,99,0.30187489750427277
1384,16,v1,45,153,0.23415607402228075
1385,16,v1,45,207,0.2679395899990258
1386,16,v1,45,45,-0.8094792150148555
1387,16,v1,45,99,0.30509458677347745
1388,16,v1,99,153,0.23053008936369107
1389,16,v1,99,207,0.2543775020730983
1390,16,v1,99,45,0.2926211323757264
1391,16,v1,99,99,-0.8344425800395961
1392,16,sup_parietal,153,153,-0.8562614265008781
1393,16,sup_parietal,153,207,0.23723649437431904
1394,16,sup_parietal,153,45,0.2289243579699007
1395,16,sup_parietal,153,99,0.3088060260260183
1396,16,sup_parietal,207,153,0.24190288140530045
1397,16,sup_parietal,207,207,-0.848809888728651
1398,16,sup_parietal,207,45,0.2922398827902921
1399,16,sup_parietal,207,99,0.21001234632711563
1400,16,sup_parietal,45,153,0.2501496423221978
1401,16,sup_parietal,45,207,0.31026776428430836
1402,16,sup_parietal,45,45,-0.8631109764692565
1403,16,sup_parietal,45,99,0.32214018971263325
1404,16,sup_parietal,99,153,0.31854300223675847
1405,16,sup_parietal,99,207,0.18068441960678017
1406,16,sup_parietal,99,45,0.31540582964069686
1407,16,sup_parietal,99,99,-0.8499378367736787
1408,16,inf_parietal,153,153,-0.8749443620605465
1409,16,inf_parietal,153,207,0.3277530028071802
1410,16,inf_parietal,153,45,0.24569243845952335
1411,16,inf_parietal,153,99,0.2523948168652087
1412,16,inf_parietal,207,153,0.3133707011179585
1413,16,inf_parietal,207,207,-0.8822502483350835
1414,16,inf_parietal,207,45,0.25609835316185053
1415,16,inf_parietal,207,99,0.25028279443922313
1416,16,inf_parietal,45,153,0.26925122414567737
1417,16,inf_parietal,45,207,0.24436674791962856
1418,16,inf_parietal,45,45,-0.8577772817176277
1419,16,inf_parietal,45,99,0.35160377194116954
1420,16,inf_parietal,99,153,0.26868996557450986
1421,16,inf_parietal,99,207,0.23308862070314168
1422,16,inf_parietal,99,45,0.3532418719070741
1423,16,inf_parietal,99,99,-0.86518253125345
1424,16,v5,153,153,-0.8791362057260191
1425,16,v5,153,207,0.31507788672269343
1426,16,v5,153,45,0.2138400030389375
1427,16,v5,153,99,0.2531339676657544
1428,16,v5,207,153,0.3572228894056366
1429,16,v5,207,207,-0.8712515385363341
1430,16,v5,207,45,0.2792014265666324
1431,16,v5,207,99,0.23795477633007533
1432,16,v5,45,153,0.21875339087954965
1433,16,v5,45,207,0.3217683938844673
1434,16,v5,45,45,-0.8776098335826534
1435,16,v5,45,99,0.3354606747261051
1436,16,v5,99,153,0.27657469663758605
1437,16,v5,99,207,0.2858678129360003
1438,16,v5,99,45,0.3032717837096838
1439,16,v5,99,99,-0.8813406687147365
1440,17,premotor,153,153,-0.899544056620353
1441,17,premotor,153,207,0.30912079344830284
1442,17,premotor,153,45,0.2715022502613292
1443,17,premotor,153,99,0.2946784694527497
1444,17,premotor,207,153,0.2905260997086532
1445,17,premotor,207,207,-0.889156293041957
1446,17,premotor,207,45,0.30075754085025674
1447,17,premotor,207,99,0.27956108118358886
1448,17,premotor,45,153,0.2941241314123264
1449,17,premotor,45,207,0.2736382769113065
1450,17,premotor,45,45,-0.9172614878277527
1451,17,premotor,45,99,0.31987306290797807
1452,17,premotor,99,153,0.32597076782779844
1453,17,premotor,99,207,0.2553732084895256
1454,17,premotor,99,45,0.3394872811822556
1455,17,premotor,99,99,-0.8959877201802556
1456,17,motor,153,153,-0.8674158215007038
1457,17,motor,153,207,0.31873822384457073
1458,17,motor,153,45,0.2766233838198143
1459,17,motor,153,99,0.2809766473414632
1460,17,motor,207,153,0.2835245652773667
1461,17,motor,207,207,-0.8799109005447363
1462,17,motor,207,45,0.2840556233101571
1463,17,motor,207,99,0.2769911271863655
1464,17,motor,45,153,0.27345566425034384
1465,17,motor,45,207,0.2350111444351215
1466,17,motor,45,45,-0.8888353324807787
1467,17,motor,45,99,0.3282962166133299
1468,17,motor,99,153,0.3213618046366233
1469,17,motor,99,207,0.24903509646856925
1470,17,motor,99,45,0.31453085321597485
1471,17,motor,99,99,-0.9011282640433191
1472,17,v1,153,153,-0.8865068537591176
1473,17,v1,153,207,0.3951223085913772
1474,17,v1,153,45,0.20262533125789464
1475,17,v1,153,99,0.24543117458052705
1476,17,v1,207,153,0.3406684230868304
1477,17,v1,207,207,-0.8814030063434122
1478,17,v1,207,45,0.24313668703956853
1479,17,v1,207,99,0.32229092944144666
1480,17,v1,45,153,0.2525398885443361
1481,17,v1,45,207,0.2005905086394587
1482,17,v1,45,45,-0.8466886781384526
1483,17,v1,45,99,0.3106263692363846
1484,17,v1,99,153,0.30919294196256797
1485,17,v1,99,207,0.32067408268979497
1486,17,v1,99,45,0.2527124457536863
1487,17,v1,99,99,-0.8830082045288976
1488,17,sup_parietal,153,153,-0.8508356485073831
1489,17,sup_parietal,153,207,0.32589545717899826
1490,17,sup_parietal,153,45,0.2738659066732124
1491,17,sup_parietal,153,99,0.24228093527212732
1492,17,sup_parietal,207,153,0.2548691928677629
1493,17,sup_parietal,207,207,-0.8509324022141881
1494,17,sup_parietal,207,45,0.26536311845069
1495,17,sup_parietal,207,99,0.30627683702286457
1496,17,sup_parietal,45,153,0.28299766703015056
1497,17,sup_parietal,45,207,0.3012462823796649
1498,17,sup_parietal,45,45,-0.8595340350790038
1499,17,sup_parietal,45,99,0.25044386479296954
1500,17,sup_parietal,99,153,0.28226578692180804
1501,17,sup_parietal,99,207,0.23394030138892846
1502,17,sup_parietal,99,45,0.2711283000722006
1503,17,sup_parietal,99,99,-0.8708922812574826
1504,17,inf_parietal,153,153,-0.8893503257812108
1505,17,inf_parietal,153,207,0.3060386231526386
1506,17,inf_parietal,153,45,0.28435794976509754
1507,17,inf_parietal,153,99,0.2756971070490809
1508,17,inf_parietal,207,153,0.2513841201213592
1509,17,inf_parietal,207,207,-0.862116768115869
1510,17,inf_parietal,207,45,0.33423189504414497
1511,17,inf_parietal,207,99,0.27883262478072407
1512,17,inf_parietal,45,153,0.28159437927864195
1513,17,inf_parietal,45,207,0.26641346652077935
1514,17,inf_parietal,45,45,-0.8810550659167447
1515,17,inf_parietal,45,99,0.29984365211817726
1516,17,inf_parietal,99,153,0.3144379587022218
1517,17,inf_parietal,99,207,0.26545117504285587
1518,17,inf_parietal,99,45,0.2762673237594027
1519,17,inf_parietal,99,99,-0.8751280421024528
1520,17,v5,153,153,-0.7998879496543989
1521,17,v5,153,207,0.23650856100066298
1522,17,v5,153,45,0.20365305337362444
1523,17,v5,153,99,0.3094257005420838
1524,17,v5,207,153,0.12130207491250045
1525,17,v5,207,207,-0.8243399342028515
1526,17,v5,207,45,0.26864442761829754
1527,17,v5,207,99,0.3284647742494816
1528,17,v5,45,153,0.26834060142151006
1529,17,v5,45,207,0.2285971595368579
1530,17,v5,45,45,-0.7895688403788828
1531,17,v5,45,99,0.25591932257331074
1532,17,v5,99,153,0.30406243215477735
1533,17,v5,99,207,0.31031660124594795
1534,17,v5,99,45,0.20709899142039767
1535,17,v5,99,99,-0.8365837111348364
1536,18,premotor,153,153,-0.904888260002725
1537,18,premotor,153,207,0.3543348527149724
1538,18,premotor,153,45,0.2844165018010147
1539,18,premotor,153,99,0.2956769569023107
1540,18,premotor,207,153,0.33605019326546476
1541,18,premotor,207,207,-0.9072300431705186
1542,18,premotor,207,45,0.27026537914627724
1543,18,premotor,207,99,0.23992397292425355
1544,18,premotor,45,153,0.26151466856241495
1545,18,premotor,45,207,0.2681493165712795
1546,18,premotor,45,45,-0.9109438280863631
1547,18,premotor,45,99,0.35296987910645616
1548,18,premotor,99,153,0.31388744859777884
1549,18,premotor,99,207,0.2553511696889324
1550,18,premotor,99,45,0.33243445473555744
1551,18,premotor,99,99,-0.8984284946647587
1552,18,motor,153,153,-0.8958663438274153
1553,18,motor,153,207,0.35939044875890724
1554,18,motor,153,45,0.25928182900314345
1555,18,motor,153,99,0.2771055162781766
1556,18,motor,207,153,0.30996666433007536
1557,18,motor,207,207,-0.8926748962168536
1558,18,motor,207,45,0.2653747278724844
1559,18,motor,207,99,0.2655088739727694
1560,18,motor,45,153,0.27957471053766125
1561,18,motor,45,207,0.23731102747427849
1562,18,motor,45,45,-0.906800049136489
1563,18,motor,45,99,0.34896639627457393
1564,18,motor,99,153,0.27299619058399044
1565,18,motor,99,207,0.271644821298342
1566,18,motor,99,45,0.3417713377738323
1567,18,motor,99,99,-0.8877254120313347
1568,18,v1,153,153,-0.8717029027258933
1569,18,v1,153,207,0.3542554037086134
1570,18,v1,153,45,0.2562167084379533
1571,18,v1,153,99,0.2650073367751369
1572,18,v1,207,153,0.3318247628728753
1573,18,v1,207,207,-0.8381589302110646
1574,18,v1,207,45,0.21054942087833095
1575,18,v1,207,99,0.23785095236987583
1576,18,v1,45,153,0.23565337294668068
1577,18,v1,45,207,0.2396016386529324
1578,18,v1,45,45,-0.8513065563804321
1579,18,v1,45,99,0.341573043393824
1580,18,v1,99,153,0.27316425905071057
1581,18,v1,99,207,0.2617507094401036
1582,18,v1,99,45,0.3198794448639663
1583,18,v1,99,99,-0.8324104077266365
1584,18,sup_parietal,153,153,-0.8621844418334932
1585,18,sup_parietal,153,207,0.3213680257864574
1586,18,sup_parietal,153,45,0.24810827527740453
1587,18,sup_parietal,153,99,0.2608480027866778
1588,18,sup_parietal,207,153,0.25020483107318764
1589,18,sup_parietal,207,207,-0.8418596722271297
1590,18,sup_parietal,207,45,0.19526465460810666
1591,18,sup_parietal,207,99,0.24653524813535863
1592,18,sup_parietal,45,153,0.2640759520770982
1593,18,sup_parietal,45,207,0.244014790616445
1594,18,sup_parietal,45,45,-0.8907118926682864
1595,18,sup_parietal,45,99,0.38388888417811606
1596,18,sup_parietal,99,153,0.30838191753587485
1597,18,sup_parietal,99,207,0.18405918765929835
1598,18,sup_parietal,99,45,0.4223614123181502
1599,18,sup_parietal,99,99,-0.866681472539155
1600,18,inf_parietal,153,153,-0.8804132306081376
1601,18,inf_parietal,153,207,0.3291827031723532
1602,18,inf_parietal,153,45,0.2681049648096224
1603,18,inf_parietal,153,99,0.27998382646555786
1604,18,inf_parietal,207,153,0.3192652155167077
1605,18,inf_parietal,207,207,-0.8990974903134157
1606,18,inf_parietal,207,45,0.2390783505577584
1607,18,inf_parietal,207,99,0.27903276709850866
1608,18,inf_parietal,45,153,0.2700237940834599
1609,18,inf_parietal,45,207,0.2879275134923741
1610,18,inf_parietal,45,45,-0.893845111160837
1611,18,inf_parietal,45,99,0.3083635777146427
1612,18,inf_parietal,99,153,0.2927950023337387
1613,18,inf_parietal,99,207,0.2506683673008854
1614,18,inf_parietal,99,45,0.33090179529056984
1615,18,inf_parietal,99,99,-0.884993650642402
1616,18,v5,153,153,-0.8697315978386102
1617,18,v5,153,207,0.3156180177841736
1618,18,v5,153,45,0.25742363795522033
1619,18,v5,153,99,0.2409984752935948
1620,18,v5,207,153,0.30374561851140397
1621,18,v5,207,207,-0.8820377990623304
1622,18,v5,207,45,0.274845465255741
1623,18,v5,207,99,0.27760749923259537
1624,18,v5,45,153,0.23761288052056373
1625,18,v5,45,207,0.27474812413676747
1626,18,v5,45,45,-0.8561051296440153
1627,18,v5,45,99,0.3217773803186741
1628,18,v5,99,153,0.262435759303411
1629,18,v5,99,207,0.30631491520232024
1630,18,v5,99,45,0.2516503048025859
1631,18,v5,99,99,-0.8587590293906896
1632,19,premotor,153,153,-0.8942143225996653
1633,19,premotor,153,207,0.31725496720538415
1634,19,premotor,153,45,0.35777849233575004
1635,19,premotor,153,99,0.2990993806527414
1636,19,premotor,207,153,0.3245420151047318
1637,19,premotor,207,207,-0.9166636484882813
1638,19,premotor,207,45,0.23469539511801585
1639,19,premotor,207,99,0.2832878615482743
1640,19,premotor,45,153,0.3556281663259617
1641,19,premotor,45,207,0.25112929438022225
1642,19,premotor,45,45,-0.9162702290284602
1643,19,premotor,45,99,0.27690947421341183
1644,19,premotor,99,153,0.2833051118613928
1645,19,premotor,99,207,0.2781568031830418
1646,19,premotor,99,45,0.30409510055284006
1647,19,premotor,99,99,-0.9085034353116828
1648,19,motor,153,153,-0.886991185277483
1649,19,motor,153,207,0.3080040929607018
1650,19,motor,153,45,0.3442889140785282
1651,19,motor,153,99,0.2899736144383032
1652,19,motor,207,153,0.30977869471429215
1653,19,motor,207,207,-0.910570694515856
1654,19,motor,207,45,0.1918531256122322
1655,19,motor,207,99,0.297512528810432
1656,19,motor,45,153,0.33937464234182596
1657,19,motor,45,207,0.21129115320919767
1658,19,motor,45,45,-0.902847828905691
1659,19,motor,45,99,0.3075329698738925
1660,19,motor,99,153,0.29894416998910245
1661,19,motor,99,207,0.30071288933844326
1662,19,motor,99,45,0.313943307995707
1663,19,motor,99,99,-0.8987408465274331
1664,19,v1,153,153,-0.8499988522297047
1665,19,v1,153,207,0.3132739931270422
1666,19,v1,153,45,0.2997529786595573
1667,19,v1,153,99,0.28967739706592127
1668,19,v1,207,153,0.27881899649626674
1669,19,v1,207,207,-0.8669106493745811
1670,19,v1,207,45,0.264547364700218
1671,19,v1,207,99,0.25601434332702877
1672,19,v1,45,153,0.29557738592306104
1673,19,v1,45,207,0.25017602234589326
1674,19,v1,45,45,-0.8627372281032488
1675,19,v1,45,99,0.2679855895276237
1676,19,v1,99,153,0.3313451425578893
1677,19,v1,99,207,0.20832662818780195
1678,19,v1,99,45,0.3024016701425172
1679,19,v1,99,99,-0.8853750070959964
1680,19,sup_parietal,153,153,-0.8633679602601859
1681,19,sup_parietal,153,207,0.3141588870759564
1682,19,sup_parietal,153,45,0.2900341268358293
1683,19,sup_parietal,153,99,0.289787310494473
1684,19,sup_parietal,207,153,0.2945593069403782
1685,19,sup_parietal,207,207,-0.8966443202499413
1686,19,sup_parietal,207,45,0.23619857992246207
1687,19,sup_parietal,207,99,0.24316106040803132
1688,19,sup_parietal,45,153,0.31761101962728955
1689,19,sup_parietal,45,207,0.24510743268505053
1690,19,sup_parietal,45,45,-0.8828796268344378
1691,19,sup_parietal,45,99,0.27590793235285094
1692,19,sup_parietal,99,153,0.2915992211207684
1693,19,sup_parietal,99,207,0.25664354277335555
1694,19,sup_parietal,99,45,0.27358121810593306
1695,19,sup_parietal,99,99,-0.8553573539473198
1696,19,inf_parietal,153,153,-0.8670910581552832
1697,19,inf_parietal,153,207,0.30645082668007506
1698,19,inf_parietal,153,45,0.31271702910062643
1699,19,inf_parietal,153,99,0.30893978229688096
1700,19,inf_parietal,207,153,0.2938194694160143
1701,19,inf_parietal,207,207,-0.8959537021617852
1702,19,inf_parietal,207,45,0.19813163492207123
1703,19,inf_parietal,207,99,0.2689393771934398
1704,19,inf_parietal,45,153,0.30640210793626343
1705,19,inf_parietal,45,207,0.2132997630727072
1706,19,inf_parietal,45,45,-0.8879060581603507
1707,19,inf_parietal,45,99,0.323867723034335
1708,19,inf_parietal,99,153,0.2598480746183424
1709,19,inf_parietal,99,207,0.23802526872790725
1710,19,inf_parietal,99,45,0.38890304646843926
1711,19,inf_parietal,99,99,-0.8869890605679462
1712,19,v5,153,153,-0.8856992447108845
1713,19,v5,153,207,0.41023491773445003
1714,19,v5,153,45,0.2416069725665807
1715,19,v5,153,99,0.26792731257128277
1716,19,v5,207,153,0.3419525139050282
1717,19,v5,207,207,-0.8828877304766148
1718,19,v5,207,45,0.2187332751791996
1719,19,v5,207,99,0.2894345216570322
1720,19,v5,45,153,0.273068230168096
1721,19,v5,45,207,0.22108248248144852
1722,19,v5,45,45,-0.8749568396741287
1723,19,v5,45,99,0.32646633550137993
1724,19,v5,99,153,0.3231057107544021
1725,19,v5,99,207,0.16908603517410442
1726,19,v5,99,45,0.3601334925377665
1727,19,v5,99,99,-0.8784281004006731
1728,20,premotor,153,153,-0.9032787447747141
1729,20,premotor,153,207,0.3005585286881846
1730,20,premotor,153,45,0.29760702495064734
1731,20,premotor,153,99,0.32726790971251396
1732,20,premotor,207,153,0.2735501343298298
1733,20,premotor,207,207,-0.916935209205158
1734,20,premotor,207,45,0.2574354158471135
1735,20,premotor,207,99,0.3026995632030599
1736,20,premotor,45,153,0.32899885009073493
1737,20,premotor,45,207,0.24096311027866255
1738,20,premotor,45,45,-0.9229045245185985
1739,20,premotor,45,99,0.32528569829159654
1740,20,premotor,99,153,0.3074098089012959
1741,20,premotor,99,207,0.2848468274384514
1742,20,premotor,99,45,0.3415628211558994
1743,20,premotor,99,99,-0.9057067136566899
1744,20,motor,153,153,-0.8725662345573592
1745,20,motor,153,207,0.32688953384053226
1746,20,motor,153,45,0.2508460312062236
1747,20,motor,153,99,0.30355157062247085
1748,20,motor,207,153,0.2834969338442843
1749,20,motor,207,207,-0.9046968025783634
1750,20,motor,207,45,0.23322726544284672
1751,20,motor,207,99,0.3016500035017186
1752,20,motor,45,153,0.2979504976336993
1753,20,motor,45,207,0.22507821022090108
1754,20,motor,45,45,-0.905790882467451
1755,20,motor,45,99,0.3206784537352978
1756,20,motor,99,153,0.3073065951025642
1757,20,motor,99,207,0.25242816556821335
1758,20,motor,99,45,0.3634981186485143
1759,20,motor,99,99,-0.9030212144978069
1760,20,v1,153,153,-0.8398753956836991
1761,20,v1,153,207,0.25872935362036575
1762,20,v1,153,45,0.2852678627137112
1763,20,v1,153,99,0.3368412425462042
1764,20,v1,207,153,0.30311969640991726
1765,20,v1,207,207,-0.8566104267585692
1766,20,v1,207,45,0.2098910656168471
1767,20,v1,207,99,0.2429206074427283
1768,20,v1,45,153,0.289970727069086
1769,20,v1,45,207,0.2076903668094262
1770,20,v1,45,45,-0.835915855320626
1771,20,v1,45,99,0.30750875243947373
1772,20,v1,99,153,0.28843592717146016
1773,20,v1,99,207,0.25972684344812264
1774,20,v1,99,45,0.3202223708464908
1775,20,v1,99,99,-0.8574447243786705
1776,20,sup_parietal,153,153,-0.8624863965700773
1777,20,sup_parietal,153,207,0.3448630312121692
1778,20,sup_parietal,153,45,0.24871617790309444
1779,20,sup_parietal,153,99,0.28108361791318714
1780,20,sup_parietal,207,153,0.35518739450629655
1781,20,sup_parietal,207,207,-0.8981238129079148
1782,20,sup_parietal,207,45,0.2437281291923917
1783,20,sup_parietal,207,99,0.24150795707231817
1784,20,sup_parietal,45,153,0.25431244236333217
1785,20,sup_parietal,45,207,0.25046796483775513
1786,20,sup_parietal,45,45,-0.8568266061571284
1787,20,sup_parietal,45,99,0.31403620229860046
1788,20,sup_parietal,99,153,0.22610008571735027
1789,20,sup_parietal,99,207,0.25265726052735726
1790,20,sup_parietal,99,45,0.3662799775493848
1791,20,sup_parietal,99,99,-0.8788326690250226
1792,20,inf_parietal,153,153,-0.9042877999052414
1793,20,inf_parietal,153,207,0.33410569058818806
1794,20,inf_parietal,153,45,0.28801855842290247
1795,20,inf_parietal,153,99,0.3417840041312996
1796,20,inf_parietal,207,153,0.33683995618775125
1797,20,inf_parietal,207,207,-0.9023482188523768
1798,20,inf_parietal,207,45,0.22638799072193536
1799,20,inf_parietal,207,99,0.23128390929632572
1800,20,inf_parietal,45,153,0.2762465722369236
1801,20,inf_parietal,45,207,0.25447833700757855
1802,20,inf_parietal,45,45,-0.904645310279061
1803,20,inf_parietal,45,99,0.329086738859951
1804,20,inf_parietal,99,153,0.32151828076335376
1805,20,inf_parietal,99,207,0.22133349359484109
1806,20,inf_parietal,99,45,0.3644787897168983
1807,20,inf_parietal,99,99,-0.902345612796656
1808,20,v5,153,153,-0.8218716971447115
1809,20,v5,153,207,0.22718366662762257
1810,20,v5,153,45,0.20267508126794442
1811,20,v5,153,99,0.3846034550012149
1812,20,v5,207,153,0.34520962130300115
1813,20,v5,207,207,-0.8659890612690797
1814,20,v5,207,45,0.22067751383246806
1815,20,v5,207,99,0.2217249642622111
1816,20,v5,45,153,0.2245812771577867
1817,20,v5,45,207,0.3094090969514829
1818,20,v5,45,45,-0.8099066507735184
1819,20,v5,45,99,0.23156575617440253
1820,20,v5,99,153,0.25642030587612075
1821,20,v5,99,207,0.2865211579992446
1822,20,v5,99,45,0.3271747059807058
1823,20,v5,99,99,-0.8050004773970977
1824,22,premotor,153,153,-0.9152172745661629
1825,22,premotor,153,207,0.3430173342157209
1826,22,premotor,153,45,0.29046933266025987
1827,22,premotor,153,99,0.30532976793386385
1828,22,premotor,207,153,0.3265367977872946
1829,22,premotor,207,207,-0.9060718372355164
1830,22,premotor,207,45,0.28824732022333927
1831,22,premotor,207,99,0.2575259227490153
1832,22,premotor,45,153,0.31011761219667044
1833,22,premotor,45,207,0.2830480612415409
1834,22,premotor,45,45,-0.9089941700459561
1835,22,premotor,45,99,0.3209295013564555
1836,22,premotor,99,153,0.2734727812085678
1837,22,premotor,99,207,0.28099503492058175
1838,22,premotor,99,45,0.3240732294975739
1839,22,premotor,99,99,-0.9186064553238017
1840,22,motor,153,153,-0.9038666273004001
1841,22,motor,153,207,0.28532415563565244
1842,22,motor,153,45,0.2754861250088905
1843,22,motor,153,99,0.307744644640984
1844,22,motor,207,153,0.30591433181670036
1845,22,motor,207,207,-0.9095698201402145
1846,22,motor,207,45,0.27326681670793995
1847,22,motor,207,99,0.28468212755056804
1848,22,motor,45,153,0.26296341908572024
1849,22,motor,45,207,0.300849214396228
1850,22,motor,45,45,-0.9047365163655581
1851,22,motor,45,99,0.3285039471873729
1852,22,motor,99,153,0.2925094359755782
1853,22,motor,99,207,0.30123233552116596
1854,22,motor,99,45,0.3209602325554203
1855,22,motor,99,99,-0.9178739970991412
1856,22,v1,153,153,-0.8852472803438456
1857,22,v1,153,207,0.2801375563529982
1858,22,v1,153,45,0.2061481308609307
1859,22,v1,153,99,0.3511770213770298
1860,22,v1,207,153,0.36436452731988345
1861,22,v1,207,207,-0.8770367955889407
1862,22,v1,207,45,0.21620172703494334
1863,22,v1,207,99,0.24635864696050008
1864,22,v1,45,153,0.25018763438366987
1865,22,v1,45,207,0.2499497045645302
1866,22,v1,45,45,-0.878899413995088
1867,22,v1,45,99,0.3909679993308365
1868,22,v1,99,153,0.22866495626770586
1869,22,v1,99,207,0.20630126059751466
1870,22,v1,99,45,0.4326205909807467
1871,22,v1,99,99,-0.8899464126167389
1872,22,sup_parietal,153,153,-0.8701280300271929
1873,22,sup_parietal,153,207,0.2624615886040952
1874,22,sup_parietal,153,45,0.25592338030890494
1875,22,sup_parietal,153,99,0.346943533816762
1876,22,sup_parietal,207,153,0.28453418904088285
1877,22,sup_parietal,207,207,-0.8645596452155521
1878,22,sup_parietal,207,45,0.34063603183649205
1879,22,sup_parietal,207,99,0.18578969238488585
1880,22,sup_parietal,45,153,0.2493437909506243
1881,22,sup_parietal,45,207,0.29996644228976643
1882,22,sup_parietal,45,45,-0.8791188955781786
1883,22,sup_parietal,45,99,0.30591258237537733
1884,22,sup_parietal,99,153,0.27132657622986756
1885,22,sup_parietal,99,207,0.27830636272148024
1886,22,sup_parietal,99,45,0.2735356148391416
1887,22,sup_parietal,99,99,-0.8706886030415196
1888,22,inf_parietal,153,153,-0.8933461241082066
1889,22,inf_parietal,153,207,0.29725881851949715
1890,22,inf_parietal,153,45,0.24705915407008655
1891,22,inf_parietal,153,99,0.34722100771070996
1892,22,inf_parietal,207,153,0.30381302323173165
1893,22,inf_parietal,207,207,-0.888932394364907
1894,22,inf_parietal,207,45,0.27833391825080667
1895,22,inf_parietal,207,99,0.2835416212207755
1896,22,inf_parietal,45,153,0.2812782636549268
1897,22,inf_parietal,45,207,0.28277940482460306
1898,22,inf_parietal,45,45,-0.8999037759579583
1899,22,inf_parietal,45,99,0.2893923518221677
1900,22,inf_parietal,99,153,0.29429033289133727
1901,22,inf_parietal,99,207,0.2746348002480388
1902,22,inf_parietal,99,45,0.2921738254388815
1903,22,inf_parietal,99,99,-0.8892474410652867
1904,22,v5,153,153,-0.9018135538574257
1905,22,v5,153,207,0.19939359846301846
1906,22,v5,153,45,0.24654976201265602
1907,22,v5,153,99,0.3495096606685958
1908,22,v5,207,153,0.239034817583447
1909,22,v5,207,207,-0.8622875427197159
1910,22,v5,207,45,0.3035976246116926
1911,22,v5,207,99,0.27405922964031526
1912,22,v5,45,153,0.31173042300512577
1913,22,v5,45,207,0.25131400800440695
1914,22,v5,45,45,-0.8855255416131986
1915,22,v5,45,99,0.3074721917883465
1916,22,v5,99,153,0.2919893462846951
1917,22,v5,99,207,0.24828504291677303
1918,22,v5,99,45,0.35406704200859107
1919,22,v5,99,99,-0.894899259033794
1920,23,premotor,153,153,-0.88248191965943
1921,23,premotor,153,207,0.3197076905467613
1922,23,premotor,153,45,0.27504817577375745
1923,23,premotor,153,99,0.2682017912579997
1924,23,premotor,207,153,0.2970388940003874
1925,23,premotor,207,207,-0.8926551963277395
1926,23,premotor,207,45,0.23944682222948455
1927,23,premotor,207,99,0.3384149836186134
1928,23,premotor,45,153,0.2860017250575664
1929,23,premotor,45,207,0.24440293884596442
1930,23,premotor,45,45,-0.8990003196522411
1931,23,premotor,45,99,0.3152455648156186
1932,23,premotor,99,153,0.2516456514038705
1933,23,premotor,99,207,0.32727272464815216
1934,23,premotor,99,45,0.33135831796247506
1935,23,premotor,99,99,-0.899151697550389
1936,23,motor,153,153,-0.8636870403288438
1937,23,motor,153,207,0.28029091381159177
1938,23,motor,153,45,0.26668506519484486
1939,23,motor,153,99,0.29421891774089404
1940,23,motor,207,153,0.2952930321127145
1941,23,motor,207,207,-0.8838523975598458
1942,23,motor,207,45,0.22860280807150357
1943,23,motor,207,99,0.29637762641157683
1944,23,motor,45,153,0.2681009827761194
1945,23,motor,45,207,0.28945399058211674
1946,23,motor,45,45,-0.9098854950359025
1947,23,motor,45,99,0.32867411491184617
1948,23,motor,99,153,0.24589320438684167
1949,23,motor,99,207,0.2797175835317621
1950,23,motor,99,45,0.3664478748954888
1951,23,motor,99,99,-0.8901063346853669
1952,23,v1,153,153,-0.8726529849765778
1953,23,v1,153,207,0.3255369411014675
1954,23,v1,153,45,0.2432388083728013
1955,23,v1,153,99,0.27794582858078226
1956,23,v1,207,153,0.3439613894187822
1957,23,v1,207,207,-0.8863716171346392
1958,23,v1,207,45,0.18608037602436162
1959,23,v1,207,99,0.2916388160923766
1960,23,v1,45,153,0.24183823888139658
1961,23,v1,45,207,0.27061852293557326
1962,23,v1,45,45,-0.8528138741958643
1963,23,v1,45,99,0.3587135633413806
1964,23,v1,99,153,0.242870713149942
1965,23,v1,99,207,0.22388648619684065
1966,23,v1,99,45,0.36258669131928434
1967,23,v1,99,99,-0.8737555174216051
1968,23,sup_parietal,153,153,-0.874512421881114
1969,23,sup_parietal,153,207,0.363138714440131
1970,23,sup_parietal,153,45,0.30987166424121465
1971,23,sup_parietal,153,99,0.2508612089315033
1972,23,sup_parietal,207,153,0.3168979450809844
1973,23,sup_parietal,207,207,-0.8831793755539952
1974,23,sup_parietal,207,45,0.24300684288320235
1975,23,sup_parietal,207,99,0.3054344612354326
1976,23,sup_parietal,45,153,0.30858618776776003
1977,23,sup_parietal,45,207,0.1819901887791439
1978,23,sup_parietal,45,45,-0.8827482933474073
1979,23,sup_parietal,45,99,0.29495533687954434
1980,23,sup_parietal,99,153,0.19007313233074402
1981,23,sup_parietal,99,207,0.2845907427892216
1982,23,sup_parietal,99,45,0.2995488601023427
1983,23,sup_parietal,99,99,-0.8488611618081066
1984,23,inf_parietal,153,153,-0.85689588035219
1985,23,inf_parietal,153,207,0.33118663320008074
1986,23,inf_parietal,153,45,0.2865366643119637
1987,23,inf_parietal,153,99,0.2622535943488663
1988,23,inf_parietal,207,153,0.32744206097040957
1989,23,inf_parietal,207,207,-0.8901961497214452
1990,23,inf_parietal,207,45,0.21362618297146865
1991,23,inf_parietal,207,99,0.3005503183669641
1992,23,inf_parietal,45,153,0.25655511937718145
1993,23,inf_parietal,45,207,0.2157205196230519
1994,23,inf_parietal,45,45,-0.8872677909510678
1995,23,inf_parietal,45,99,0.32522660664633174
1996,23,inf_parietal,99,153,0.2702387654500701
1997,23,inf_parietal,99,207,0.31916222458511034
1998,23,inf_parietal,99,45,0.2910479539066514
1999,23,inf_parietal,99,99,-0.8886890564276851
2000,23,v5,153,153,-0.8599485455449666
2001,23,v5,153,207,0.3360762767235612
2002,23,v5,153,45,0.15241900930051677
2003,23,v5,153,99,0.2929745480946526
2004,23,v5,207,153,0.37747456167013144
2005,23,v5,207,207,-0.8025357621490274
2006,23,v5,207,45,0.22428099561773798
2007,23,v5,207,99,0.20748777597003706
2008,23,v5,45,153,0.15393124329078325
2009,23,v5,45,207,0.226914343049083
2010,23,v5,45,45,-0.8088158467800832
2011,23,v5,45,99,0.37412247530321685
2012,23,v5,99,153,0.21457999217326099
2013,23,v5,99,207,0.23034189154891344
2014,23,v5,99,45,0.40037204457777203
2015,23,v5,99,99,-0.8392935816670719
2016,24,premotor,153,153,-0.9183111767072241
2017,24,premotor,153,207,0.2869924213750723
2018,24,premotor,153,45,0.2666747917982316
2019,24,premotor,153,99,0.35715114496949874
2020,24,premotor,207,153,0.2913323130668156
2021,24,premotor,207,207,-0.8951827704449802
2022,24,premotor,207,45,0.28530201558465906
2023,24,premotor,207,99,0.2911432987743504
2024,24,premotor,45,153,0.2807743663893474
2025,24,premotor,45,207,0.27746426260774715
2026,24,premotor,45,45,-0.9041244410210934
2027,24,premotor,45,99,0.3002311625594459
2028,24,premotor,99,153,0.3522382263321596
2029,24,premotor,99,207,0.30309686080427967
2030,24,premotor,99,45,0.29551523329553386
2031,24,premotor,99,99,-0.913772226763788
2032,24,motor,153,153,-0.899117238405412
2033,24,motor,153,207,0.28087587035535744
2034,24,motor,153,45,0.30929415797201965
2035,24,motor,153,99,0.3050984111755813
2036,24,motor,207,153,0.28055695463187486
2037,24,motor,207,207,-0.8859008735092717
2038,24,motor,207,45,0.24633731432516479
2039,24,motor,207,99,0.3228898945877858
2040,24,motor,45,153,0.3065721995291132
2041,24,motor,45,207,0.26010784581453983
2042,24,motor,45,45,-0.9056696691054419
2043,24,motor,45,99,0.3198014621976823
2044,24,motor,99,153,0.327986316691519
2045,24,motor,99,207,0.30283269792786766
2046,24,motor,99,45,0.2721572581404668
2047,24,motor,99,99,-0.9112978794472263
2048,24,v1,153,153,-0.8775143910095433
2049,24,v1,153,207,0.2696207425017161
2050,24,v1,153,45,0.2750281029039111
2051,24,v1,153,99,0.28913152180479984
2052,24,v1,207,153,0.27775855140311134
2053,24,v1,207,207,-0.8428669988497832
2054,24,v1,207,45,0.2380310861912684
2055,24,v1,207,99,0.2814794854944055
2056,24,v1,45,153,0.31642423907270767
2057,24,v1,45,207,0.2321144488758411
2058,24,v1,45,45,-0.880006267512491
2059,24,v1,45,99,0.3331139968368362
2060,24,v1,99,153,0.2716034146356002
2061,24,v1,99,207,0.2640254773789955
2062,24,v1,99,45,0.35215060354393896
2063,24,v1,99,99,-0.8842408816971907
2064,24,sup_parietal,153,153,-0.8604961946017402
2065,24,sup_parietal,153,207,0.2944472107157523
2066,24,sup_parietal,153,45,0.24640472128794477
2067,24,sup_parietal,153,99,0.26791670172402665
2068,24,sup_parietal,207,153,0.29934365706195987
2069,24,sup_parietal,207,207,-0.8591351773367084
2070,24,sup_parietal,207,45,0.19528244500842898
2071,24,sup_parietal,207,99,0.297773420360731
2072,24,sup_parietal,45,153,0.28184980639513396
2073,24,sup_parietal,45,207,0.2100810188865919
2074,24,sup_parietal,45,45,-0.8500624680058598
2075,24,sup_parietal,45,99,0.28269750004287
2076,24,sup_parietal,99,153,0.23788033451257617
2077,24,sup_parietal,99,207,0.25225645282597864
2078,24,sup_parietal,99,45,0.39776199480718866
2079,24,sup_parietal,99,99,-0.8671061490398684
2080,24,inf_parietal,153,153,-0.9183969393190528
2081,24,inf_parietal,153,207,0.23623589038138781
2082,24,inf_parietal,153,45,0.31008501033306735
2083,24,inf_parietal,153,99,0.3562648714862615
2084,24,inf_parietal,207,153,0.30804626733655793
2085,24,inf_parietal,207,207,-0.8895069925068002
2086,24,inf_parietal,207,45,0.2839856948647824
2087,24,inf_parietal,207,99,0.2523918377694872
2088,24,inf_parietal,45,153,0.3029643115009434
2089,24,inf_parietal,45,207,0.34743922361747337
2090,24,inf_parietal,45,45,-0.904819278831326
2091,24,inf_parietal,45,99,0.26258081874526334
2092,24,inf_parietal,99,153,0.29453008960267957
2093,24,inf_parietal,99,207,0.28915917195991503
2094,24,inf_parietal,99,45,0.27374772828421645
2095,24,inf_parietal,99,99,-0.9112600175280553
2096,24,v5,153,153,-0.8543513975510186
2097,24,v5,153,207,0.2574324468023461
2098,24,v5,153,45,0.21842515899061643
2099,24,v5,153,99,0.3470413470827942
2100,24,v5,207,153,0.28037374526659775
2101,24,v5,207,207,-0.8560799158067163
2102,24,v5,207,45,0.29601546289396047
2103,24,v5,207,99,0.2737918838323483
2104,24,v5,45,153,0.2718702859006861
2105,24,v5,45,207,0.2813035889293698
2106,24,v5,45,45,-0.830852263321173
2107,24,v5,45,99,0.2755478735021677
2108,24,v5,99,153,0.24160470315419752
2109,24,v5,99,207,0.28441490354244237
2110,24,v5,99,45,0.2900422468710324
2111,24,v5,99,99,-0.8819731947426169
2112,25,premotor,153,153,-0.8925076579592339
2113,25,premotor,153,207,0.28428302570539027
2114,25,premotor,153,45,0.34275086595809506
2115,25,premotor,153,99,0.2797858344463063
2116,25,premotor,207,153,0.2929668837444792
2117,25,premotor,207,207,-0.883253485513632
2118,25,premotor,207,45,0.27732936203004666
2119,25,premotor,207,99,0.32243659766587274
2120,25,premotor,45,153,0.3333044273635476
2121,25,premotor,45,207,0.27545196720453113
2122,25,premotor,45,45,-0.8946375837871587
2123,25,premotor,45,99,0.26357858345478213
2124,25,premotor,99,153,0.2853340808484286
2125,25,premotor,99,207,0.3126977870683241
2126,25,premotor,99,45,0.24945046933332687
2127,25,premotor,99,99,-0.8885483973823723
2128,25,motor,153,153,-0.892084997262364
2129,25,motor,153,207,0.2787651680065485
2130,25,motor,153,45,0.3230982909323048
2131,25,motor,153,99,0.29485751669736454
2132,25,motor,207,153,0.24224823267054224
2133,25,motor,207,207,-0.8696604855050548
2134,25,motor,207,45,0.3079968825266185
2135,25,motor,207,99,0.3163069311312907
2136,25,motor,45,153,0.2916389900674624
2137,25,motor,45,207,0.2795371677953627
2138,25,motor,45,45,-0.8733876399579887
2139,25,motor,45,99,0.26199791472261913
2140,25,motor,99,153,0.33300780204125646
2141,25,motor,99,207,0.27958727437352193
2142,25,motor,99,45,0.23068250765868223
2143,25,motor,99,99,-0.8752288742656806
2144,25,v1,153,153,-0.8541725684125644
2145,25,v1,153,207,0.3170408215952145
2146,25,v1,153,45,0.3113264619166993
2147,25,v1,153,99,0.25981227023567754
2148,25,v1,207,153,0.30307329928817917
2149,25,v1,207,207,-0.8585514699349884
2150,25,v1,207,45,0.22936230994655205
2151,25,v1,207,99,0.30685954810610316
2152,25,v1,45,153,0.2821061031825757
2153,25,v1,45,207,0.22080471380560113
2154,25,v1,45,45,-0.8493091943991966
2155,25,v1,45,99,0.3110257942452278
2156,25,v1,99,153,0.2874468182096872
2157,25,v1,99,207,0.27483339893194153
2158,25,v1,99,45,0.26732393149163247
2159,25,v1,99,99,-0.8617242473843094
2160,25,sup_parietal,153,153,-0.830489264884751
2161,25,sup_parietal,153,207,0.32260495605124273
2162,25,sup_parietal,153,45,0.3206759283142382
2163,25,sup_parietal,153,99,0.2519960361020602
2164,25,sup_parietal,207,153,0.29207809231319803
2165,25,sup_parietal,207,207,-0.8405822080707878
2166,25,sup_parietal,207,45,0.22696074342741884
2167,25,sup_parietal,207,99,0.2913816754536024
2168,25,sup_parietal,45,153,0.2850520967986497
2169,25,sup_parietal,45,207,0.20547297331073566
2170,25,sup_parietal,45,45,-0.8539237356938285
2171,25,sup_parietal,45,99,0.2931408218850145
2172,25,sup_parietal,99,153,0.2563482542934207
2173,25,sup_parietal,99,207,0.25457088902528263
2174,25,sup_parietal,99,45,0.24793397148239388
2175,25,sup_parietal,99,99,-0.8567628511908068
2176,25,inf_parietal,153,153,-0.8701831781622537
2177,25,inf_parietal,153,207,0.29403529700551717
2178,25,inf_parietal,153,45,0.3557470219142637
2179,25,inf_parietal,153,99,0.22287532796820048
2180,25,inf_parietal,207,153,0.3082859219434854
2181,25,inf_parietal,207,207,-0.8670108176952329
2182,25,inf_parietal,207,45,0.2954268187597231
2183,25,inf_parietal,207,99,0.28502129254074726
2184,25,inf_parietal,45,153,0.3292308752602058
2185,25,inf_parietal,45,207,0.2903569311109473
2186,25,inf_parietal,45,45,-0.8815393856383356
2187,25,inf_parietal,45,99,0.271819407207189
2188,25,inf_parietal,99,153,0.22979884775777512
2189,25,inf_parietal,99,207,0.25226512937179235
2190,25,inf_parietal,99,45,0.27611788889575684
2191,25,inf_parietal,99,99,-0.8560892693552775
2192,25,v5,153,153,-0.8203730169589868
2193,25,v5,153,207,0.22062876339012139
2194,25,v5,153,45,0.28853697151321633
2195,25,v5,153,99,0.2804955181094837
2196,25,v5,207,153,0.3006710066492021
2197,25,v5,207,207,-0.8533911129635359
2198,25,v5,207,45,0.17620454388599327
2199,25,v5,207,99,0.3510539483580161
2200,25,v5,45,153,0.31693848196402985
2201,25,v5,45,207,0.33087233526410775
2202,25,v5,45,45,-0.8154386976298564
2203,25,v5,45,99,0.18779647519009432
2204,25,v5,99,153,0.20879664743807472
2205,25,v5,99,207,0.28504616133018024
2206,25,v5,99,45,0.35535490210422005
2207,25,v5,99,99,-0.8646284466438323
2208,26,premotor,153,153,-0.8996842493449528
2209,26,premotor,153,207,0.32083061235215554
2210,26,premotor,153,45,0.2446567625860051
2211,26,premotor,153,99,0.3142273610737647
2212,26,premotor,207,153,0.33566754508689434
2213,26,premotor,207,207,-0.9213779374470235
2214,26,premotor,207,45,0.30904643751337946
2215,26,premotor,207,99,0.2928055372329853
2216,26,premotor,45,153,0.22574416263464475
2217,26,premotor,45,207,0.3208682174369294
2218,26,premotor,45,45,-0.9152838490857829
2219,26,premotor,45,99,0.3139456667340376
2220,26,premotor,99,153,0.34641514978332466
2221,26,premotor,99,207,0.24751649658266306
2222,26,premotor,99,45,0.30104323784496356
2223,26,premotor,99,99,-0.9056598572345285
2224,26,motor,153,153,-0.8787949724990807
2225,26,motor,153,207,0.31859220067907434
2226,26,motor,153,45,0.25602463065568587
2227,26,motor,153,99,0.3249230244788904
2228,26,motor,207,153,0.33530833327407245
2229,26,motor,207,207,-0.9094053275540588
2230,26,motor,207,45,0.29756165371069754
2231,26,motor,207,99,0.27386702520430367
2232,26,motor,45,153,0.20299372987980643
2233,26,motor,45,207,0.3056908148833204
2234,26,motor,45,45,-0.8982328339292192
2235,26,motor,45,99,0.3144946321282741
2236,26,motor,99,153,0.3740395441958244
2237,26,motor,99,207,0.22796697664956272
2238,26,motor,99,45,0.26915624061862486
2239,26,motor,99,99,-0.9074595653624722
2240,26,v1,153,153,-0.90840152357906
2241,26,v1,153,207,0.4128229921928422
2242,26,v1,153,45,0.22071304313500453
2243,26,v1,153,99,0.2851411506576315
2244,26,v1,207,153,0.42954875513717555
2245,26,v1,207,207,-0.9278179968079308
2246,26,v1,207,45,0.2073975806669002
2247,26,v1,207,99,0.24189422015362222
2248,26,v1,45,153,0.2033542018788204
2249,26,v1,45,207,0.20751157577114274
2250,26,v1,45,45,-0.9053620178015351
2251,26,v1,45,99,0.383116830874897
2252,26,v1,99,153,0.3245823617462934
2253,26,v1,99,207,0.20218291751006057
2254,26,v1,99,45,0.3873146128386546
2255,26,v1,99,99,-0.8938588221799604
2256,26,sup_parietal,153,153,-0.8538774582583336
2257,26,sup_parietal,153,207,0.38818221571883355
2258,26,sup_parietal,153,45,0.14937917993659205
2259,26,sup_parietal,153,99,0.23558285806512463
2260,26,sup_parietal,207,153,0.39933736342805387
2261,26,sup_parietal,207,207,-0.898540395512925
2262,26,sup_parietal,207,45,0.23677167223268134
2263,26,sup_parietal,207,99,0.25143956509023935
2264,26,sup_parietal,45,153,0.1418139419025632
2265,26,sup_parietal,45,207,0.27984417668538575
2266,26,sup_parietal,45,45,-0.8861237401135198
2267,26,sup_parietal,45,99,0.3785905757439379
2268,26,sup_parietal,99,153,0.26043134221003245
2269,26,sup_parietal,99,207,0.19529923158378087
2270,26,sup_parietal,99,45,0.39431552889775434
2271,26,sup_parietal,99,99,-0.849641180140153
2272,26,inf_parietal,153,153,-0.8792830527709645
2273,26,inf_parietal,153,207,0.36660001025136724
2274,26,inf_parietal,153,45,0.23067973650148688
2275,26,inf_parietal,153,99,0.2835944335174499
2276,26,inf_parietal,207,153,0.394626114079927
2277,26,inf_parietal,207,207,-0.8923856047906822
2278,26,inf_parietal,207,45,0.22984744157989698
2279,26,inf_parietal,207,99,0.25008542402538936
2280,26,inf_parietal,45,153,0.2057048738448426
2281,26,inf_parietal,45,207,0.23396114291040052
2282,26,inf_parietal,45,45,-0.905882099301155
2283,26,inf_parietal,45,99,0.38218219014563093
2284,26,inf_parietal,99,153,0.2932491398737668
2285,26,inf_parietal,99,207,0.23285170804267571
2286,26,inf_parietal,99,45,0.36333655364634626
2287,26,inf_parietal,99,99,-0.8925799342157004
2288,26,v5,153,153,-0.8277037181646698
2289,26,v5,153,207,0.29897338553982256
2290,26,v5,153,45,0.24919588530724193
2291,26,v5,153,99,0.29323343927727463
2292,26,v5,207,153,0.37276096114143836
2293,26,v5,207,207,-0.8291628017334963
2294,26,v5,207,45,0.25925042206518123
2295,26,v5,207,99,0.23755626177038408
2296,26,v5,45,153,0.15392579552581426
2297,26,v5,45,207,0.24128430277781515
2298,26,v5,45,45,-0.8218128360133006
2299,26,v5,45,99,0.37760268303349986
2300,26,v5,99,153,0.2102565632241833
2301,26,v5,99,207,0.2618246122656981
2302,26,v5,99,45,0.33001835133686336
2303,26,v5,99,99,-0.8274026621522146
