,Participants,Masks,Rotate Direction,Straight Direction,Correlation
0,01,premotor,153,153,0.024648086750852942
1,01,premotor,153,207,0.017129665492136154
2,01,premotor,153,45,-0.004104076783682544
3,01,premotor,153,99,-0.05286640971492755
4,01,premotor,207,153,-0.004437721103781303
5,01,premotor,207,207,0.002098722112204768
6,01,premotor,207,45,0.015563777559916845
7,01,premotor,207,99,-0.0070253677294052005
8,01,premotor,45,153,-0.019044891684351428
9,01,premotor,45,207,-0.015553366065235252
10,01,premotor,45,45,-0.004357319707985889
11,01,premotor,45,99,0.03662872853682492
12,01,premotor,99,153,-0.015228586226682703
13,01,premotor,99,207,-0.024626863145286407
14,01,premotor,99,45,0.005776883486432674
15,01,premotor,99,99,0.04906109690565315
16,01,motor,153,153,0.008242341563467159
17,01,motor,153,207,-0.007630887332721452
18,01,motor,153,45,-0.019904277387703173
19,01,motor,153,99,0.03344294709317533
20,01,motor,207,153,-0.013967779048320911
21,01,motor,207,207,-0.05039965845395659
22,01,motor,207,45,0.05593457956502596
23,01,motor,207,99,0.026636186717277355
24,01,motor,45,153,-0.017109368215484793
25,01,motor,45,207,0.07267726640332763
26,01,motor,45,45,-0.020878645801124515
27,01,motor,45,99,-0.04586044872931958
28,01,motor,99,153,0.02629294669670071
29,01,motor,99,207,-0.006561828651609163
30,01,motor,99,45,-0.02119633526566436
31,01,motor,99,99,-0.013937782151799125
32,01,v1,153,153,-0.026477016841351557
33,01,v1,153,207,0.010911994023437947
34,01,v1,153,45,0.009073610899789943
35,01,v1,153,99,0.04138397559387775
36,01,v1,207,153,0.05283911509932205
37,01,v1,207,207,-0.01952755406294629
38,01,v1,207,45,-0.015158432757280963
39,01,v1,207,99,-0.02345242327013715
40,01,v1,45,153,0.025183048671652573
41,01,v1,45,207,0.012536762605384204
42,01,v1,45,45,-0.04570011055986442
43,01,v1,45,99,-0.007660195700536453
44,01,v1,99,153,-0.06914584706951793
45,01,v1,99,207,0.020301933777198203
46,01,v1,99,45,0.05391057613771501
47,01,v1,99,99,-0.011680994295752705
48,01,sup_parietal,153,153,-0.011128429592574943
49,01,sup_parietal,153,207,0.0168070824653419
50,01,sup_parietal,153,45,-0.005406460979101805
51,01,sup_parietal,153,99,0.0028539343755367673
52,01,sup_parietal,207,153,-0.0634843341031979
53,01,sup_parietal,207,207,0.027232188073194673
54,01,sup_parietal,207,45,0.005961459026249342
55,01,sup_parietal,207,99,0.06477662378280188
56,01,sup_parietal,45,153,-0.013827102894944283
57,01,sup_parietal,45,207,-0.06645320528903555
58,01,sup_parietal,45,45,0.034134623194832084
59,01,sup_parietal,45,99,0.021153636786484666
60,01,sup_parietal,99,153,0.04391797247445317
61,01,sup_parietal,99,207,0.03583526221783099
62,01,sup_parietal,99,45,-0.014832249441434013
63,01,sup_parietal,99,99,-0.08553705478286902
64,01,inf_parietal,153,153,0.020447545911941162
65,01,inf_parietal,153,207,0.008981094749452953
66,01,inf_parietal,153,45,0.04139089182113266
67,01,inf_parietal,153,99,-0.05809395501271077
68,01,inf_parietal,207,153,-0.04041898732760687
69,01,inf_parietal,207,207,-0.014284806707588287
70,01,inf_parietal,207,45,0.017007250786227515
71,01,inf_parietal,207,99,0.04304112672371693
72,01,inf_parietal,45,153,-0.03428224630014491
73,01,inf_parietal,45,207,0.036282611452991206
74,01,inf_parietal,45,45,-0.010525493615952754
75,01,inf_parietal,45,99,0.01743670907606662
76,01,inf_parietal,99,153,0.023014736049307316
77,01,inf_parietal,99,207,-0.041353073806520604
78,01,inf_parietal,99,45,-0.02695842491212322
79,01,inf_parietal,99,99,0.028218117952375277
80,01,v5,153,153,-0.04010668275644629
81,01,v5,153,207,0.044724798892737415
82,01,v5,153,45,-0.020949670961666438
83,01,v5,153,99,0.052832345511310705
84,01,v5,207,153,-0.06346370439733562
85,01,v5,207,207,0.06159610438333325
86,01,v5,207,45,-0.005266170107345383
87,01,v5,207,99,-0.08860043299116378
88,01,v5,45,153,0.15268458298945456
89,01,v5,45,207,-0.04609203275835543
90,01,v5,45,45,-0.05201206640960861
91,01,v5,45,99,-0.015692824455399986
92,01,v5,99,153,-0.15914638336352188
93,01,v5,99,207,0.023279807443883062
94,01,v5,99,45,0.11157436513306063
95,01,v5,99,99,0.04578971184406126
96,02,premotor,153,153,0.007720538184281506
97,02,premotor,153,207,0.05406470508100472
98,02,premotor,153,45,-0.018488817449524016
99,02,premotor,153,99,-0.03992220289959209
100,02,premotor,207,153,-0.04077845288925568
101,02,premotor,207,207,0.03172787099559641
102,02,premotor,207,45,0.06777824900780022
103,02,premotor,207,99,-0.0553329976900485
104,02,premotor,45,153,0.00866369269872478
105,02,premotor,45,207,-0.0107962815966495
106,02,premotor,45,45,-0.0620291551509876
107,02,premotor,45,99,0.05779531718226069
108,02,premotor,99,153,0.0275949219341219
109,02,premotor,99,207,-0.06320377390434938
110,02,premotor,99,45,-0.012376350850311737
111,02,premotor,99,99,0.045998839214726445
112,02,motor,153,153,-0.018332361744050785
113,02,motor,153,207,0.024226189168698405
114,02,motor,153,45,0.021267733201209463
115,02,motor,153,99,-0.041735179080013604
116,02,motor,207,153,-0.03380575582875216
117,02,motor,207,207,0.04102175176215869
118,02,motor,207,45,0.04936512711754309
119,02,motor,207,99,-0.05545144190676536
120,02,motor,45,153,0.09398115606587598
121,02,motor,45,207,-0.03577755430221561
122,02,motor,45,45,-0.09037714792422177
123,02,motor,45,99,0.007029053724021168
124,02,motor,99,153,-0.04901578012093061
125,02,motor,99,207,-0.013604474298361745
126,02,motor,99,45,0.027635929568334664
127,02,motor,99,99,0.06014294209079934
128,02,v1,153,153,-0.028715592824704768
129,02,v1,153,207,0.057552233283873315
130,02,v1,153,45,-0.023549924059840306
131,02,v1,153,99,-0.027290331960902175
132,02,v1,207,153,-0.027313602620632434
133,02,v1,207,207,-0.06006755215413583
134,02,v1,207,45,0.10057509010259083
135,02,v1,207,99,-0.006779517426870059
136,02,v1,45,153,0.05649753619426728
137,02,v1,45,207,-0.0371662117638982
138,02,v1,45,45,-0.050747434973393346
139,02,v1,45,99,0.026295845786355042
140,02,v1,99,153,0.017982600174779564
141,02,v1,99,207,0.030944814926289938
142,02,v1,99,45,-0.033826329027653014
143,02,v1,99,99,0.008846317053091513
144,02,sup_parietal,153,153,0.07474879377310845
145,02,sup_parietal,153,207,0.01766887687503758
146,02,sup_parietal,153,45,-0.0876576594471757
147,02,sup_parietal,153,99,0.028063215707911697
148,02,sup_parietal,207,153,-0.051825801951381575
149,02,sup_parietal,207,207,-0.010817980835858398
150,02,sup_parietal,207,45,0.10738134510739915
151,02,sup_parietal,207,99,0.0061769116924768365
152,02,sup_parietal,45,153,0.045894399525266465
153,02,sup_parietal,45,207,-0.026356998256279584
154,02,sup_parietal,45,45,-0.04864632696690915
155,02,sup_parietal,45,99,0.0005506415658407581
156,02,sup_parietal,99,153,-0.041344794012030235
157,02,sup_parietal,99,207,-0.0005294952495829598
158,02,sup_parietal,99,45,0.004207506475243514
159,02,sup_parietal,99,99,-0.017581965849081012
160,02,inf_parietal,153,153,0.01371221514142287
161,02,inf_parietal,153,207,0.07447155589614655
162,02,inf_parietal,153,45,-0.07665852477082724
163,02,inf_parietal,153,99,-0.01231959107451973
164,02,inf_parietal,207,153,-0.02692755988302361
165,02,inf_parietal,207,207,0.0059327753157081345
166,02,inf_parietal,207,45,0.036861938372673875
167,02,inf_parietal,207,99,-0.0062636199319104965
168,02,inf_parietal,45,153,-0.010234925106486383
169,02,inf_parietal,45,207,-0.022177925515139727
170,02,inf_parietal,45,45,-0.041431020126583916
171,02,inf_parietal,45,99,0.0754429092182822
172,02,inf_parietal,99,153,0.02688874567365322
173,02,inf_parietal,99,207,-0.0812148829836589
174,02,inf_parietal,99,45,0.09029747453392126
175,02,inf_parietal,99,99,-0.04075931280044866
176,02,v5,153,153,-0.09011963933290162
177,02,v5,153,207,0.1374666318689465
178,02,v5,153,45,0.004133560409602208
179,02,v5,153,99,-0.08670958396376124
180,02,v5,207,153,-0.03945564910641904
181,02,v5,207,207,-0.10693691201991123
182,02,v5,207,45,0.1258058778848702
183,02,v5,207,99,0.0672478721830698
184,02,v5,45,153,0.04304460295426908
185,02,v5,45,207,-0.03628583241534598
186,02,v5,45,45,-0.09552107279045659
187,02,v5,45,99,0.07682079036752139
188,02,v5,99,153,0.10390300956593648
189,02,v5,99,207,-0.020927135293182023
190,02,v5,99,45,-0.019506052867415743
191,02,v5,99,99,-0.06858586244011858
192,03,premotor,153,153,-0.006077069206036014
193,03,premotor,153,207,0.040900210088780434
194,03,premotor,153,45,0.0010104351029202492
195,03,premotor,153,99,-0.028531527423430222
196,03,premotor,207,153,-0.04277240888545976
197,03,premotor,207,207,-0.019171911538102583
198,03,premotor,207,45,0.06549903044310476
199,03,premotor,207,99,-0.00115504368143474
200,03,premotor,45,153,0.0389241944421773
201,03,premotor,45,207,-0.045415208294260545
202,03,premotor,45,45,-0.009505018793544697
203,03,premotor,45,99,0.012335208145981321
204,03,premotor,99,153,0.008541420962756258
205,03,premotor,99,207,0.01873511527416249
206,03,premotor,99,45,-0.060178115069064064
207,03,premotor,99,99,0.026064860908609686
208,03,motor,153,153,0.12572699225002476
209,03,motor,153,207,-0.051572019876077124
210,03,motor,153,45,-0.02999922717118143
211,03,motor,153,99,-0.047134834894477146
212,03,motor,207,153,-0.12651120999388016
213,03,motor,207,207,0.10765833559247238
214,03,motor,207,45,0.025467494157543326
215,03,motor,207,99,0.008844561236628443
216,03,motor,45,153,-0.038608641506874146
217,03,motor,45,207,-0.015122216146384145
218,03,motor,45,45,0.08869802254019765
219,03,motor,45,99,-0.0199492593519305
220,03,motor,99,153,0.06158247013330423
221,03,motor,99,207,-0.06220564020011729
222,03,motor,99,45,-0.09048531092641382
223,03,motor,99,99,0.0665091500110093
224,03,v1,153,153,-0.05263962425581875
225,03,v1,153,207,-0.005540373209326137
226,03,v1,153,45,0.03925353598609539
227,03,v1,153,99,-0.00418301542500393
228,03,v1,207,153,-0.025953514518139625
229,03,v1,207,207,0.005557719215886388
230,03,v1,207,45,0.07286062320204281
231,03,v1,207,99,-0.034779969044358185
232,03,v1,45,153,0.03251797379532053
233,03,v1,45,207,-0.03397030682813772
234,03,v1,45,45,-0.05305151675996758
235,03,v1,45,99,0.057363573216145713
236,03,v1,99,153,0.05844778398495876
237,03,v1,99,207,0.03080106595708812
238,03,v1,99,45,-0.04895563978127772
239,03,v1,99,99,-0.0333752031132922
240,03,sup_parietal,153,153,-0.0007356558099064492
241,03,sup_parietal,153,207,-0.040273596170061515
242,03,sup_parietal,153,45,0.053032286068184456
243,03,sup_parietal,153,99,-0.021768999261747482
244,03,sup_parietal,207,153,-0.06421939022353583
245,03,sup_parietal,207,207,0.006871209078687603
246,03,sup_parietal,207,45,0.07095775193095766
247,03,sup_parietal,207,99,0.013383621624648415
248,03,sup_parietal,45,153,0.1263012895070746
249,03,sup_parietal,45,207,0.05120872418024178
250,03,sup_parietal,45,45,-0.15886078128516634
251,03,sup_parietal,45,99,-0.0077756875610330844
252,03,sup_parietal,99,153,-0.068863553885912
253,03,sup_parietal,99,207,-0.006642479820324301
254,03,sup_parietal,99,45,0.06193235313657523
255,03,sup_parietal,99,99,0.0034395179394712573
256,03,inf_parietal,153,153,0.05919279221064652
257,03,inf_parietal,153,207,0.004694544843742154
258,03,inf_parietal,153,45,-0.0560315992888028
259,03,inf_parietal,153,99,0.025079375366147308
260,03,inf_parietal,207,153,-0.03800683945499837
261,03,inf_parietal,207,207,0.06199345562239099
262,03,inf_parietal,207,45,0.0072947143662125714
263,03,inf_parietal,207,99,0.005466900994721441
264,03,inf_parietal,45,153,-0.024689631552856535
265,03,inf_parietal,45,207,-0.02018616785840867
266,03,inf_parietal,45,45,0.0010317321249258948
267,03,inf_parietal,45,99,0.020681544374541304
268,03,inf_parietal,99,153,0.014779132870988835
269,03,inf_parietal,99,207,-0.036388510369761165
270,03,inf_parietal,99,45,0.011279397228294573
271,03,inf_parietal,99,99,-0.02854209693071111
272,03,v5,153,153,-0.005442791226121763
273,03,v5,153,207,0.12815062552329765
274,03,v5,153,45,-0.08831748951935622
275,03,v5,153,99,-0.04857144073393868
276,03,v5,207,153,0.046297715305051494
277,03,v5,207,207,0.01378976692483333
278,03,v5,207,45,0.07042123961315627
279,03,v5,207,99,-0.04658262899315778
280,03,v5,45,153,0.08482857470110183
281,03,v5,45,207,-0.106693705390175
282,03,v5,45,45,-0.07502596523928579
283,03,v5,45,99,0.1276195963419105
284,03,v5,99,153,-0.0023224233890081734
285,03,v5,99,207,0.018728838530424678
286,03,v5,99,45,-0.01790569973931383
287,03,v5,99,99,-0.08745489429885614
288,04,premotor,153,153,0.016517473905332362
289,04,premotor,153,207,-0.0018877554431414208
290,04,premotor,153,45,0.018201842939638495
291,04,premotor,153,99,-0.035727543916178994
292,04,premotor,207,153,-0.029985571958558527
293,04,premotor,207,207,-0.0046739796225026865
294,04,premotor,207,45,0.035174135399525075
295,04,premotor,207,99,0.003942726906194961
296,04,premotor,45,153,-0.005035620190423332
297,04,premotor,45,207,-0.010980089631366364
298,04,premotor,45,45,-0.037933739572999677
299,04,premotor,45,99,0.05537707149914254
300,04,premotor,99,153,0.033197143700764306
301,04,premotor,99,207,0.00808243956965177
302,04,premotor,99,45,-0.013641107221171987
303,04,premotor,99,99,-0.030846725769853065
304,04,motor,153,153,-0.047067429767780986
305,04,motor,153,207,0.02098046063757492
306,04,motor,153,45,-0.016163624731454003
307,04,motor,153,99,0.06479264691283733
308,04,motor,207,153,0.013837602163853477
309,04,motor,207,207,0.05739273165361507
310,04,motor,207,45,-0.006126479774828539
311,04,motor,207,99,-0.07846610992265413
312,04,motor,45,153,-0.03063234726202583
313,04,motor,45,207,0.026751692260184715
314,04,motor,45,45,-0.010673401819389916
315,04,motor,45,99,0.009327495993526752
316,04,motor,99,153,0.05914999613601652
317,04,motor,99,207,-0.08515523286839372
318,04,motor,99,45,0.03762466939965837
319,04,motor,99,99,-0.020872681271665423
320,04,v1,153,153,-0.0789972830069477
321,04,v1,153,207,0.04837473055912822
322,04,v1,153,45,0.021750740428568057
323,04,v1,153,99,0.005962007810709017
324,04,v1,207,153,-0.001293545793627733
325,04,v1,207,207,-0.1363023554628593
326,04,v1,207,45,0.12530757342012827
327,04,v1,207,99,0.049753054062667515
328,04,v1,45,153,0.05162975923662895
329,04,v1,45,207,0.01931520170528158
330,04,v1,45,45,-0.12189779007433549
331,04,v1,45,99,0.029238074085796442
332,04,v1,99,153,0.030063319166375488
333,04,v1,99,207,0.06299191564284978
334,04,v1,99,45,-0.026231370505227898
335,04,v1,99,99,-0.0780414398067853
336,04,sup_parietal,153,153,0.04868680888661936
337,04,sup_parietal,153,207,0.017156849743760017
338,04,sup_parietal,153,45,-0.051967118687844996
339,04,sup_parietal,153,99,0.000755597895713396
340,04,sup_parietal,207,153,-0.01643324773188278
341,04,sup_parietal,207,207,-0.04024925661972509
342,04,sup_parietal,207,45,0.0850053615119509
343,04,sup_parietal,207,99,0.012234360312887412
344,04,sup_parietal,45,153,0.060417271774954394
345,04,sup_parietal,45,207,0.03659579358803437
346,04,sup_parietal,45,45,-0.03361366227668807
347,04,sup_parietal,45,99,-0.07331386960825717
348,04,sup_parietal,99,153,-0.08230282183039336
349,04,sup_parietal,99,207,0.02133753970708446
350,04,sup_parietal,99,45,-0.016120744036293697
351,04,sup_parietal,99,99,0.04504612758703483
352,04,inf_parietal,153,153,0.13850572597812857
353,04,inf_parietal,153,207,0.03628513078945181
354,04,inf_parietal,153,45,-0.061051164917288306
355,04,inf_parietal,153,99,-0.10432290394003967
356,04,inf_parietal,207,153,-0.04869084001170981
357,04,inf_parietal,207,207,0.015393398615651057
358,04,inf_parietal,207,45,0.07940628714196282
359,04,inf_parietal,207,99,-0.037005603870830836
360,04,inf_parietal,45,153,0.0005546470432780861
361,04,inf_parietal,45,207,-0.10449791260892144
362,04,inf_parietal,45,45,0.02659295408438341
363,04,inf_parietal,45,99,0.06773610986404667
364,04,inf_parietal,99,153,-0.07576535465169643
365,04,inf_parietal,99,207,0.05009308576324488
366,04,inf_parietal,99,45,-0.037562612368312584
367,04,inf_parietal,99,99,0.04991651651459601
368,04,v5,153,153,0.0016835227315701723
369,04,v5,153,207,0.17214914974661594
370,04,v5,153,45,-0.20880031644694866
371,04,v5,153,99,0.0463342059196359
372,04,v5,207,153,-0.06525631875615634
373,04,v5,207,207,0.05290291652472834
374,04,v5,207,45,0.09744630446668
375,04,v5,207,99,-0.06964565279821049
376,04,v5,45,153,-0.12124388014841884
377,04,v5,45,207,-0.1020317989690339
378,04,v5,45,45,-0.03867547755828156
379,04,v5,45,99,0.2166928980494714
380,04,v5,99,153,0.10211632789367196
381,04,v5,99,207,-0.07418093834291656
382,04,v5,99,45,0.1477086685614872
383,04,v5,99,99,-0.13229367181822008
384,05,premotor,153,153,0.011114544145860284
385,05,premotor,153,207,-0.018854777293062362
386,05,premotor,153,45,-0.03073172333963385
387,05,premotor,153,99,0.025921566972749107
388,05,premotor,207,153,-0.02370608033615229
389,05,premotor,207,207,0.07812485639387966
390,05,premotor,207,45,0.01884641420952768
391,05,premotor,207,99,-0.055168577145514375
392,05,premotor,45,153,-0.01361297234072963
393,05,premotor,45,207,-0.02029867463767471
394,05,premotor,45,45,0.026359429721436303
395,05,premotor,45,99,-0.002744140158819082
396,05,premotor,99,153,0.021651868618183797
397,05,premotor,99,207,-0.022468863230181983
398,05,premotor,99,45,-0.01976810967852502
399,05,premotor,99,99,0.03230224698405437
400,05,motor,153,153,0.03482439047450321
401,05,motor,153,207,-0.02225691205452132
402,05,motor,153,45,-0.01690180054963962
403,05,motor,153,99,0.010954433684379468
404,05,motor,207,153,-0.024900095011017885
405,05,motor,207,207,0.025369250455673738
406,05,motor,207,45,0.011295589051398906
407,05,motor,207,99,0.002707621214786185
408,05,motor,45,153,0.012970004123745162
409,05,motor,45,207,-0.04349653795773177
410,05,motor,45,45,0.07593058998726677
411,05,motor,45,99,-0.0783054501814304
412,05,motor,99,153,-0.016892574170133894
413,05,motor,99,207,0.03236580270642893
414,05,motor,99,45,-0.05849883587879834
415,05,motor,99,99,0.037820367879048924
416,05,v1,153,153,0.06522605817206359
417,05,v1,153,207,0.023909599455098834
418,05,v1,153,45,0.06480773090416066
419,05,v1,153,99,-0.18412950328893268
420,05,v1,207,153,-0.1144658315835
421,05,v1,207,207,-0.08634528859037964
422,05,v1,207,45,0.14580895486220102
423,05,v1,207,99,0.10640071658709757
424,05,v1,45,153,-0.048239835998327596
425,05,v1,45,207,0.1201200809716075
426,05,v1,45,45,-0.17187490630224123
427,05,v1,45,99,0.09212383428159729
428,05,v1,99,153,0.08409043782252876
429,05,v1,99,207,-0.09325714163618086
430,05,v1,99,45,-0.030022704997765617
431,05,v1,99,99,0.02086025829099817
432,05,sup_parietal,153,153,0.015257854582937373
433,05,sup_parietal,153,207,-0.005983988146860098
434,05,sup_parietal,153,45,-0.03410135089263047
435,05,sup_parietal,153,99,0.03601651412445799
436,05,sup_parietal,207,153,-0.041537752498990096
437,05,sup_parietal,207,207,-0.044998629552086195
438,05,sup_parietal,207,45,0.13769677193617053
439,05,sup_parietal,207,99,-0.02892257151788374
440,05,sup_parietal,45,153,0.018742709737009106
441,05,sup_parietal,45,207,-0.029375125664679827
442,05,sup_parietal,45,45,0.012192938885349813
443,05,sup_parietal,45,99,-0.013305107271432935
444,05,sup_parietal,99,153,0.034246231455766454
445,05,sup_parietal,99,207,0.009807693217065698
446,05,sup_parietal,99,45,-0.06730811680978838
447,05,sup_parietal,99,99,0.023245421370655276
448,05,inf_parietal,153,153,-0.03817684875321605
449,05,inf_parietal,153,207,0.005861483758756388
450,05,inf_parietal,153,45,0.035480494947406384
451,05,inf_parietal,153,99,2.8581084469002718e-05
452,05,inf_parietal,207,153,-0.018672083624225233
453,05,inf_parietal,207,207,0.016449575801994284
454,05,inf_parietal,207,45,0.00677104432547888
455,05,inf_parietal,207,99,0.016460901053747153
456,05,inf_parietal,45,153,0.062147275321056836
457,05,inf_parietal,45,207,-0.05732299730742378
458,05,inf_parietal,45,45,0.0071981576588125915
459,05,inf_parietal,45,99,-0.043830482534882254
460,05,inf_parietal,99,153,-0.024045456868339803
461,05,inf_parietal,99,207,0.0263433110985774
462,05,inf_parietal,99,45,-0.042004307177635675
463,05,inf_parietal,99,99,0.06899832768628313
464,05,v5,153,153,-0.0821792248913004
465,05,v5,153,207,0.0055467720832616425
466,05,v5,153,45,0.165493993512451
467,05,v5,153,99,-0.05775257606280348
468,05,v5,207,153,-0.008329338614062667
469,05,v5,207,207,0.025969895956558166
470,05,v5,207,45,-0.08479886687599339
471,05,v5,207,99,0.0895614195099
472,05,v5,45,153,0.059641512994826375
473,05,v5,45,207,-0.012256883660018408
474,05,v5,45,45,-0.009930283040806634
475,05,v5,45,99,-0.0870559923343683
476,05,v5,99,153,-0.0027577493619841686
477,05,v5,99,207,0.03268839867834385
478,05,v5,99,45,-0.026389743895313938
479,05,v5,99,99,0.03244382414696037
480,06,premotor,153,153,0.019384182202587148
481,06,premotor,153,207,-0.03630950711634997
482,06,premotor,153,45,-0.019186152507389632
483,06,premotor,153,99,0.03734612405968522
484,06,premotor,207,153,-0.0076078039395302876
485,06,premotor,207,207,0.01802237187860204
486,06,premotor,207,45,0.039055661520134136
487,06,premotor,207,99,-0.05885626361061526
488,06,premotor,45,153,0.0077332232066852705
489,06,premotor,45,207,-0.008917622267893494
490,06,premotor,45,45,-0.021202967011494163
491,06,premotor,45,99,0.0217404162535514
492,06,premotor,99,153,-0.025451161415211285
493,06,premotor,99,207,0.028823098351046475
494,06,premotor,99,45,-0.0034688429795208323
495,06,premotor,99,99,0.007947745829975606
496,06,motor,153,153,-0.007426421087891103
497,06,motor,153,207,-0.03739891678239604
498,06,motor,153,45,0.06650587777594702
499,06,motor,153,99,-0.02947394099149605
500,06,motor,207,153,-0.03181086314534875
501,06,motor,207,207,0.012583220220431925
502,06,motor,207,45,0.008724518313364363
503,06,motor,207,99,0.01226014036643577
504,06,motor,45,153,0.06736403514987668
505,06,motor,45,207,0.00809545846176562
506,06,motor,45,45,-0.07408430960615112
507,06,motor,45,99,0.026630794240041535
508,06,motor,99,153,-0.032495465137209134
509,06,motor,99,207,0.031901322277615385
510,06,motor,99,45,0.0017685145773136263
511,06,motor,99,99,-0.02410791011049352
512,06,v1,153,153,-0.10857588260604331
513,06,v1,153,207,0.058124813758394504
514,06,v1,153,45,0.036811377476222665
515,06,v1,153,99,0.011512137362074175
516,06,v1,207,153,-0.009663528521310093
517,06,v1,207,207,-0.051324578326932366
518,06,v1,207,45,0.06125293707104572
519,06,v1,207,99,0.03582646024149312
520,06,v1,45,153,0.06871127723319417
521,06,v1,45,207,-0.038004260913099594
522,06,v1,45,45,-0.10199632043824836
523,06,v1,45,99,0.06726080829729757
524,06,v1,99,153,0.06178671775533047
525,06,v1,99,207,0.027733147079063002
526,06,v1,99,45,-0.001760134965285758
527,06,v1,99,99,-0.11079616553743063
528,06,sup_parietal,153,153,0.02579231985642382
529,06,sup_parietal,153,207,-0.09204578562449171
530,06,sup_parietal,153,45,0.04053609091975602
531,06,sup_parietal,153,99,0.08482829529335403
532,06,sup_parietal,207,153,-0.05396929403254708
533,06,sup_parietal,207,207,0.09653086569101509
534,06,sup_parietal,207,45,0.002749369615664606
535,06,sup_parietal,207,99,-0.08302258946264308
536,06,sup_parietal,45,153,-0.031661918449897825
537,06,sup_parietal,45,207,0.023226268353515375
538,06,sup_parietal,45,45,0.03429965228080019
539,06,sup_parietal,45,99,0.01133032990592165
540,06,sup_parietal,99,153,0.03562961378543905
541,06,sup_parietal,99,207,-0.009114828388461548
542,06,sup_parietal,99,45,-0.08122958192196023
543,06,sup_parietal,99,99,0.01755156837745864
544,06,inf_parietal,153,153,0.01035858608329094
545,06,inf_parietal,153,207,-0.029689928108983757
546,06,inf_parietal,153,45,0.03010417714877458
547,06,inf_parietal,153,99,-0.020691611430163143
548,06,inf_parietal,207,153,-0.04166451663157002
549,06,inf_parietal,207,207,0.07770519380279281
550,06,inf_parietal,207,45,-0.021728334980732778
551,06,inf_parietal,207,99,-0.00467790076960263
552,06,inf_parietal,45,153,0.046659517476046714
553,06,inf_parietal,45,207,0.01203656744524443
554,06,inf_parietal,45,45,-0.06475776660805146
555,06,inf_parietal,45,99,-0.009844614667274
556,06,inf_parietal,99,153,0.0064614608971546115
557,06,inf_parietal,99,207,-0.04003096941267312
558,06,inf_parietal,99,45,0.029373614241122722
559,06,inf_parietal,99,99,0.019285273547134725
560,06,v5,153,153,0.058610462207347
561,06,v5,153,207,0.023562002240406242
562,06,v5,153,45,-0.14327338137929818
563,06,v5,153,99,0.03930011985004438
564,06,v5,207,153,-0.05362520141391065
565,06,v5,207,207,0.018247605339301812
566,06,v5,207,45,0.041281100789061304
567,06,v5,207,99,-0.03228582437977358
568,06,v5,45,153,-0.09917421892901204
569,06,v5,45,207,0.1599995828145436
570,06,v5,45,45,0.06544761796772629
571,06,v5,45,99,-0.11830600706073904
572,06,v5,99,153,0.09073875190692442
573,06,v5,99,207,-0.16401201889745187
574,06,v5,99,45,-0.010828266821286896
575,06,v5,99,99,0.10572460452235184
576,07,premotor,153,153,0.03090920710342543
577,07,premotor,153,207,0.031712341959480236
578,07,premotor,153,45,0.018872955935577397
579,07,premotor,153,99,-0.07121347903817551
580,07,premotor,207,153,-0.018884423750397252
581,07,premotor,207,207,-0.015213727271190282
582,07,premotor,207,45,-0.0162964085503121
583,07,premotor,207,99,0.055757364980936815
584,07,premotor,45,153,-0.005918793628292146
585,07,premotor,45,207,-0.006440420485241705
586,07,premotor,45,45,0.004529750370853781
587,07,premotor,45,99,-0.007325326866099657
588,07,premotor,99,153,-0.007337906439388139
589,07,premotor,99,207,-0.011273657633718933
590,07,premotor,99,45,-0.004984072825817004
591,07,premotor,99,99,0.023511166291363163
592,07,motor,153,153,-0.032049270776731434
593,07,motor,153,207,0.10008160695974996
594,07,motor,153,45,-0.006461775982873813
595,07,motor,153,99,-0.029364893972150512
596,07,motor,207,153,0.02240199441900467
597,07,motor,207,207,-0.061908769197996566
598,07,motor,207,45,-0.003369186703879354
599,07,motor,207,99,0.01880886370865177
600,07,motor,45,153,-0.03749265900251129
601,07,motor,45,207,-0.03032669472561411
602,07,motor,45,45,0.02410451663290667
603,07,motor,45,99,0.04646706696489604
604,07,motor,99,153,0.03654210112407209
605,07,motor,99,207,-0.017105867202907642
606,07,motor,99,45,0.005596407591245609
607,07,motor,99,99,-0.031832746409690735
608,07,v1,153,153,0.010401141224126196
609,07,v1,153,207,0.047466348243686285
610,07,v1,153,45,-0.02719973295436562
611,07,v1,153,99,-0.03299847703172784
612,07,v1,207,153,0.0038488997197897376
613,07,v1,207,207,-0.026400443024803703
614,07,v1,207,45,-0.005773917449679157
615,07,v1,207,99,0.04378749015053476
616,07,v1,45,153,-0.029658207950323638
617,07,v1,45,207,-0.04054942030594952
618,07,v1,45,45,0.02794954478761318
619,07,v1,45,99,0.02184059342995309
620,07,v1,99,153,0.02290101122706177
621,07,v1,99,207,0.004191695824433166
622,07,v1,99,45,8.994875809650513e-05
623,07,v1,99,99,-0.017682282074397013
624,07,sup_parietal,153,153,-0.02029092527238988
625,07,sup_parietal,153,207,0.06337370860004522
626,07,sup_parietal,153,45,-0.011805881116288192
627,07,sup_parietal,153,99,-0.011832182629322077
628,07,sup_parietal,207,153,-0.016118195428368627
629,07,sup_parietal,207,207,-0.022675421285979082
630,07,sup_parietal,207,45,0.06362401074149555
631,07,sup_parietal,207,99,-0.01349294408008207
632,07,sup_parietal,45,153,0.08207464346235707
633,07,sup_parietal,45,207,-0.10953685887321474
634,07,sup_parietal,45,45,-0.013462142980403137
635,07,sup_parietal,45,99,0.004273553819769307
636,07,sup_parietal,99,153,-0.035164813334337915
637,07,sup_parietal,99,207,0.06874517149758166
638,07,sup_parietal,99,45,-0.048798950524779075
639,07,sup_parietal,99,99,0.02066863602559727
640,07,inf_parietal,153,153,0.06972672373986964
641,07,inf_parietal,153,207,0.021348479756071466
642,07,inf_parietal,153,45,-0.061361790512118056
643,07,inf_parietal,153,99,-0.03759746699402302
644,07,inf_parietal,207,153,-0.042883130943670036
645,07,inf_parietal,207,207,-0.021537077275087975
646,07,inf_parietal,207,45,0.038341573764333586
647,07,inf_parietal,207,99,0.012913096610014323
648,07,inf_parietal,45,153,-0.06539712701092276
649,07,inf_parietal,45,207,0.03246317467695454
650,07,inf_parietal,45,45,-0.04083938641186986
651,07,inf_parietal,45,99,0.0631667320846935
652,07,inf_parietal,99,153,0.020670883640124108
653,07,inf_parietal,99,207,-0.011793632431831583
654,07,inf_parietal,99,45,0.0471694402213831
655,07,inf_parietal,99,99,-0.035638607612576756
656,07,v5,153,153,0.0693411254794836
657,07,v5,153,207,0.03155373958264995
658,07,v5,153,45,0.03170059355593965
659,07,v5,153,99,-0.09458670070176434
660,07,v5,207,153,-0.01688882575148258
661,07,v5,207,207,0.11496204811172588
662,07,v5,207,45,-0.05446776868674878
663,07,v5,207,99,-0.07758187651163481
664,07,v5,45,153,-0.03981806978148606
665,07,v5,45,207,0.008057172338260116
666,07,v5,45,45,-0.024920448461685226
667,07,v5,45,99,0.034456266666693144
668,07,v5,99,153,-0.06736972129099592
669,07,v5,99,207,-0.07275165780272762
670,07,v5,99,45,0.06537552574268088
671,07,v5,99,99,0.1023527127077233
672,08,premotor,153,153,-0.0028368192734169895
673,08,premotor,153,207,0.008766728101903959
674,08,premotor,153,45,-0.037571756971430025
675,08,premotor,153,99,0.02323734366519508
676,08,premotor,207,153,8.140607200757613e-05
677,08,premotor,207,207,0.007357112684561518
678,08,premotor,207,45,0.04594933348202211
679,08,premotor,207,99,-0.06850629825421295
680,08,premotor,45,153,0.015817496354451226
681,08,premotor,45,207,-0.04449976171632838
682,08,premotor,45,45,0.026946786615340914
683,08,premotor,45,99,0.03622980590928049
684,08,premotor,99,153,-0.014091759617008065
685,08,premotor,99,207,0.02980721756644827
686,08,premotor,99,45,-0.03801466689136225
687,08,premotor,99,99,0.016719418126695508
688,08,motor,153,153,-0.027526526900920337
689,08,motor,153,207,0.04456087080051453
690,08,motor,153,45,0.004646422520081354
691,08,motor,153,99,-0.04039591496888429
692,08,motor,207,153,0.034620221587156816
693,08,motor,207,207,-0.0523914028693403
694,08,motor,207,45,0.024300420157256385
695,08,motor,207,99,-0.001145757482734544
696,08,motor,45,153,0.0020538677388525963
697,08,motor,45,207,-0.0016942654462252316
698,08,motor,45,45,0.015505359248294161
699,08,motor,45,99,0.016628024047965824
700,08,motor,99,153,-0.01788470134976175
701,08,motor,99,207,0.017313705107050038
702,08,motor,99,45,0.009731852136676102
703,08,motor,99,99,-0.013327879582092288
704,08,v1,153,153,7.419916694488462e-05
705,08,v1,153,207,-0.0041020439857269355
706,08,v1,153,45,0.019510073360544618
707,08,v1,153,99,-0.030709631590491535
708,08,v1,207,153,-0.036615397717426335
709,08,v1,207,207,-0.020233454598380086
710,08,v1,207,45,0.02620651638898438
711,08,v1,207,99,0.010552215914973764
712,08,v1,45,153,0.05227832244640146
713,08,v1,45,207,-0.030944051105255672
714,08,v1,45,45,-0.020898602084985937
715,08,v1,45,99,0.028022280365341292
716,08,v1,99,153,0.005492316790355554
717,08,v1,99,207,0.05248394269444734
718,08,v1,99,45,-0.03207244341115285
719,08,v1,99,99,-0.01588156273329466
720,08,sup_parietal,153,153,0.030260423872101316
721,08,sup_parietal,153,207,-0.018958294044832926
722,08,sup_parietal,153,45,-0.024998883358053003
723,08,sup_parietal,153,99,0.0036792208126554815
724,08,sup_parietal,207,153,-0.06224459718179834
725,08,sup_parietal,207,207,0.008008489550874357
726,08,sup_parietal,207,45,-0.005668079460495468
727,08,sup_parietal,207,99,0.03995168514646828
728,08,sup_parietal,45,153,0.06479651371626644
729,08,sup_parietal,45,207,-0.023794463251237533
730,08,sup_parietal,45,45,0.041147932879642704
731,08,sup_parietal,45,99,-0.061484618828807194
732,08,sup_parietal,99,153,-0.03808823514094169
733,08,sup_parietal,99,207,0.02792626579311597
734,08,sup_parietal,99,45,-0.014569533778250009
735,08,sup_parietal,99,99,0.028572079668237098
736,08,inf_parietal,153,153,-0.01648963784164341
737,08,inf_parietal,153,207,0.044388966373233515
738,08,inf_parietal,153,45,-0.10446579715141545
739,08,inf_parietal,153,99,0.07113252867908539
740,08,inf_parietal,207,153,0.04196751143694362
741,08,inf_parietal,207,207,-0.08093981433589723
742,08,inf_parietal,207,45,0.08335652902891985
743,08,inf_parietal,207,99,-0.0487783238030992
744,08,inf_parietal,45,153,0.02738621264678811
745,08,inf_parietal,45,207,-0.080815678365178
746,08,inf_parietal,45,45,0.04453566169662821
747,08,inf_parietal,45,99,0.02534458863228501
748,08,inf_parietal,99,153,-0.03962793094526919
749,08,inf_parietal,99,207,0.0636236090312992
750,08,inf_parietal,99,45,-0.005074294060893009
751,08,inf_parietal,99,99,-0.02519971623518106
752,08,v5,153,153,-0.09288526739671718
753,08,v5,153,207,-0.04969886195249215
754,08,v5,153,45,0.03757828515085254
755,08,v5,153,99,0.05871213046727853
756,08,v5,207,153,0.10852714310623651
757,08,v5,207,207,0.024290868345857072
758,08,v5,207,45,-0.06555300424639511
759,08,v5,207,99,-0.07247326152241207
760,08,v5,45,153,0.15655446912094984
761,08,v5,45,207,-0.010983210348161028
762,08,v5,45,45,0.014528817302069522
763,08,v5,45,99,-0.07401899595422365
764,08,v5,99,153,-0.16214944168027784
765,08,v5,99,207,0.08269214571716571
766,08,v5,99,45,-0.04500361182702233
767,08,v5,99,99,0.08898595408052401
768,09,premotor,153,153,0.014986683636226617
769,09,premotor,153,207,0.011471612820018465
770,09,premotor,153,45,-0.022826857109670175
771,09,premotor,153,99,0.000346686036231828
772,09,premotor,207,153,-0.041805959679141955
773,09,premotor,207,207,-0.01849824831090618
774,09,premotor,207,45,0.06720513194451914
775,09,premotor,207,99,-0.017743859233684576
776,09,premotor,45,153,0.03470508044574284
777,09,premotor,45,207,0.02386434830116287
778,09,premotor,45,45,-0.03401155805782711
779,09,premotor,45,99,-0.014202619012064831
780,09,premotor,99,153,0.005321652458240459
781,09,premotor,99,207,-0.028746414759658688
782,09,premotor,99,45,-0.011219938211595481
783,09,premotor,99,99,0.033171687915808316
784,09,motor,153,153,0.03166841250650275
785,09,motor,153,207,-0.0017967921370641883
786,09,motor,153,45,-0.01902517012640625
787,09,motor,153,99,-0.013408481840346096
788,09,motor,207,153,0.0002880499342009478
789,09,motor,207,207,0.016851956568648657
790,09,motor,207,45,0.04991796735692957
791,09,motor,207,99,-0.06525329526031823
792,09,motor,45,153,-0.042077556673867214
793,09,motor,45,207,-0.008094721085873557
794,09,motor,45,45,0.005670483861852423
795,09,motor,45,99,0.046694624881611455
796,09,motor,99,153,0.023794538410141817
797,09,motor,99,207,-0.0018124559896367954
798,09,motor,99,45,-0.03401230417675458
799,09,motor,99,99,0.010787628060728487
800,09,v1,153,153,-0.04713455466031446
801,09,v1,153,207,0.051215778499501693
802,09,v1,153,45,-0.022965273734190352
803,09,v1,153,99,0.021494227955192742
804,09,v1,207,153,0.04042449499635606
805,09,v1,207,207,0.00036761556871502815
806,09,v1,207,45,-0.021674801760514714
807,09,v1,207,99,-0.023265971464105667
808,09,v1,45,153,-0.022829905973521095
809,09,v1,45,207,0.007661756175648328
810,09,v1,45,45,0.016509786423243855
811,09,v1,45,99,-0.0013804554058160579
812,09,v1,99,153,0.01548042247972297
813,09,v1,99,207,-0.06455983765314031
814,09,v1,99,45,0.04642138009857079
815,09,v1,99,99,0.003547232282313944
816,09,sup_parietal,153,153,0.012035373320295096
817,09,sup_parietal,153,207,0.049290504792850826
818,09,sup_parietal,153,45,-0.0840052265708808
819,09,sup_parietal,153,99,0.003552165939267925
820,09,sup_parietal,207,153,-0.030176897884193185
821,09,sup_parietal,207,207,-0.009462187522933194
822,09,sup_parietal,207,45,0.08343136893136775
823,09,sup_parietal,207,99,4.490705018480451e-05
824,09,sup_parietal,45,153,0.04133225900282855
825,09,sup_parietal,45,207,-0.019827480310167955
826,09,sup_parietal,45,45,-0.05142935642317631
827,09,sup_parietal,45,99,-0.008824573151192578
828,09,sup_parietal,99,153,-0.036737555850688566
829,09,sup_parietal,99,207,-0.0070377245430895685
830,09,sup_parietal,99,45,0.055698207113029974
831,09,sup_parietal,99,99,0.0065924516229064
832,09,inf_parietal,153,153,-0.04566161909050656
833,09,inf_parietal,153,207,-0.03652463950966532
834,09,inf_parietal,153,45,0.03453555489019631
835,09,inf_parietal,153,99,0.03284180337048621
836,09,inf_parietal,207,153,0.02490160447798052
837,09,inf_parietal,207,207,0.006569186485437993
838,09,inf_parietal,207,45,0.04033214722633435
839,09,inf_parietal,207,99,-0.07846017345673392
840,09,inf_parietal,45,153,0.04176225549428438
841,09,inf_parietal,45,207,0.025950203043282237
842,09,inf_parietal,45,45,-0.052765501841077395
843,09,inf_parietal,45,99,-0.026557350903755546
844,09,inf_parietal,99,153,-0.03887096322483602
845,09,inf_parietal,99,207,-0.03418559522281665
846,09,inf_parietal,99,45,-0.019910727207219835
847,09,inf_parietal,99,99,0.11682549294879406
848,09,v5,153,153,0.046049023625116876
849,09,v5,153,207,0.04999439885121424
850,09,v5,153,45,-0.039520442480869264
851,09,v5,153,99,-0.0676920501780608
852,09,v5,207,153,-0.09375165394342552
853,09,v5,207,207,0.059305742639770544
854,09,v5,207,45,0.1606557259075354
855,09,v5,207,99,-0.10190145766856559
856,09,v5,45,153,0.09488682346586896
857,09,v5,45,207,-0.08951604888383598
858,09,v5,45,45,-0.11256603672337664
859,09,v5,45,99,0.07596680976874709
860,09,v5,99,153,-0.012168380602123026
861,09,v5,99,207,-0.010634193743218123
862,09,v5,99,45,-0.02850447242721665
863,09,v5,99,99,0.0671669279811374
864,11,premotor,153,153,0.03916467296619637
865,11,premotor,153,207,-0.009126880654468001
866,11,premotor,153,45,-0.02912504124831582
867,11,premotor,153,99,-0.005495828949002539
868,11,premotor,207,153,-0.03613076239436637
869,11,premotor,207,207,0.020091922585774632
870,11,premotor,207,45,0.07286914223457079
871,11,premotor,207,99,-0.04957603218455013
872,11,premotor,45,153,0.004226853653470992
873,11,premotor,45,207,-0.016982669035784458
874,11,premotor,45,45,-0.009985592411073496
875,11,premotor,45,99,0.023837019513440832
876,11,premotor,99,153,-0.008915094673640392
877,11,premotor,99,207,0.001933449927793287
878,11,premotor,99,45,-0.03615203826933096
879,11,premotor,99,99,0.038331022945696853
880,11,motor,153,153,0.0335774110270871
881,11,motor,153,207,0.017240280277461523
882,11,motor,153,45,-0.07088361429981481
883,11,motor,153,99,0.009443695429556365
884,11,motor,207,153,-0.0464103095194763
885,11,motor,207,207,-0.035984579803490596
886,11,motor,207,45,0.06018034210912101
887,11,motor,207,99,0.03394769344312856
888,11,motor,45,153,0.006931357585461305
889,11,motor,45,207,-0.017454364030420347
890,11,motor,45,45,0.013242685837877606
891,11,motor,45,99,-0.0007698334477080062
892,11,motor,99,153,0.007938542234791518
893,11,motor,99,207,0.05143628656099593
894,11,motor,99,45,-0.035363137936515396
895,11,motor,99,99,-0.020764382963572203
896,11,v1,153,153,-0.0018622371468276187
897,11,v1,153,207,0.019742989125112586
898,11,v1,153,45,-0.028287743497261608
899,11,v1,153,99,-0.005434515605800261
900,11,v1,207,153,-0.06845439391887102
901,11,v1,207,207,-0.02944462640931908
902,11,v1,207,45,0.08061527960119572
903,11,v1,207,99,0.01678051533573781
904,11,v1,45,153,0.028974474091140366
905,11,v1,45,207,0.002172757218955156
906,11,v1,45,45,-0.05765054455193207
907,11,v1,45,99,0.03184239479282098
908,11,v1,99,153,0.041501043586138334
909,11,v1,99,207,0.010700125352685299
910,11,v1,99,45,0.008370566301291252
911,11,v1,99,99,-0.053068103828315144
912,11,sup_parietal,153,153,-0.02386620209970479
913,11,sup_parietal,153,207,0.049849493746360746
914,11,sup_parietal,153,45,0.014556293875780175
915,11,sup_parietal,153,99,-0.004952863160321234
916,11,sup_parietal,207,153,-0.08357887220942112
917,11,sup_parietal,207,207,0.01077264970907783
918,11,sup_parietal,207,45,0.1415539591704817
919,11,sup_parietal,207,99,-0.06870224825378948
920,11,sup_parietal,45,153,0.058468945050282266
921,11,sup_parietal,45,207,-0.06094396617275904
922,11,sup_parietal,45,45,-0.05813569717318736
923,11,sup_parietal,45,99,0.06071195071985117
924,11,sup_parietal,99,153,0.06562283488340709
925,11,sup_parietal,99,207,-0.03538889411670105
926,11,sup_parietal,99,45,-0.11721284640253743
927,11,sup_parietal,99,99,0.0481671517412174
928,11,inf_parietal,153,153,0.0038126162298075666
929,11,inf_parietal,153,207,-0.029769593300132277
930,11,inf_parietal,153,45,0.03275603711985356
931,11,inf_parietal,153,99,-0.02822971100507859
932,11,inf_parietal,207,153,-0.007090153897783784
933,11,inf_parietal,207,207,-0.008745000467144742
934,11,inf_parietal,207,45,0.08404266644353764
935,11,inf_parietal,207,99,-0.04669492801751392
936,11,inf_parietal,45,153,-0.009321882971162671
937,11,inf_parietal,45,207,-0.014131443994751084
938,11,inf_parietal,45,45,0.02475561338453628
939,11,inf_parietal,45,99,-0.014277122551474907
940,11,inf_parietal,99,153,0.006244595494018129
941,11,inf_parietal,99,207,0.03789141526733484
942,11,inf_parietal,99,45,-0.13007349555864503
943,11,inf_parietal,99,99,0.09119684838336724
944,11,v5,153,153,-0.12262929391477123
945,11,v5,153,207,0.1162045860435783
946,11,v5,153,45,0.024624051761703264
947,11,v5,153,99,-0.0829795621324973
948,11,v5,207,153,-0.03381284728238078
949,11,v5,207,207,0.0011536355892123491
950,11,v5,207,45,0.006452525345015968
951,11,v5,207,99,-0.004997706219866893
952,11,v5,45,153,0.1861504320005454
953,11,v5,45,207,-0.02484818498833672
954,11,v5,45,45,-0.1030840982973226
955,11,v5,45,99,-0.001695644279166797
956,11,v5,99,153,-0.02437810872228586
957,11,v5,99,207,-0.06219177161663694
958,11,v5,99,45,0.04398037720054147
959,11,v5,99,99,0.07684340814301274
960,12,premotor,153,153,0.04362695795600408
961,12,premotor,153,207,-0.0064819507743257235
962,12,premotor,153,45,-0.010852469394755508
963,12,premotor,153,99,-0.024743165882314157
964,12,premotor,207,153,-0.0271246985212912
965,12,premotor,207,207,0.0374932893792171
966,12,premotor,207,45,0.03530650070213255
967,12,premotor,207,99,-0.028646224059376585
968,12,premotor,45,153,-0.013433272755473222
969,12,premotor,45,207,-0.04062790624148811
970,12,premotor,45,45,-0.015947213357192958
971,12,premotor,45,99,0.055586798962746535
972,12,premotor,99,153,-0.0006589844566871521
973,12,premotor,99,207,0.019632621065818714
974,12,premotor,99,45,-0.012067299507571516
975,12,premotor,99,99,-0.006889458695028272
976,12,motor,153,153,-0.0012547630520802766
977,12,motor,153,207,0.021078123698588552
978,12,motor,153,45,-0.0011704079856031356
979,12,motor,153,99,-0.014131247053380204
980,12,motor,207,153,-0.03190052436046901
981,12,motor,207,207,0.03429101586520607
982,12,motor,207,45,0.027518855930287522
983,12,motor,207,99,-0.041256716732261944
984,12,motor,45,153,0.059701492534301
985,12,motor,45,207,-0.08120842077332477
986,12,motor,45,45,-0.024275268300871282
987,12,motor,45,99,0.04080405312914096
988,12,motor,99,153,-0.037978999454561846
989,12,motor,99,207,0.022629100043463503
990,12,motor,99,45,-0.0014712186685465912
991,12,motor,99,99,0.024981912753814294
992,12,v1,153,153,-0.05853169880046136
993,12,v1,153,207,0.07703625010670548
994,12,v1,153,45,0.042641280461713144
995,12,v1,153,99,-0.04988366817977697
996,12,v1,207,153,-0.03706206958045347
997,12,v1,207,207,-0.12500252046696192
998,12,v1,207,45,0.1495525165043711
999,12,v1,207,99,0.003766800246626574
1000,12,v1,45,153,0.06836607590402605
1001,12,v1,45,207,-0.046350858158868816
1002,12,v1,45,45,-0.09351581788506187
1003,12,v1,45,99,0.08283833750265757
1004,12,v1,99,153,0.01492555057442686
1005,12,v1,99,207,0.09301488410254487
1006,12,v1,99,45,-0.06245962005386883
1007,12,v1,99,99,-0.06217487136471292
1008,12,sup_parietal,153,153,-0.01419316787919371
1009,12,sup_parietal,153,207,0.004504766632471836
1010,12,sup_parietal,153,45,0.044888246197184185
1011,12,sup_parietal,153,99,-0.052798128873477956
1012,12,sup_parietal,207,153,-0.006859220919522037
1013,12,sup_parietal,207,207,0.023750404253277835
1014,12,sup_parietal,207,45,0.007693837452570301
1015,12,sup_parietal,207,99,0.004629439809292738
1016,12,sup_parietal,45,153,0.048169852527616436
1017,12,sup_parietal,45,207,-0.03499385887544139
1018,12,sup_parietal,45,45,-0.009689971547120892
1019,12,sup_parietal,45,99,-0.007330499828370187
1020,12,sup_parietal,99,153,0.013790395603249126
1021,12,sup_parietal,99,207,0.00876845705565553
1022,12,sup_parietal,99,45,-0.052437851240511
1023,12,sup_parietal,99,99,0.014645609982581461
1024,12,inf_parietal,153,153,0.013006478002079658
1025,12,inf_parietal,153,207,-0.022428565923115665
1026,12,inf_parietal,153,45,0.04442458100815065
1027,12,inf_parietal,153,99,-0.026725626658649523
1028,12,inf_parietal,207,153,-0.040668839885000724
1029,12,inf_parietal,207,207,0.014574699925266213
1030,12,inf_parietal,207,45,0.024958234673725446
1031,12,inf_parietal,207,99,-0.010760511299669071
1032,12,inf_parietal,45,153,0.024374356562587622
1033,12,inf_parietal,45,207,-0.0590133850712746
1034,12,inf_parietal,45,45,-0.05216754189555288
1035,12,inf_parietal,45,99,0.07840775301143225
1036,12,inf_parietal,99,153,-0.0035945798588012112
1037,12,inf_parietal,99,207,0.06311568063663706
1038,12,inf_parietal,99,45,-0.012812855761930406
1039,12,inf_parietal,99,99,-0.04130644344376472
1040,12,v5,153,153,0.0189451933584145
1041,12,v5,153,207,0.14612724161198054
1042,12,v5,153,45,0.010927981290781926
1043,12,v5,153,99,-0.15415134149398863
1044,12,v5,207,153,0.034283117980642104
1045,12,v5,207,207,-0.018944646737944597
1046,12,v5,207,45,-0.1297869014960286
1047,12,v5,207,99,0.05126007520180898
1048,12,v5,45,153,0.06940759540775407
1049,12,v5,45,207,-0.024656286241059963
1050,12,v5,45,45,-0.0012516049131313309
1051,12,v5,45,99,-0.035809211928476074
1052,12,v5,99,153,0.002982682746639362
1053,12,v5,99,207,-0.13259610497185811
1054,12,v5,99,45,0.052946281429719695
1055,12,v5,99,99,0.11346552053247
1056,13,premotor,153,153,-0.01212969455358113
1057,13,premotor,153,207,-0.010616599126379963
1058,13,premotor,153,45,0.021602523029856
1059,13,premotor,153,99,0.015213995731343658
1060,13,premotor,207,153,-0.009182749198237255
1061,13,premotor,207,207,-0.04809194596854922
1062,13,premotor,207,45,0.031088543833585877
1063,13,premotor,207,99,0.02402569197575921
1064,13,premotor,45,153,0.009582203722435009
1065,13,premotor,45,207,0.027751501318172438
1066,13,premotor,45,45,-0.02737598886128461
1067,13,premotor,45,99,-0.022046560011761335
1068,13,premotor,99,153,0.01209395405441576
1069,13,premotor,99,207,0.03228223607754685
1070,13,premotor,99,45,-0.029416533466683426
1071,13,premotor,99,99,-0.015896448127106225
1072,13,motor,153,153,0.022997243335969267
1073,13,motor,153,207,0.02535983066719105
1074,13,motor,153,45,0.010707439001398145
1075,13,motor,153,99,-0.023498544618423267
1076,13,motor,207,153,0.015800131078085363
1077,13,motor,207,207,-0.034313031631086746
1078,13,motor,207,45,0.00822551148845679
1079,13,motor,207,99,-0.01177350799731121
1080,13,motor,45,153,-0.044889831026200054
1081,13,motor,45,207,0.012218285179604127
1082,13,motor,45,45,-0.05561233616742277
1083,13,motor,45,99,0.04511111866619974
1084,13,motor,99,153,-0.001720457713333864
1085,13,motor,99,207,0.0007256856206095622
1086,13,motor,99,45,0.0495196048104415
1087,13,motor,99,99,-0.02136939172866403
1088,13,v1,153,153,0.05036607935086229
1089,13,v1,153,207,-0.05586284987167714
1090,13,v1,153,45,0.0012250564409094482
1091,13,v1,153,99,0.01228533299240938
1092,13,v1,207,153,0.017802733263617827
1093,13,v1,207,207,-0.06644819485110276
1094,13,v1,207,45,0.0557686532689579
1095,13,v1,207,99,0.0019099305476244612
1096,13,v1,45,153,-0.0750965547521859
1097,13,v1,45,207,0.027303826174047956
1098,13,v1,45,45,-0.028856172237956428
1099,13,v1,45,99,0.07709633895108635
1100,13,v1,99,153,-0.0027643975673955178
1101,13,v1,99,207,0.09307428106243774
1102,13,v1,99,45,-0.033748111669573776
1103,13,v1,99,99,-0.07139435826777811
1104,13,sup_parietal,153,153,0.06840203825535784
1105,13,sup_parietal,153,207,-0.1084413074447357
1106,13,sup_parietal,153,45,0.02483611115943002
1107,13,sup_parietal,153,99,0.0604653085976131
1108,13,sup_parietal,207,153,-0.0029539521604209362
1109,13,sup_parietal,207,207,-0.02208844866552535
1110,13,sup_parietal,207,45,0.04754849212772343
1111,13,sup_parietal,207,99,-0.00829271173939427
1112,13,sup_parietal,45,153,0.04520379876116798
1113,13,sup_parietal,45,207,0.17915610708305196
1114,13,sup_parietal,45,45,-0.12509548888730387
1115,13,sup_parietal,45,99,-0.08316160090956785
1116,13,sup_parietal,99,153,-0.11446283914417585
1117,13,sup_parietal,99,207,-0.03899159725273821
1118,13,sup_parietal,99,45,0.05880181598344332
1119,13,sup_parietal,99,99,0.04102839934053709
1120,13,inf_parietal,153,153,-0.04601439470116223
1121,13,inf_parietal,153,207,-0.07508365952704762
1122,13,inf_parietal,153,45,0.06469896409338532
1123,13,inf_parietal,153,99,0.06391841226897545
1124,13,inf_parietal,207,153,-0.0389124818773477
1125,13,inf_parietal,207,207,0.022276603630139155
1126,13,inf_parietal,207,45,0.02974542784886885
1127,13,inf_parietal,207,99,-0.029723249034319204
1128,13,inf_parietal,45,153,0.0686209242024044
1129,13,inf_parietal,45,207,0.036917298083479
1130,13,inf_parietal,45,45,-0.05648977796540731
1131,13,inf_parietal,45,99,-0.05119704389777284
1132,13,inf_parietal,99,153,-0.012003571056707022
1133,13,inf_parietal,99,207,0.02296610599926017
1134,13,inf_parietal,99,45,-0.04381041119120177
1135,13,inf_parietal,99,99,0.0543823306962732
1136,13,v5,153,153,0.04815677937184738
1137,13,v5,153,207,0.02871696581790821
1138,13,v5,153,45,-0.08417908655996868
1139,13,v5,153,99,0.01032184437624653
1140,13,v5,207,153,-0.143715134209673
1141,13,v5,207,207,0.023475351512785687
1142,13,v5,207,45,0.07988169451262916
1143,13,v5,207,99,0.07516208688353457
1144,13,v5,45,153,0.012875319389667454
1145,13,v5,45,207,-0.033283866310389515
1146,13,v5,45,45,-0.07574114812267602
1147,13,v5,45,99,0.03449662611893427
1148,13,v5,99,153,0.07212368484347396
1149,13,v5,99,207,-0.02444683288164964
1150,13,v5,99,45,0.06061638246100763
1151,13,v5,99,99,-0.10943124071855696
1152,14,premotor,153,153,0.01976203060345425
1153,14,premotor,153,207,0.01776937647178585
1154,14,premotor,153,45,0.0022255401002898786
1155,14,premotor,153,99,-0.042097500774343384
1156,14,premotor,207,153,0.014474195908264837
1157,14,premotor,207,207,0.017932042724642362
1158,14,premotor,207,45,-0.018928673052670965
1159,14,premotor,207,99,0.014029871842770564
1160,14,premotor,45,153,-0.011052655787051831
1161,14,premotor,45,207,-0.004440945221711989
1162,14,premotor,45,45,0.04264816326702043
1163,14,premotor,45,99,-0.036035350183594834
1164,14,premotor,99,153,-0.012889700517374293
1165,14,premotor,99,207,-0.026673428531939665
1166,14,premotor,99,45,-0.020161694528465435
1167,14,premotor,99,99,0.04569537004642186
1168,14,motor,153,153,0.024950661679653194
1169,14,motor,153,207,0.041918745757919915
1170,14,motor,153,45,0.005086453057614508
1171,14,motor,153,99,-0.07491135435699113
1172,14,motor,207,153,-0.02303814181794556
1173,14,motor,207,207,-0.03248157765868198
1174,14,motor,207,45,0.04563611912311641
1175,14,motor,207,99,0.04696914741036582
1176,14,motor,45,153,-0.03496526008232201
1177,14,motor,45,207,0.024760770800285527
1178,14,motor,45,45,0.010507098813433303
1179,14,motor,45,99,0.0017020261162235435
1180,14,motor,99,153,0.0026328632480208617
1181,14,motor,99,207,-0.047131132567467246
1182,14,motor,99,45,-0.04974252385111282
1183,14,motor,99,99,0.05673091489410648
1184,14,v1,153,153,-0.08209264786695122
1185,14,v1,153,207,0.030581868640239176
1186,14,v1,153,45,0.03222858609387233
1187,14,v1,153,99,0.017170231555350128
1188,14,v1,207,153,0.0069253839963729375
1189,14,v1,207,207,0.0623189208022649
1190,14,v1,207,45,0.015467822792292144
1191,14,v1,207,99,-0.060611659933764356
1192,14,v1,45,153,0.05255711611374535
1193,14,v1,45,207,0.002179433229459897
1194,14,v1,45,45,-0.0843310957511729
1195,14,v1,45,99,0.015392450736485427
1196,14,v1,99,153,0.03455078549258242
1197,14,v1,99,207,-0.08090196066855733
1198,14,v1,99,45,0.025147284892710165
1199,14,v1,99,99,0.013381621284287921
1200,14,sup_parietal,153,153,0.04509180288268882
1201,14,sup_parietal,153,207,0.06041340798138564
1202,14,sup_parietal,153,45,-0.042706289083396645
1203,14,sup_parietal,153,99,-0.05108955870219734
1204,14,sup_parietal,207,153,-0.023261522691227974
1205,14,sup_parietal,207,207,-0.03668336362510129
1206,14,sup_parietal,207,45,0.055208360907452764
1207,14,sup_parietal,207,99,0.009882084343869701
1208,14,sup_parietal,45,153,-0.0037651234742120086
1209,14,sup_parietal,45,207,-0.10319001447063411
1210,14,sup_parietal,45,45,-0.025884051543990618
1211,14,sup_parietal,45,99,0.0970526697595856
1212,14,sup_parietal,99,153,-0.045594472044147794
1213,14,sup_parietal,99,207,0.04198090541819921
1214,14,sup_parietal,99,45,0.029779911307347598
1215,14,sup_parietal,99,99,-0.017884520803572952
1216,14,inf_parietal,153,153,-0.00039868315809749033
1217,14,inf_parietal,153,207,0.033496920034066104
1218,14,inf_parietal,153,45,-0.03472913774873097
1219,14,inf_parietal,153,99,-0.021587340258719306
1220,14,inf_parietal,207,153,0.015226992273478256
1221,14,inf_parietal,207,207,-0.005523457370996757
1222,14,inf_parietal,207,45,0.023658540122474044
1223,14,inf_parietal,207,99,-0.04047356381795663
1224,14,inf_parietal,45,153,-0.0023705066105026464
1225,14,inf_parietal,45,207,0.024933029818684754
1226,14,inf_parietal,45,45,-0.04773177433375109
1227,14,inf_parietal,45,99,0.019833421425864785
1228,14,inf_parietal,99,153,-0.02225168088346306
1229,14,inf_parietal,99,207,-0.07159666065350687
1230,14,inf_parietal,99,45,0.05529309323003122
1231,14,inf_parietal,99,99,0.05794554755795623
1232,14,v5,153,153,0.09203127208396965
1233,14,v5,153,207,-0.009009018098121532
1234,14,v5,153,45,-0.061396757769285035
1235,14,v5,153,99,0.019719214029050053
1236,14,v5,207,153,-0.09016659392804519
1237,14,v5,207,207,0.05084759719851431
1238,14,v5,207,45,0.01856379153820023
1239,14,v5,207,99,0.048127719232797475
1240,14,v5,45,153,0.06816088010351216
1241,14,v5,45,207,0.059701141567451266
1242,14,v5,45,45,-0.032411078673515926
1243,14,v5,45,99,-0.09351002233220629
1244,14,v5,99,153,-0.1185897621144788
1245,14,v5,99,207,-0.04069903004417736
1246,14,v5,99,45,0.03853888878091043
1247,14,v5,99,99,0.0398214625022617
1248,15,premotor,153,153,-0.010033896589270832
1249,15,premotor,153,207,0.0015871502709343768
1250,15,premotor,153,45,0.011168020200289758
1251,15,premotor,153,99,0.0030656543898935264
1252,15,premotor,207,153,-0.018024657647935278
1253,15,premotor,207,207,0.03009565909534292
1254,15,premotor,207,45,0.020300264705485734
1255,15,premotor,207,99,-0.023032692892876627
1256,15,premotor,45,153,-0.012233510142461868
1257,15,premotor,45,207,-0.024057069640315985
1258,15,premotor,45,45,-0.014507247156311322
1259,15,premotor,45,99,0.033898738130188566
1260,15,premotor,99,153,0.03513558230040323
1261,15,premotor,99,207,-0.00023797284209035527
1262,15,premotor,99,45,-0.03441237160529297
1263,15,premotor,99,99,-0.006752057422963286
1264,15,motor,153,153,0.03831549333663216
1265,15,motor,153,207,-0.010922818420592792
1266,15,motor,153,45,0.030357205799360742
1267,15,motor,153,99,-0.036200299217711326
1268,15,motor,207,153,-0.010477483350059626
1269,15,motor,207,207,0.029443325679623603
1270,15,motor,207,45,-0.017109889250297966
1271,15,motor,207,99,-0.0280057279361121
1272,15,motor,45,153,-0.017341321783326494
1273,15,motor,45,207,0.026922112192651212
1274,15,motor,45,45,-0.00020597202726399706
1275,15,motor,45,99,0.009483502865353592
1276,15,motor,99,153,-0.024339116982668208
1277,15,motor,99,207,-0.03664017502289882
1278,15,motor,99,45,-0.018739282896953875
1279,15,motor,99,99,0.062047195155112714
1280,15,v1,153,153,-0.052744496016946994
1281,15,v1,153,207,0.06476336333164873
1282,15,v1,153,45,-0.0010291983216980608
1283,15,v1,153,99,-6.463394544131348e-05
1284,15,v1,207,153,0.010424004645982025
1285,15,v1,207,207,0.006773159739320806
1286,15,v1,207,45,0.03337383988260504
1287,15,v1,207,99,-0.05206737418823836
1288,15,v1,45,153,0.005454884760885962
1289,15,v1,45,207,-0.046756082804351375
1290,15,v1,45,45,-0.0026452790481094075
1291,15,v1,45,99,0.05027290627749161
1292,15,v1,99,153,0.05157136391910295
1293,15,v1,99,207,-0.0372150674434019
1294,15,v1,99,45,-0.04388507325711675
1295,15,v1,99,99,0.01659972969998038
1296,15,sup_parietal,153,153,0.029128946818350942
1297,15,sup_parietal,153,207,-0.010082816107554043
1298,15,sup_parietal,153,45,-0.0029381106681342223
1299,15,sup_parietal,153,99,-0.02209171079181929
1300,15,sup_parietal,207,153,0.12613399363484779
1301,15,sup_parietal,207,207,-0.03819814888767897
1302,15,sup_parietal,207,45,-0.03131362241396906
1303,15,sup_parietal,207,99,-0.0701597476282161
1304,15,sup_parietal,45,153,-0.046350052703680616
1305,15,sup_parietal,45,207,-0.036554504884439426
1306,15,sup_parietal,45,45,0.00016705567560418993
1307,15,sup_parietal,45,99,0.07282396685286774
1308,15,sup_parietal,99,153,-0.09105974181125008
1309,15,sup_parietal,99,207,0.0713024987623481
1310,15,sup_parietal,99,45,-0.00676427716899889
1311,15,sup_parietal,99,99,0.03911865006628565
1312,15,inf_parietal,153,153,0.038907453569236784
1313,15,inf_parietal,153,207,-0.05859141385163784
1314,15,inf_parietal,153,45,-0.030422949270612593
1315,15,inf_parietal,153,99,0.017351662061847763
1316,15,inf_parietal,207,153,-0.024953172462715133
1317,15,inf_parietal,207,207,-0.042704521904717886
1318,15,inf_parietal,207,45,0.10320065104646922
1319,15,inf_parietal,207,99,-0.02254266180567505
1320,15,inf_parietal,45,153,-0.06049957508040339
1321,15,inf_parietal,45,207,0.10924864371522197
1322,15,inf_parietal,45,45,-0.09017211703075419
1323,15,inf_parietal,45,99,0.04647058297684236
1324,15,inf_parietal,99,153,0.04965749161214254
1325,15,inf_parietal,99,207,-0.021542592804249357
1326,15,inf_parietal,99,45,0.014938558681485647
1327,15,inf_parietal,99,99,-0.03643779487046435
1328,15,v5,153,153,-0.07757217063041053
1329,15,v5,153,207,-0.033416299771754865
1330,15,v5,153,45,-0.02571906671755795
1331,15,v5,153,99,0.017856195476460977
1332,15,v5,207,153,0.07803151450657883
1333,15,v5,207,207,-0.04977767247631801
1334,15,v5,207,45,0.035779232415578566
1335,15,v5,207,99,-0.05835605093799058
1336,15,v5,45,153,0.1529784471950659
1337,15,v5,45,207,-0.11416341708247914
1338,15,v5,45,45,-0.09326713513153662
1339,15,v5,45,99,0.09767065398038766
1340,15,v5,99,153,-0.09191397296803296
1341,15,v5,99,207,0.13266230202270957
1342,15,v5,99,45,0.05601133696931482
1343,15,v5,99,99,-0.029915996196117282
1344,16,premotor,153,153,-0.011607186848234415
1345,16,premotor,153,207,-0.03039996434238932
1346,16,premotor,153,45,0.031875168081772695
1347,16,premotor,153,99,0.011020899655601981
1348,16,premotor,207,153,-0.048497321364423765
1349,16,premotor,207,207,0.03311573554770687
1350,16,premotor,207,45,0.013375506772699313
1351,16,premotor,207,99,0.00818828283465434
1352,16,premotor,45,153,0.038607050642349774
1353,16,premotor,45,207,-0.016982865249440964
1354,16,premotor,45,45,-0.04447883823932419
1355,16,premotor,45,99,0.01920757506976308
1356,16,premotor,99,153,0.024088612946472302
1357,16,premotor,99,207,0.026496023659250682
1358,16,premotor,99,45,-0.01337358076071157
1359,16,premotor,99,99,-0.03925314364067432
1360,16,motor,153,153,0.029755538105363556
1361,16,motor,153,207,0.028769785092583027
1362,16,motor,153,45,0.03375743539825276
1363,16,motor,153,99,-0.0981817027837715
1364,16,motor,207,153,-0.00885873717562438
1365,16,motor,207,207,-0.023044999549906527
1366,16,motor,207,45,-0.01372582791728741
1367,16,motor,207,99,0.04268385422051689
1368,16,motor,45,153,0.02671309738013424
1369,16,motor,45,207,-0.007778821678753798
1370,16,motor,45,45,-0.011263512121896774
1371,16,motor,45,99,-0.007510321217983508
1372,16,motor,99,153,-0.04953247030753338
1373,16,motor,99,207,0.043680567842030636
1374,16,motor,99,45,-0.04059637358498167
1375,16,motor,99,99,0.05821375160495525
1376,16,v1,153,153,-0.03581336189720638
1377,16,v1,153,207,-0.011044167910359698
1378,16,v1,153,45,0.02523127631306219
1379,16,v1,153,99,0.04621781935994601
1380,16,v1,207,153,0.015778963844867554
1381,16,v1,207,207,-0.024680188173724978
1382,16,v1,207,45,0.03574505055094408
1383,16,v1,207,99,-0.04028724564210557
1384,16,v1,45,153,-0.013127316526689862
1385,16,v1,45,207,0.06143412255490701
1386,16,v1,45,45,-0.11737241570913007
1387,16,v1,45,99,0.05337119209634335
1388,16,v1,99,153,0.028190465396623253
1389,16,v1,99,207,-0.03168641020367771
1390,16,v1,99,45,0.043395719001607706
1391,16,v1,99,99,-0.04289767774805929
1392,16,sup_parietal,153,153,0.05367294078427919
1393,16,sup_parietal,153,207,-0.0172795157700911
1394,16,sup_parietal,153,45,0.043869281245050296
1395,16,sup_parietal,153,99,-0.10752856322271354
1396,16,sup_parietal,207,153,-0.032763936383566186
1397,16,sup_parietal,207,207,-0.0766081293434493
1398,16,sup_parietal,207,45,0.07729948539297105
1399,16,sup_parietal,207,99,0.06166132118305059
1400,16,sup_parietal,45,153,-0.045367743344260955
1401,16,sup_parietal,45,207,0.01847938880933869
1402,16,sup_parietal,45,45,0.004866635861232751
1403,16,sup_parietal,45,99,0.02179530058856294
1404,16,sup_parietal,99,153,0.06613566606897638
1405,16,sup_parietal,99,207,0.05825935186935078
1406,16,sup_parietal,99,45,-0.1388605020537429
1407,16,sup_parietal,99,99,0.025774576644394184
1408,16,inf_parietal,153,153,0.029609192422079676
1409,16,inf_parietal,153,207,-0.057639912525744616
1410,16,inf_parietal,153,45,-0.0278894576596935
1411,16,inf_parietal,153,99,0.037371603203097216
1412,16,inf_parietal,207,153,0.02833408046842901
1413,16,inf_parietal,207,207,0.03974008719183948
1414,16,inf_parietal,207,45,0.0005940812001675438
1415,16,inf_parietal,207,99,-0.04723765050602208
1416,16,inf_parietal,45,153,0.011856211559947875
1417,16,inf_parietal,45,207,-0.05439486477838069
1418,16,inf_parietal,45,45,0.030021492621720897
1419,16,inf_parietal,45,99,0.0019928610018674943
1420,16,inf_parietal,99,153,-0.07341702098872177
1421,16,inf_parietal,99,207,0.049939567873706646
1422,16,inf_parietal,99,45,-0.009623675398466983
1423,16,inf_parietal,99,99,0.018100607424743904
1424,16,v5,153,153,-0.030471470287422316
1425,16,v5,153,207,-0.019009390052756956
1426,16,v5,153,45,0.13065570166560522
1427,16,v5,153,99,0.0028660774449266666
1428,16,v5,207,153,-0.04846803321751449
1429,16,v5,207,207,-0.016963594270650362
1430,16,v5,207,45,-0.0022963492392889945
1431,16,v5,207,99,0.02408667082218466
1432,16,v5,45,153,0.016319382161697017
1433,16,v5,45,207,0.05477870866545723
1434,16,v5,45,45,-0.15946380171583263
1435,16,v5,45,99,0.018228033978780377
1436,16,v5,99,153,0.04167055962263683
1437,16,v5,99,207,-0.0001276921075755999
1438,16,v5,99,45,0.06567470134045283
1439,16,v5,99,99,-0.07365944912467741
1440,17,premotor,153,153,0.028856702262911278
1441,17,premotor,153,207,0.03338454683892836
1442,17,premotor,153,45,-0.036465906005564507
1443,17,premotor,153,99,-0.01639198310054582
1444,17,premotor,207,153,0.012855704962072745
1445,17,premotor,207,207,-0.03109120755531888
1446,17,premotor,207,45,0.008171799086442338
1447,17,premotor,207,99,0.018862884587290733
1448,17,premotor,45,153,-0.047045224214962614
1449,17,premotor,45,207,0.0060093723562365045
1450,17,premotor,45,45,0.02464863356425981
1451,17,premotor,45,99,0.006034841015958499
1452,17,premotor,99,153,-0.010299087815147054
1453,17,premotor,99,207,-0.019485827595715603
1454,17,premotor,99,45,0.012275198311207942
1455,17,premotor,99,99,0.012887123425660235
1456,17,motor,153,153,0.08061556062668385
1457,17,motor,153,207,-0.06520704574724948
1458,17,motor,153,45,0.05974245441415866
1459,17,motor,153,99,-0.04903717149363086
1460,17,motor,207,153,0.03483290357606203
1461,17,motor,207,207,-0.023860367794304845
1462,17,motor,207,45,-0.06053414445668128
1463,17,motor,207,99,0.03174469120024261
1464,17,motor,45,153,-0.09068880313215492
1465,17,motor,45,207,0.05691477211218837
1466,17,motor,45,45,-0.00692030627396804
1467,17,motor,45,99,0.015544167835135937
1468,17,motor,99,153,-0.01847052486756933
1469,17,motor,99,207,0.03531468429576985
1470,17,motor,99,45,0.022842526361330124
1471,17,motor,99,99,-0.021774220964786387
1472,17,v1,153,153,-0.116592731008754
1473,17,v1,153,207,-0.00442917418079283
1474,17,v1,153,45,0.13601436887540994
1475,17,v1,153,99,0.003522795124237983
1476,17,v1,207,153,-0.009843780829612982
1477,17,v1,207,207,-0.15121355778632828
1478,17,v1,207,45,0.0579485545142662
1479,17,v1,207,99,0.10837625234939166
1480,17,v1,45,153,0.07173600934940952
1481,17,v1,45,207,0.019418534609412525
1482,17,v1,45,45,-0.27568827282227015
1483,17,v1,45,99,0.14628513715139063
1484,17,v1,99,153,0.0626106753118
1485,17,v1,99,207,0.12768287037169648
1486,17,v1,99,45,0.058380573278065534
1487,17,v1,99,99,-0.24968671728423886
1488,17,sup_parietal,153,153,0.008855831764787077
1489,17,sup_parietal,153,207,-0.004031842449287927
1490,17,sup_parietal,153,45,0.023780356285321828
1491,17,sup_parietal,153,99,-0.04028401733022449
1492,17,sup_parietal,207,153,-0.04474087187337346
1493,17,sup_parietal,207,207,-0.051430605821666274
1494,17,sup_parietal,207,45,0.04402617660834876
1495,17,sup_parietal,207,99,0.06629985316163362
1496,17,sup_parietal,45,153,0.0024079278886186637
1497,17,sup_parietal,45,207,-0.019130419616977118
1498,17,sup_parietal,45,45,0.03988494245938638
1499,17,sup_parietal,45,99,-0.03240947255423656
1500,17,sup_parietal,99,153,0.02186412305572255
1501,17,sup_parietal,99,207,0.10329930901352291
1502,17,sup_parietal,99,45,-0.11287717803786519
1503,17,sup_parietal,99,99,-0.013736729795699863
1504,17,inf_parietal,153,153,0.026009575989814314
1505,17,inf_parietal,153,207,-0.012909818154769524
1506,17,inf_parietal,153,45,-0.04950143118189049
1507,17,inf_parietal,153,99,0.030820050063637236
1508,17,inf_parietal,207,153,-0.009436451416611046
1509,17,inf_parietal,207,207,-0.0297944928557232
1510,17,inf_parietal,207,45,0.030616019203527394
1511,17,inf_parietal,207,99,0.009601149794588277
1512,17,inf_parietal,45,153,-0.06124279287527426
1513,17,inf_parietal,45,207,-0.014331664284437863
1514,17,inf_parietal,45,45,0.04613102305022507
1515,17,inf_parietal,45,99,0.04712897606570794
1516,17,inf_parietal,99,153,0.056773797050657604
1517,17,inf_parietal,99,207,0.04715376153019221
1518,17,inf_parietal,99,45,-0.029001347521350522
1519,17,inf_parietal,99,99,-0.09020180920044418
1520,17,v5,153,153,-0.165655117811038
1521,17,v5,153,207,0.12519983730473472
1522,17,v5,153,45,-0.008764172309220941
1523,17,v5,153,99,0.04145445269173671
1524,17,v5,207,153,0.06240582200455276
1525,17,v5,207,207,-0.11218068407729628
1526,17,v5,207,45,-0.11843519877841789
1527,17,v5,207,99,0.17187434286404127
1528,17,v5,45,153,0.2222998141530983
1529,17,v5,45,207,-0.11557273236718095
1530,17,v5,45,45,0.03791112206042952
1531,17,v5,45,99,-0.11852374149725231
1532,17,v5,99,153,-0.10666175772939332
1533,17,v5,99,207,0.08253027184261871
1534,17,v5,99,45,0.08538915922132717
1535,17,v5,99,99,-0.06939112761199007
1536,18,premotor,153,153,-0.017273801163475582
1537,18,premotor,153,207,0.017375216405946033
1538,18,premotor,153,45,0.024860778055523107
1539,18,premotor,153,99,-0.020340696013728357
1540,18,premotor,207,153,-0.034937616961407625
1541,18,premotor,207,207,0.05120417515158896
1542,18,premotor,207,45,0.04486571262430866
1543,18,premotor,207,99,-0.06578861109105921
1544,18,premotor,45,153,0.025228881178655415
1545,18,premotor,45,207,-0.011560494260522067
1546,18,premotor,45,45,-0.027441618140879698
1547,18,premotor,45,99,0.012375094443220835
1548,18,premotor,99,153,0.033130896548787946
1549,18,premotor,99,207,-0.06551239785214413
1550,18,premotor,99,45,-0.04182618224022328
1551,18,premotor,99,99,0.07238488046948201
1552,18,motor,153,153,0.03502269638868859
1553,18,motor,153,207,-0.03157024688472969
1554,18,motor,153,45,0.023427225516231734
1555,18,motor,153,99,-0.024799840860775992
1556,18,motor,207,153,-0.07319090731078046
1557,18,motor,207,207,0.09316861797797762
1558,18,motor,207,45,0.011150742998140162
1559,18,motor,207,99,-0.01937184184077597
1560,18,motor,45,153,0.04109063201755139
1561,18,motor,45,207,-0.05249896373377316
1562,18,motor,45,45,-0.03877039642884062
1563,18,motor,45,99,0.02800683065872617
1564,18,motor,99,153,0.003240370365574414
1565,18,motor,99,207,-0.04845866616257241
1566,18,motor,99,45,0.004206617019751216
1567,18,motor,99,99,0.045031218206191735
1568,18,v1,153,153,-0.1809453966857148
1569,18,v1,153,207,0.05891903598877438
1570,18,v1,153,45,0.08484021778891589
1571,18,v1,153,99,0.030128638502719827
1572,18,v1,207,153,0.08099852415020414
1573,18,v1,207,207,-0.14687443069865877
1574,18,v1,207,45,0.10309934999147542
1575,18,v1,207,99,-0.03045635082103378
1576,18,v1,45,153,0.05035077898774182
1577,18,v1,45,207,0.01379733542218831
1578,18,v1,45,45,-0.19945105561407245
1579,18,v1,45,99,0.13289990788000447
1580,18,v1,99,153,0.06314211350584051
1581,18,v1,99,207,0.05655557746616001
1582,18,v1,99,45,0.0024396312109189397
1583,18,v1,99,99,-0.11883897411366148
1584,18,sup_parietal,153,153,0.0078118035536394095
1585,18,sup_parietal,153,207,0.14294271819954685
1586,18,sup_parietal,153,45,-0.012164511165777915
1587,18,sup_parietal,153,99,-0.1206332003163061
1588,18,sup_parietal,207,153,0.01486552919629359
1589,18,sup_parietal,207,207,-0.0063604755620769
1590,18,sup_parietal,207,45,0.08784198433740559
1591,18,sup_parietal,207,99,-0.10256788856863511
1592,18,sup_parietal,45,153,0.0715943046326593
1593,18,sup_parietal,45,207,-0.16205833609443188
1594,18,sup_parietal,45,45,-0.014801085562790061
1595,18,sup_parietal,45,99,0.1290439003400053
1596,18,sup_parietal,99,153,-0.0974203529030182
1597,18,sup_parietal,99,207,0.02976071441380503
1598,18,sup_parietal,99,45,-0.05536437215567199
1599,18,sup_parietal,99,99,0.09769361871324726
1600,18,inf_parietal,153,153,0.00742768700688725
1601,18,inf_parietal,153,207,-0.019663430540244227
1602,18,inf_parietal,153,45,-0.0033461680543298462
1603,18,inf_parietal,153,99,0.005638520910259378
1604,18,inf_parietal,207,153,-0.005528095546215542
1605,18,inf_parietal,207,207,0.05387160706302839
1606,18,inf_parietal,207,45,0.055830380713198825
1607,18,inf_parietal,207,99,-0.10589357080630815
1608,18,inf_parietal,45,153,-0.021633512847187855
1609,18,inf_parietal,45,207,-0.0032113324533334237
1610,18,inf_parietal,45,45,-0.05202265678248222
1611,18,inf_parietal,45,99,0.0737761628953385
1612,18,inf_parietal,99,153,0.011036704345874095
1613,18,inf_parietal,99,207,-0.021718142480130133
1614,18,inf_parietal,99,45,-0.025088253938115757
1615,18,inf_parietal,99,99,0.0536930217708351
1616,18,v5,153,153,-0.11221243960681881
1617,18,v5,153,207,0.09924729754269121
1618,18,v5,153,45,0.016214285666698233
1619,18,v5,153,99,0.045728755137767564
1620,18,v5,207,153,-0.017127311086706978
1621,18,v5,207,207,-0.0651913364893303
1622,18,v5,207,45,0.09140074522239475
1623,18,v5,207,99,-0.006165850302583348
1624,18,v5,45,153,-0.03347548536239978
1625,18,v5,45,207,-0.04153402564664618
1626,18,v5,45,45,0.08105427371413443
1627,18,v5,45,99,-0.062098816344624705
1628,18,v5,99,153,0.07035366462878959
1629,18,v5,99,207,0.040591759898627414
1630,18,v5,99,45,-0.148431637446222
1631,18,v5,99,99,0.06990162550473843
1632,19,premotor,153,153,0.007890323842693826
1633,19,premotor,153,207,0.022316153190224237
1634,19,premotor,153,45,-0.006481659658625693
1635,19,premotor,153,99,-0.012949850304207592
1636,19,premotor,207,153,-0.010863665569708723
1637,19,premotor,207,207,-0.04456833294616635
1638,19,premotor,207,45,0.032688924297271035
1639,19,premotor,207,99,-0.0011114070801864426
1640,19,premotor,45,153,0.04919981308304077
1641,19,premotor,45,207,-0.004751567529753662
1642,19,premotor,45,45,-0.03393070726952482
1643,19,premotor,45,99,0.0008638116402218564
1644,19,premotor,99,153,-0.03851580966784884
1645,19,premotor,99,207,0.0341640863322857
1646,19,premotor,99,45,-0.005335693878596184
1647,19,premotor,99,99,0.01639583512336245
1648,19,motor,153,153,-0.027463655045692842
1649,19,motor,153,207,0.018701772549774103
1650,19,motor,153,45,0.002802173186673255
1651,19,motor,153,99,0.00423925700824908
1652,19,motor,207,153,-0.031295307542517775
1653,19,motor,207,207,-0.07492132742410934
1654,19,motor,207,45,0.11485274762529361
1655,19,motor,207,99,0.012430299881698801
1656,19,motor,45,153,0.0016377636661944776
1657,19,motor,45,207,0.07208620030023373
1658,19,motor,45,45,-0.06911434460038422
1659,19,motor,45,99,0.004079923672442902
1660,19,motor,99,153,0.054228243577910715
1661,19,motor,99,207,-0.013152894154914198
1662,19,motor,99,45,-0.04779691296477479
1663,19,motor,99,99,-0.017676773737121215
1664,19,v1,153,153,-0.027694328022016643
1665,19,v1,153,207,0.02352993656920513
1666,19,v1,153,45,0.00789748279178704
1667,19,v1,153,99,0.023078892911367704
1668,19,v1,207,153,-0.039998076972481623
1669,19,v1,207,207,-0.11178275890049688
1670,19,v1,207,45,0.15221843597283485
1671,19,v1,207,99,-0.02637905388005918
1672,19,v1,45,153,0.019877765542286527
1673,19,v1,45,207,0.04081563825556674
1674,19,v1,45,45,-0.06476631634531531
1675,19,v1,45,99,-0.012346426121887912
1676,19,v1,99,153,0.05115429221754056
1677,19,v1,99,207,0.03203549125347778
1678,19,v1,99,45,-0.10434205939052968
1679,19,v1,99,99,0.021482504315735312
1680,19,sup_parietal,153,153,-0.0959261639144498
1681,19,sup_parietal,153,207,-0.0358070092945176
1682,19,sup_parietal,153,45,0.023022404406655185
1683,19,sup_parietal,153,99,0.07706413596457587
1684,19,sup_parietal,207,153,-0.06629646153110696
1685,19,sup_parietal,207,207,0.11732047043417998
1686,19,sup_parietal,207,45,0.04566802844719821
1687,19,sup_parietal,207,99,-0.0818139722130469
1688,19,sup_parietal,45,153,0.09547073807714629
1689,19,sup_parietal,45,207,0.007498985560166493
1690,19,sup_parietal,45,45,0.010493251718653174
1691,19,sup_parietal,45,99,-0.07999089573045282
1692,19,sup_parietal,99,153,0.09060551953241618
1693,19,sup_parietal,99,207,-0.0662731754994768
1694,19,sup_parietal,99,45,-0.10519267366021384
1695,19,sup_parietal,99,99,0.08060199781354294
1696,19,inf_parietal,153,153,-0.038352818343470804
1697,19,inf_parietal,153,207,0.09144395351613745
1698,19,inf_parietal,153,45,-0.023944210128125414
1699,19,inf_parietal,153,99,-0.029319842745727666
1700,19,inf_parietal,207,153,0.010915770864829045
1701,19,inf_parietal,207,207,-0.03462858562232399
1702,19,inf_parietal,207,45,0.05241672361468681
1703,19,inf_parietal,207,99,-0.049612768417130866
1704,19,inf_parietal,45,153,-0.04319242104502083
1705,19,inf_parietal,45,207,-0.06319184040131691
1706,19,inf_parietal,45,45,0.0684069973547827
1707,19,inf_parietal,45,99,0.04352706057580799
1708,19,inf_parietal,99,153,0.089458058000766
1709,19,inf_parietal,99,207,0.0035057514815609696
1710,19,inf_parietal,99,45,-0.10408552961480622
1711,19,inf_parietal,99,99,0.029304545575256684
1712,19,v5,153,153,0.02464500867970649
1713,19,v5,153,207,-0.040730372139911736
1714,19,v5,153,45,-0.12987355276709117
1715,19,v5,153,99,0.09892091264167313
1716,19,v5,207,153,0.04022426809341054
1717,19,v5,207,207,0.053574569855683776
1718,19,v5,207,45,0.037656074953557245
1719,19,v5,207,99,-0.1298328457263925
1720,19,v5,45,153,-0.07887010367631542
1721,19,v5,45,207,-0.022640788853991376
1722,19,v5,45,45,0.01103660804378978
1723,19,v5,45,99,0.08187414826927072
1724,19,v5,99,153,-0.04578458844801224
1725,19,v5,99,207,0.010775962167895496
1726,19,v5,99,45,0.11039828214562888
1727,19,v5,99,99,-0.007211588936589207
1728,20,premotor,153,153,0.04270480355034755
1729,20,premotor,153,207,-0.02655007848061488
1730,20,premotor,153,45,-0.01984045744012091
1731,20,premotor,153,99,0.005622983817167641
1732,20,premotor,207,153,-0.03077872665884807
1733,20,premotor,207,207,0.002680940044909194
1734,20,premotor,207,45,0.059453193919163067
1735,20,premotor,207,99,-0.031044975258474734
1736,20,premotor,45,153,0.025833542068983025
1737,20,premotor,45,207,-0.021451932270501198
1738,20,premotor,45,45,-0.023450264721953325
1739,20,premotor,45,99,0.016415227902859094
1740,20,premotor,99,153,-0.03414012454858158
1741,20,premotor,99,207,0.04370139617745494
1742,20,premotor,99,45,-0.023803346599943875
1743,20,premotor,99,99,0.012112593443326285
1744,20,motor,153,153,0.121866670037444
1745,20,motor,153,207,-0.02670166624368766
1746,20,motor,153,45,-0.07948462243505552
1747,20,motor,153,99,-0.01363756946546961
1748,20,motor,207,153,-0.05348524849366262
1749,20,motor,207,207,-0.01659232324037998
1750,20,motor,207,45,0.04330298265137091
1751,20,motor,207,99,0.006963104295324308
1752,20,motor,45,153,-0.014167521938736952
1753,20,motor,45,207,-0.005053911611142655
1754,20,motor,45,45,0.030309223841914267
1755,20,motor,45,99,0.0002212239069295744
1756,20,motor,99,153,-0.07220073378384251
1757,20,motor,99,207,0.05526913820262107
1758,20,motor,99,45,0.011291359918230274
1759,20,motor,99,99,0.015602291572448478
1760,20,v1,153,153,-0.03873125181000649
1761,20,v1,153,207,0.10197640452261711
1762,20,v1,153,45,-0.08031990823745791
1763,20,v1,153,99,0.018096389804457512
1764,20,v1,207,153,-0.07347619587957115
1765,20,v1,207,207,-0.06604458920412024
1766,20,v1,207,45,0.16062435843994416
1767,20,v1,207,99,-0.021624859547871605
1768,20,v1,45,153,0.013664649470782182
1769,20,v1,45,207,-0.010044579703840456
1770,20,v1,45,45,-0.0667365916714241
1771,20,v1,45,99,0.04068836320784952
1772,20,v1,99,153,0.07270817588505686
1773,20,v1,99,207,-0.031441042342872164
1774,20,v1,99,45,0.018513789446923064
1775,20,v1,99,99,-0.04252802594302169
1776,20,sup_parietal,153,153,-0.024167442449417667
1777,20,sup_parietal,153,207,-0.0003423223287537386
1778,20,sup_parietal,153,45,0.03575594048699724
1779,20,sup_parietal,153,99,-0.007304929233625652
1780,20,sup_parietal,207,153,-0.06724410389954388
1781,20,sup_parietal,207,207,0.125030730521894
1782,20,sup_parietal,207,45,0.0460287180122525
1783,20,sup_parietal,207,99,-0.09824363495895669
1784,20,sup_parietal,45,153,0.04381486180808636
1785,20,sup_parietal,45,207,0.009398149422549719
1786,20,sup_parietal,45,45,-0.06717953771960454
1787,20,sup_parietal,45,99,0.03516822086392818
1788,20,sup_parietal,99,153,0.04398368809116309
1789,20,sup_parietal,99,207,-0.07907254207130224
1790,20,sup_parietal,99,45,-0.002985807229316864
1791,20,sup_parietal,99,99,0.0377550090394882
1792,20,inf_parietal,153,153,0.025562063605437082
1793,20,inf_parietal,153,207,-0.021282015193574838
1794,20,inf_parietal,153,45,-0.009347144505181624
1795,20,inf_parietal,153,99,-0.0062146604750084825
1796,20,inf_parietal,207,153,0.04447773070218224
1797,20,inf_parietal,207,207,0.0006108845381777618
1798,20,inf_parietal,207,45,0.07711048111098019
1799,20,inf_parietal,207,99,-0.12079709706071029
1800,20,inf_parietal,45,153,-0.03486255331757099
1801,20,inf_parietal,45,207,0.05067318317782325
1802,20,inf_parietal,45,45,-0.056149578856116926
1803,20,inf_parietal,45,99,0.05058517585986683
1804,20,inf_parietal,99,153,-0.04724295549502497
1805,20,inf_parietal,99,207,-0.019227668568873223
1806,20,inf_parietal,99,45,-0.014936532716896846
1807,20,inf_parietal,99,99,0.06534948895183566
1808,20,v5,153,153,0.009692985862393096
1809,20,v5,153,207,0.06766400687323872
1810,20,v5,153,45,-0.024401147521603717
1811,20,v5,153,99,-0.12773810739666364
1812,20,v5,207,153,-0.10253379310808441
1813,20,v5,207,207,0.028514699664250742
1814,20,v5,207,45,0.11468751124109353
1815,20,v5,207,99,0.01282739395579879
1816,20,v5,45,153,0.02753994971429327
1817,20,v5,45,207,0.0102666736487462
1818,20,v5,45,45,-0.06398123290088821
1819,20,v5,45,99,0.02671607672071848
1820,20,v5,99,153,0.02706084045846672
1821,20,v5,99,207,-0.13099520241450124
1822,20,v5,99,45,0.017997172845156277
1823,20,v5,99,99,0.07590344147004709
1824,22,premotor,153,153,-0.0016662830982771045
1825,22,premotor,153,207,-0.013463715830517694
1826,22,premotor,153,45,0.010349484172625295
1827,22,premotor,153,99,0.0038127528761795256
1828,22,premotor,207,153,0.024148119566159244
1829,22,premotor,207,207,-0.003679554466207975
1830,22,premotor,207,45,0.011768290405054904
1831,22,premotor,207,99,-0.025806236705559624
1832,22,premotor,45,153,-0.03344407389905101
1833,22,premotor,45,207,0.025266689095480188
1834,22,premotor,45,45,-0.024744381970837573
1835,22,premotor,45,99,0.02737009267288899
1836,22,premotor,99,153,0.01626824334515196
1837,22,premotor,99,207,-0.003792614300132782
1838,22,premotor,99,45,-0.007673999880682897
1839,22,premotor,99,99,-0.0036213606908029015
1840,22,motor,153,153,-0.027578102093221042
1841,22,motor,153,207,-0.03677486353152468
1842,22,motor,153,45,0.04791560716538393
1843,22,motor,153,99,0.006046862422158628
1844,22,motor,207,153,-0.04301747495363284
1845,22,motor,207,207,0.02078914370278003
1846,22,motor,207,45,0.008573727168921253
1847,22,motor,207,99,0.03741570584708951
1848,22,motor,45,153,-0.023376048185415593
1849,22,motor,45,207,0.03573842173605731
1850,22,motor,45,45,-0.012278752488989578
1851,22,motor,45,99,0.00847178528259915
1852,22,motor,99,153,0.0914844896337336
1853,22,motor,99,207,-0.00891592158864815
1854,22,motor,99,45,-0.034355164617663345
1855,22,motor,99,99,-0.06223403211934997
1856,22,v1,153,153,0.06088287159092414
1857,22,v1,153,207,0.0159369878253032
1858,22,v1,153,45,0.04648492243816389
1859,22,v1,153,99,-0.1299910526187003
1860,22,v1,207,153,-0.1982562711265522
1861,22,v1,207,207,-0.057274565593026745
1862,22,v1,207,45,0.18240959116125555
1863,22,v1,207,99,0.08962654399984474
1864,22,v1,45,153,0.08802468804007452
1865,22,v1,45,207,-0.04041914493193132
1866,22,v1,45,45,-0.01581040336035082
1867,22,v1,45,99,-0.04009439658192686
1868,22,v1,99,153,0.05828986415289312
1869,22,v1,99,207,0.07542818484088087
1870,22,v1,99,45,-0.1785722526204078
1871,22,v1,99,99,0.03882389189511881
1872,22,sup_parietal,153,153,0.14053060379552307
1873,22,sup_parietal,153,207,0.035132837949321795
1874,22,sup_parietal,153,45,-0.0678703142461122
1875,22,sup_parietal,153,99,-0.07646556069783751
1876,22,sup_parietal,207,153,-0.14527075472172357
1877,22,sup_parietal,207,207,0.01658894776613388
1878,22,sup_parietal,207,45,0.09334040486875375
1879,22,sup_parietal,207,99,0.033538121310157765
1880,22,sup_parietal,45,153,0.05525108815839021
1881,22,sup_parietal,45,207,0.022060464434755317
1882,22,sup_parietal,45,45,0.04821810964742919
1883,22,sup_parietal,45,99,-0.11716483905886196
1884,22,sup_parietal,99,153,-0.00172033886070656
1885,22,sup_parietal,99,207,-0.08826792428988194
1886,22,sup_parietal,99,45,-0.05333598133655275
1887,22,sup_parietal,99,99,0.10678085527673299
1888,22,inf_parietal,153,153,-0.05040278129674115
1889,22,inf_parietal,153,207,0.06291606375748879
1890,22,inf_parietal,153,45,0.053213648431723104
1891,22,inf_parietal,153,99,-0.06777619413031699
1892,22,inf_parietal,207,153,-0.013781943225290834
1893,22,inf_parietal,207,207,0.054040111526393084
1894,22,inf_parietal,207,45,-0.08201772281957898
1895,22,inf_parietal,207,99,0.053178154141905326
1896,22,inf_parietal,45,153,0.013964167672446157
1897,22,inf_parietal,45,207,-0.09235592814769455
1898,22,inf_parietal,45,45,-0.010993193478274387
1899,22,inf_parietal,45,99,0.06537550206674184
1900,22,inf_parietal,99,153,0.022831318726096044
1901,22,inf_parietal,99,207,-0.005339662447305892
1902,22,inf_parietal,99,45,0.023932088047939934
1903,22,inf_parietal,99,99,-0.028058354485509196
1904,22,v5,153,153,-0.04347662221539862
1905,22,v5,153,207,0.026761545922666954
1906,22,v5,153,45,0.029584805307295934
1907,22,v5,153,99,-0.05987285050052727
1908,22,v5,207,153,0.10803328440916386
1909,22,v5,207,207,-0.08035389592006631
1910,22,v5,207,45,-0.11868071259139243
1911,22,v5,207,99,0.09611742618806944
1912,22,v5,45,153,0.0037650777942731146
1913,22,v5,45,207,0.1113919960879795
1914,22,v5,45,45,-0.08194499187367499
1915,22,v5,45,99,-0.002280750926103362
1916,22,v5,99,153,0.0016223415941540031
1917,22,v5,99,207,0.006427834538923014
1918,22,v5,99,45,0.08293849653926139
1919,22,v5,99,99,-0.09080857958068356
1920,23,premotor,153,153,0.015004867912275649
1921,23,premotor,153,207,-0.008083517087568205
1922,23,premotor,153,45,0.044010428254419545
1923,23,premotor,153,99,-0.06499528825949609
1924,23,premotor,207,153,-0.038752528439041804
1925,23,premotor,207,207,0.028714643913178794
1926,23,premotor,207,45,0.034802211533888565
1927,23,premotor,207,99,-0.02303910753294326
1928,23,premotor,45,153,-0.013609921696899719
1929,23,premotor,45,207,-0.027171506763387275
1930,23,premotor,45,45,-0.021984679804656154
1931,23,premotor,45,99,0.05653072843664171
1932,23,premotor,99,153,0.03495643513560724
1933,23,premotor,99,207,0.012998566478471085
1934,23,premotor,99,45,-0.06779733720129161
1935,23,premotor,99,99,0.0314309319128007
1936,23,motor,153,153,0.036798399293295876
1937,23,motor,153,207,-0.09083176026832929
1938,23,motor,153,45,0.056604509982819504
1939,23,motor,153,99,-0.021316542524834045
1940,23,motor,207,153,-0.03833969826981867
1941,23,motor,207,207,0.05818731153848954
1942,23,motor,207,45,0.00423091827661492
1943,23,motor,207,99,-0.02202958338358886
1944,23,motor,45,153,0.06283815822303979
1945,23,motor,45,207,-0.03624139023220023
1946,23,motor,45,45,-0.018915793065537638
1947,23,motor,45,99,-0.005358150612885658
1948,23,motor,99,153,-0.06597325171678581
1949,23,motor,99,207,0.07816289373935295
1950,23,motor,99,45,-0.034406091777767316
1951,23,motor,99,99,0.03190298643058774
1952,23,v1,153,153,-0.0008948702826988078
1953,23,v1,153,207,0.03317209333985296
1954,23,v1,153,45,0.027346538791390148
1955,23,v1,153,99,-0.053799344949224115
1956,23,v1,207,153,-0.12160193502010899
1957,23,v1,207,207,-0.0419944322557418
1958,23,v1,207,45,0.10804957704770851
1959,23,v1,207,99,0.054698955418554615
1960,23,v1,45,153,0.02430962936139283
1961,23,v1,45,207,-0.008900701103047588
1962,23,v1,45,45,-0.09753457221586259
1963,23,v1,45,99,0.0692158011214433
1964,23,v1,99,153,0.07681770319951736
1965,23,v1,99,207,0.008408343363686092
1966,23,v1,99,45,-0.029971964972958696
1967,23,v1,99,99,-0.051545436251255516
1968,23,sup_parietal,153,153,0.0229807388786338
1969,23,sup_parietal,153,207,0.03755676199371097
1970,23,sup_parietal,153,45,-0.002977148527359693
1971,23,sup_parietal,153,99,-0.10032648995579652
1972,23,sup_parietal,207,153,-0.03066130322111447
1973,23,sup_parietal,207,207,-0.03141183040504635
1974,23,sup_parietal,207,45,0.015872509601955343
1975,23,sup_parietal,207,99,-0.0017714029153957749
1976,23,sup_parietal,45,153,-0.06385879534473088
1977,23,sup_parietal,45,207,-0.0666838604902924
1978,23,sup_parietal,45,45,-0.027122733236380203
1979,23,sup_parietal,45,99,0.16047667224839157
1980,23,sup_parietal,99,153,0.02588594966010825
1981,23,sup_parietal,99,207,0.05380863390997218
1982,23,sup_parietal,99,45,-0.0070818406191100955
1983,23,sup_parietal,99,99,-0.03392538209022604
1984,23,inf_parietal,153,153,0.07193751122720916
1985,23,inf_parietal,153,207,-0.023904737972106644
1986,23,inf_parietal,153,45,0.01117165040806695
1987,23,inf_parietal,153,99,-0.03433133021986659
1988,23,inf_parietal,207,153,-0.04202920200885016
1989,23,inf_parietal,207,207,0.05457419925162313
1990,23,inf_parietal,207,45,-0.03579415241158229
1991,23,inf_parietal,207,99,0.038228587958801886
1992,23,inf_parietal,45,153,-0.08357484203307824
1993,23,inf_parietal,45,207,-0.007239819456151153
1994,23,inf_parietal,45,45,0.032368758230668426
1995,23,inf_parietal,45,99,0.0002547595600652028
1996,23,inf_parietal,99,153,0.02731695282636474
1997,23,inf_parietal,99,207,-0.004181765279148148
1998,23,inf_parietal,99,45,-0.03642377995685665
1999,23,inf_parietal,99,99,0.010245206029697695
2000,23,v5,153,153,0.0224622345341677
2001,23,v5,153,207,0.013354169771913539
2002,23,v5,153,45,-0.09569784452748031
2003,23,v5,153,99,-0.005781798457585967
2004,23,v5,207,153,0.029848854774698737
2005,23,v5,207,207,0.0006079779692003684
2006,23,v5,207,45,-0.06379138150272781
2007,23,v5,207,99,0.07008579825863434
2008,23,v5,45,153,-0.0742168533948154
2009,23,v5,45,207,-0.08119823544284066
2010,23,v5,45,45,0.17396192113559572
2011,23,v5,45,99,-0.0510227921101757
2012,23,v5,99,153,0.02197328188758007
2013,23,v5,99,207,0.06706180366453121
2014,23,v5,99,45,-0.02847725432799013
2015,23,v5,99,99,-0.042884465785793885
2016,24,premotor,153,153,0.0012492104222940927
2017,24,premotor,153,207,-0.005848488757473392
2018,24,premotor,153,45,-0.01644046361248964
2019,24,premotor,153,99,0.015850562536404853
2020,24,premotor,207,153,0.00890512149185625
2021,24,premotor,207,207,0.04141991469376282
2022,24,premotor,207,45,-0.0037680777442369545
2023,24,premotor,207,99,-0.0359740527247741
2024,24,premotor,45,153,-0.027181638795147504
2025,24,premotor,45,207,0.010330820666718407
2026,24,premotor,45,45,0.016373029749813806
2027,24,premotor,45,99,0.005247262348641696
2028,24,premotor,99,153,0.015854231874153638
2029,24,premotor,99,207,-0.05122919250301305
2030,24,premotor,99,45,0.02260778332180672
2031,24,premotor,99,99,0.0021400165964271358
2032,24,motor,153,153,0.016857347533006564
2033,24,motor,153,207,-0.06590023821695261
2034,24,motor,153,45,-0.032783261830381515
2035,24,motor,153,99,0.09297426730147743
2036,24,motor,207,153,0.02418026773140837
2037,24,motor,207,207,-0.03982949012486291
2038,24,motor,207,45,0.016986494823295322
2039,24,motor,207,99,0.011395553023142988
2040,24,motor,45,153,0.034234486354249444
2041,24,motor,45,207,-0.016627759219395376
2042,24,motor,45,45,0.06209677274775865
2043,24,motor,45,99,-0.09560904474428246
2044,24,motor,99,153,-0.039568008525263196
2045,24,motor,99,207,0.0836685893401595
2046,24,motor,99,45,0.004572265141889355
2047,24,motor,99,99,-0.054116218533892965
2048,24,v1,153,153,-0.028216238666236883
2049,24,v1,153,207,0.034299346275109395
2050,24,v1,153,45,0.002381033297792082
2051,24,v1,153,99,-0.024708548912769034
2052,24,v1,207,153,-0.08223412354994078
2053,24,v1,207,207,-0.019315023039465157
2054,24,v1,207,45,0.049449343190712265
2055,24,v1,207,99,0.046541361663315316
2056,24,v1,45,153,0.014996994978599952
2057,24,v1,45,207,0.03973241703356303
2058,24,v1,45,45,-0.06054168959005199
2059,24,v1,45,99,0.04061138405875886
2060,24,v1,99,153,0.08226461171231514
2061,24,v1,99,207,-0.05969863340630929
2062,24,v1,99,45,0.04134703097049204
2063,24,v1,99,99,-0.07586563486455317
2064,24,sup_parietal,153,153,0.08370536945497159
2065,24,sup_parietal,153,207,-0.034541013218324215
2066,24,sup_parietal,153,45,0.019000234243710806
2067,24,sup_parietal,153,99,-0.024301565319713947
2068,24,sup_parietal,207,153,-0.011516057005628607
2069,24,sup_parietal,207,207,0.08739839493972935
2070,24,sup_parietal,207,45,-0.06975553315091249
2071,24,sup_parietal,207,99,0.007829518591495884
2072,24,sup_parietal,45,153,0.010690190482794433
2073,24,sup_parietal,45,207,-0.03707491419593373
2074,24,sup_parietal,45,45,-0.004561672684232838
2075,24,sup_parietal,45,99,0.0099171615275431
2076,24,sup_parietal,99,153,-0.046699275417457206
2077,24,sup_parietal,99,207,-0.005180549062627038
2078,24,sup_parietal,99,45,0.06789742697755323
2079,24,sup_parietal,99,99,-0.07233546382624258
2080,24,inf_parietal,153,153,-0.041007565468123966
2081,24,inf_parietal,153,207,0.03485603413966738
2082,24,inf_parietal,153,45,-0.0033038307059597653
2083,24,inf_parietal,153,99,-0.021620837823128177
2084,24,inf_parietal,207,153,0.006334622603992774
2085,24,inf_parietal,207,207,0.021579330864232586
2086,24,inf_parietal,207,45,0.012110827743620583
2087,24,inf_parietal,207,99,-0.023246689753973156
2088,24,inf_parietal,45,153,-0.0408214184709282
2089,24,inf_parietal,45,207,0.004676154308499667
2090,24,inf_parietal,45,45,0.008164538358262112
2091,24,inf_parietal,45,99,0.013473454107973104
2092,24,inf_parietal,99,153,0.047355229754641445
2093,24,inf_parietal,99,207,-0.05643332688540361
2094,24,inf_parietal,99,45,-0.0023674365082734846
2095,24,inf_parietal,99,99,0.03493672263229225
2096,24,v5,153,153,0.0935874282199597
2097,24,v5,153,207,0.1297138899073712
2098,24,v5,153,45,-0.02006921823353968
2099,24,v5,153,99,-0.11822097438444243
2100,24,v5,207,153,-0.08182738977167636
2101,24,v5,207,207,0.02238446027139872
2102,24,v5,207,45,0.09792356889419705
2103,24,v5,207,99,-0.03959475292660934
2104,24,v5,45,153,-0.020883995116851715
2105,24,v5,45,207,-0.1918842955744448
2106,24,v5,45,45,-0.021514977661910684
2107,24,v5,45,99,0.18747322893147383
2108,24,v5,99,153,-0.05257198675238449
2109,24,v5,99,207,0.05579228934526934
2110,24,v5,99,45,-0.04471121090239133
2111,24,v5,99,99,0.02294938835211539
2112,25,premotor,153,153,0.01573203552729062
2113,25,premotor,153,207,0.019004768669563212
2114,25,premotor,153,45,-0.03644357084623087
2115,25,premotor,153,99,0.006350889210464682
2116,25,premotor,207,153,-0.04013067848180981
2117,25,premotor,207,207,0.04519356403309357
2118,25,premotor,207,45,0.03722570010914217
2119,25,premotor,207,99,-0.04674144298049505
2120,25,premotor,45,153,0.004247338624761983
2121,25,premotor,45,207,-0.010925008660340723
2122,25,premotor,45,45,-0.008343468142390467
2123,25,premotor,45,99,0.01195795962479347
2124,25,premotor,99,153,0.03236260463972984
2125,25,premotor,99,207,-0.05792946908070862
2126,25,premotor,99,45,0.007788085130083187
2127,25,premotor,99,99,0.021425528480338
2128,25,motor,153,153,-0.08040477211459016
2129,25,motor,153,207,0.003301995875633611
2130,25,motor,153,45,0.05397366414990283
2131,25,motor,153,99,0.030099472876432408
2132,25,motor,207,153,-0.06241298071605054
2133,25,motor,207,207,0.11793001309952544
2134,25,motor,207,45,-0.009771194590894022
2135,25,motor,207,99,-0.02616461999961671
2136,25,motor,45,153,0.07471550727303539
2137,25,motor,45,207,-0.0858324263685049
2138,25,motor,45,45,-0.07793952533729157
2139,25,motor,45,99,0.09161583430295417
2140,25,motor,99,153,0.036151191938593744
2141,25,motor,99,207,-0.034698753058096374
2142,25,motor,99,45,0.023452789790427003
2143,25,motor,99,99,-0.059254844003771866
2144,25,v1,153,153,0.04900189613184669
2145,25,v1,153,207,-0.021328929837259116
2146,25,v1,153,45,-0.003127522664761886
2147,25,v1,153,99,-0.032029998239075395
2148,25,v1,207,153,-0.03304988383938218
2149,25,v1,207,207,-0.08313991070235209
2150,25,v1,207,45,0.07607269692857782
2151,25,v1,207,99,0.04956255519568257
2152,25,v1,45,153,0.005544787272833054
2153,25,v1,45,207,0.056825072714192376
2154,25,v1,45,45,-0.0884810078023327
2155,25,v1,45,99,0.018462559137055228
2156,25,v1,99,153,-0.0032441357728321685
2157,25,v1,99,207,0.034859648362949316
2158,25,v1,99,45,0.005296599259700625
2159,25,v1,99,99,-0.034140787363904614
2160,25,sup_parietal,153,153,0.004380541159386131
2161,25,sup_parietal,153,207,-0.009214229834695088
2162,25,sup_parietal,153,45,-0.03340075285494454
2163,25,sup_parietal,153,99,0.023628443805151698
2164,25,sup_parietal,207,153,-0.008987340996991083
2165,25,sup_parietal,207,207,-0.02525081443676593
2166,25,sup_parietal,207,45,0.062386481515156265
2167,25,sup_parietal,207,99,0.023510246819553486
2168,25,sup_parietal,45,153,0.014626806654277532
2169,25,sup_parietal,45,207,0.06630606987456225
2170,25,sup_parietal,45,45,0.0017986786354141394
2171,25,sup_parietal,45,99,-0.0809331030075498
2172,25,sup_parietal,99,153,0.0002578436437661383
2173,25,sup_parietal,99,207,-0.026785323111408514
2174,25,sup_parietal,99,45,-0.031625527068141944
2175,25,sup_parietal,99,99,0.026042420868501948
2176,25,inf_parietal,153,153,-0.030388445813497606
2177,25,inf_parietal,153,207,-0.006623220922033874
2178,25,inf_parietal,153,45,-0.02362149748860847
2179,25,inf_parietal,153,99,0.03753833068766091
2180,25,inf_parietal,207,153,-0.016965392378769643
2181,25,inf_parietal,207,207,0.007854149595808053
2182,25,inf_parietal,207,45,0.05730499848564863
2183,25,inf_parietal,207,99,-0.026087335362541247
2184,25,inf_parietal,45,153,-0.009065503287409467
2185,25,inf_parietal,45,207,-0.02174649028003731
2186,25,inf_parietal,45,45,0.010862640299621782
2187,25,inf_parietal,45,99,0.023129443275719308
2188,25,inf_parietal,99,153,0.05459844128885635
2189,25,inf_parietal,99,207,0.025109718395688208
2190,25,inf_parietal,99,45,-0.03303191567323226
2191,25,inf_parietal,99,99,-0.04481456392179
2192,25,v5,153,153,-0.00520707415881097
2193,25,v5,153,207,-0.003997427612020807
2194,25,v5,153,45,0.018668014625441962
2195,25,v5,153,99,-0.016850602239838617
2196,25,v5,207,153,-0.0023561772976748788
2197,25,v5,207,207,-0.004287069169279621
2198,25,v5,207,45,-0.029960933737767377
2199,25,v5,207,99,0.08901208535011478
2200,25,v5,45,153,0.0059788204576114515
2201,25,v5,45,207,0.11763292422680506
2202,25,v5,45,45,-0.1021276126027548
2203,25,v5,45,99,0.01107564171325326
2204,25,v5,99,153,-0.041105187790009406
2205,25,v5,99,207,-0.02543369863285236
2206,25,v5,99,45,0.0803263923933055
2207,25,v5,99,99,-0.0670994071516437
2208,26,premotor,153,153,-0.000501351253676157
2209,26,premotor,153,207,-0.019898476444278942
2210,26,premotor,153,45,0.004676444428673387
2211,26,premotor,153,99,0.02633466289176223
2212,26,premotor,207,153,-0.004077218092433442
2213,26,premotor,207,207,0.0291464763219724
2214,26,premotor,207,45,0.017871436624084552
2215,26,premotor,207,99,-0.04119304305353375
2216,26,premotor,45,153,-0.007497400810352297
2217,26,premotor,45,207,-0.023351133019953656
2218,26,premotor,45,45,-0.00493286344105147
2219,26,premotor,45,99,0.030792019416692636
2220,26,premotor,99,153,0.0050224308851936576
2221,26,premotor,99,207,0.01002146027667451
2222,26,premotor,99,45,-0.014058165511192464
2223,26,premotor,99,99,-0.010999166606847797
2224,26,motor,153,153,-0.012783255578033146
2225,26,motor,153,207,-0.01913167444495894
2226,26,motor,153,45,0.025738294383499012
2227,26,motor,153,99,0.0014693423146131656
2228,26,motor,207,153,0.038490469028550536
2229,26,motor,207,207,0.01750142714198829
2230,26,motor,207,45,-0.012419006040727786
2231,26,motor,207,99,-0.0321503243477925
2232,26,motor,45,153,-0.045482486253861906
2233,26,motor,45,207,0.018417413705883845
2234,26,motor,45,45,0.029832415064118628
2235,26,motor,45,99,-0.012263198893710954
2236,26,motor,99,153,0.022086605789939984
2237,26,motor,99,207,-0.01671533542021886
2238,26,motor,99,45,-0.03655730137930764
2239,26,motor,99,99,0.03531447688501772
2240,26,v1,153,153,-0.12245124760251952
2241,26,v1,153,207,0.08019551340116438
2242,26,v1,153,45,0.008409262847242794
2243,26,v1,153,99,0.04149786308087962
2244,26,v1,207,153,0.005838439921031277
2245,26,v1,207,207,-0.17778269183079165
2246,26,v1,207,45,0.12252997450870565
2247,26,v1,207,99,0.05937355885304224
2248,26,v1,45,153,0.06255017950599316
2249,26,v1,45,207,0.03316458735520941
2250,26,v1,45,45,-0.24951433139919083
2251,26,v1,45,99,0.1295141358428227
2252,26,v1,99,153,0.05193232321377324
2253,26,v1,99,207,0.034999193742121376
2254,26,v1,99,45,0.11487552362883038
2255,26,v1,99,99,-0.20252693608432154
2256,26,sup_parietal,153,153,0.00674482105366599
2257,26,sup_parietal,153,207,0.06972814080264472
2258,26,sup_parietal,153,45,-0.0822228438277338
2259,26,sup_parietal,153,99,-0.007145682561322912
2260,26,sup_parietal,207,153,-0.0022312534997169014
2261,26,sup_parietal,207,207,0.01948122138965435
2262,26,sup_parietal,207,45,0.03085629501637189
2263,26,sup_parietal,207,99,-0.010979080523461448
2264,26,sup_parietal,45,153,0.00325016097807662
2265,26,sup_parietal,45,207,-0.08302659694625752
2266,26,sup_parietal,45,45,0.037711958471986856
2267,26,sup_parietal,45,99,0.02949320276986024
2268,26,sup_parietal,99,153,0.002972074885591933
2269,26,sup_parietal,99,207,-0.002819470383245839
2270,26,sup_parietal,99,45,-0.028492695716993144
2271,26,sup_parietal,99,99,-0.003830955025436034
2272,26,inf_parietal,153,153,0.03661190655643745
2273,26,inf_parietal,153,207,-0.026172797778954225
2274,26,inf_parietal,153,45,-0.03800395626352368
2275,26,inf_parietal,153,99,0.022157266783528466
2276,26,inf_parietal,207,153,0.004230723757586914
2277,26,inf_parietal,207,207,0.01995148936021352
2278,26,inf_parietal,207,45,0.022886960036485014
2279,26,inf_parietal,207,99,-0.021689111662040426
2280,26,inf_parietal,45,153,0.001116224355738802
2281,26,inf_parietal,45,207,-0.03198083313310702
2282,26,inf_parietal,45,45,0.029989774865396664
2283,26,inf_parietal,45,99,0.0006578911220700701
2284,26,inf_parietal,99,153,-0.031208521124802536
2285,26,inf_parietal,99,207,0.04454516207888744
2286,26,inf_parietal,99,45,-0.009814966422816124
2287,26,inf_parietal,99,99,-0.01973664035418746
2288,26,v5,153,153,0.04125184328061249
2289,26,v5,153,207,-0.028024084888111256
2290,26,v5,153,45,0.006143476431898623
2291,26,v5,153,99,-0.06647506413045078
2292,26,v5,207,153,-0.035443319836606674
2293,26,v5,207,207,0.1884057902550442
2294,26,v5,207,45,-0.01705154421423852
2295,26,v5,207,99,-0.017570317866560103
2296,26,v5,45,153,-0.01744229446757342
2297,26,v5,45,207,-0.0672539391844993
2298,26,v5,45,45,0.013442861865305099
2299,26,v5,45,99,0.06717872798431297
2300,26,v5,99,153,0.029895409265204655
2301,26,v5,99,207,-0.09452967865007125
2302,26,v5,99,45,0.016293452261870695
2303,26,v5,99,99,-0.0399706963169878
