,Participants,Masks,Straight Direction,Rotate Direction,Correlation
0,01,premotor,153,153,0.008730595727570671
1,01,premotor,153,207,-0.009447473344932632
2,01,premotor,153,45,0.003440546202686685
3,01,premotor,153,99,-0.010937338737817846
4,01,premotor,207,153,0.004171274331302557
5,01,premotor,207,207,0.016062985797940747
6,01,premotor,207,45,-0.015513603406338419
7,01,premotor,207,99,-0.015779513304379468
8,01,premotor,45,153,-0.006019207885264666
9,01,premotor,45,207,-0.012727295745259989
10,01,premotor,45,45,0.002425457747069603
11,01,premotor,45,99,0.02105868376548209
12,01,premotor,99,153,-0.01527163836712231
13,01,premotor,99,207,-0.003013527002196986
14,01,premotor,99,45,0.016678774484104576
15,01,premotor,99,99,0.013243509896011661
16,01,motor,153,153,0.03072242180112831
17,01,motor,153,207,0.004443664250586978
18,01,motor,153,45,-0.04020246237415187
19,01,motor,153,99,0.00774593022542837
20,01,motor,207,153,-0.03916365099602151
21,01,motor,207,207,-0.03653754901974387
22,01,motor,207,45,0.062275589443847715
23,01,motor,207,99,0.0075687458122926845
24,01,motor,45,153,-0.012898644785294072
25,01,motor,45,207,0.00956359468693219
26,01,motor,45,45,-0.014339700312254388
27,01,motor,45,99,0.019857814106414934
28,01,motor,99,153,0.04345247708994627
29,01,motor,99,207,0.021136821399479346
30,01,motor,99,45,-0.03639825124573445
31,01,motor,99,99,-0.03503414760640098
32,01,v1,153,153,-0.046314933721228684
33,01,v1,153,207,0.018547215969147088
34,01,v1,153,45,0.04337758772417842
35,01,v1,153,99,-0.02457077036917905
36,01,v1,207,153,0.030027547694181755
37,01,v1,207,207,-0.01687942217609873
38,01,v1,207,45,-0.021164307861572557
39,01,v1,207,99,0.031287311719920385
40,01,v1,45,153,-0.00045555098288671894
41,01,v1,45,207,-0.0003048855442567451
42,01,v1,45,45,-0.04000495128098537
43,01,v1,45,99,0.03700961041842235
44,01,v1,99,153,0.030640787249482205
45,01,v1,99,207,-0.0020834876380121
46,01,v1,99,45,0.0012117353515486116
47,01,v1,99,99,-0.037032409042537115
48,01,sup_parietal,153,153,0.0315501689323997
49,01,sup_parietal,153,207,-0.055075065686606695
50,01,sup_parietal,153,45,-0.0011032045973074708
51,01,sup_parietal,153,99,0.012437648193350262
52,01,sup_parietal,207,153,-0.030497921531474827
53,01,sup_parietal,207,207,-0.015076655873409407
54,01,sup_parietal,207,45,-0.0426983616599729
55,01,sup_parietal,207,99,0.08359579284671578
56,01,sup_parietal,45,153,-0.007034238198086483
57,01,sup_parietal,45,207,-0.05247916916965149
58,01,sup_parietal,45,45,0.043202655387581876
59,01,sup_parietal,45,99,0.037750646992955564
60,01,sup_parietal,99,153,-0.010020084022725232
61,01,sup_parietal,99,207,0.1577652957000435
62,01,sup_parietal,99,45,-0.013053694761023821
63,01,sup_parietal,99,99,-0.15174580290446077
64,01,inf_parietal,153,153,0.02501228386896847
65,01,inf_parietal,153,207,-0.015541417904300267
66,01,inf_parietal,153,45,-0.002974330511587751
67,01,inf_parietal,153,99,-0.00925846747434281
68,01,inf_parietal,207,153,-0.0055082286994516325
69,01,inf_parietal,207,207,-0.008392674394427275
70,01,inf_parietal,207,45,0.013381119879275403
71,01,inf_parietal,207,99,0.0037980089828703037
72,01,inf_parietal,45,153,0.022830464208949935
73,01,inf_parietal,45,207,-0.021300889144784955
74,01,inf_parietal,45,45,0.014114144380095003
75,01,inf_parietal,45,99,-0.019826417033723346
76,01,inf_parietal,99,153,-0.08249432759296703
77,01,inf_parietal,99,207,0.06803859624410169
78,01,inf_parietal,99,45,0.0035967484552605344
79,01,inf_parietal,99,99,0.03150209157047834
80,01,v5,153,153,-0.09463381837093549
81,01,v5,153,207,-0.016420970613897544
82,01,v5,153,45,0.11209396560862324
83,01,v5,153,99,-0.09157964068869255
84,01,v5,207,153,0.040710591069293686
85,01,v5,207,207,0.04713055006377051
86,01,v5,207,45,-0.09181835191275292
87,01,v5,207,99,0.09468786267537252
88,01,v5,45,153,-0.03440793143874328
89,01,v5,45,207,0.05024263875383325
90,01,v5,45,45,-0.018913639058085626
91,01,v5,45,99,-0.013168865469795607
92,01,v5,99,153,0.02601823363478959
93,01,v5,99,207,-0.14961356925472563
94,01,v5,99,45,0.05626370211796733
95,01,v5,99,99,0.07464763409422973
96,02,premotor,153,153,0.005632801493355365
97,02,premotor,153,207,-0.05351685494799234
98,02,premotor,153,45,0.023570006173491167
99,02,premotor,153,99,0.020150141098259466
100,02,premotor,207,153,0.04341938480440373
101,02,premotor,207,207,0.03130508459392604
102,02,premotor,207,45,-0.008958473697229104
103,02,premotor,207,99,-0.06296508221713316
104,02,premotor,45,153,-0.019505719006750088
105,02,premotor,45,207,0.08648600961219988
106,02,premotor,45,45,-0.06011774837642918
107,02,premotor,45,99,-0.01125940408631829
108,02,premotor,99,153,-0.03453020048894626
109,02,premotor,99,207,-0.05525467611116694
110,02,premotor,99,45,0.048345499251006514
111,02,premotor,99,99,0.044071449499482065
112,02,motor,153,153,0.04084673652176586
113,02,motor,153,207,-0.07256079206655505
114,02,motor,153,45,0.04068818502646454
115,02,motor,153,99,-0.02772909637692309
116,02,motor,207,153,0.004470818586881107
117,02,motor,207,207,0.04174867312062462
118,02,motor,207,45,-0.030301970349928285
119,02,motor,207,99,-0.006482788167902227
120,02,motor,45,153,0.024902898502070024
121,02,motor,45,207,0.07568642505516725
122,02,motor,45,45,-0.07822395931704221
123,02,motor,45,99,-0.024978851247572993
124,02,motor,99,153,-0.07313072651950675
125,02,motor,99,207,-0.05399228089208785
126,02,motor,99,45,0.040769368559257224
127,02,motor,99,99,0.08322514887804361
128,02,v1,153,153,-0.08296246848130984
129,02,v1,153,207,-0.01560617401054101
130,02,v1,153,45,0.07247997171339646
131,02,v1,153,99,0.01899043078712439
132,02,v1,207,153,0.07736788484472709
133,02,v1,207,207,-0.05407378732065446
134,02,v1,207,45,-0.04304286964794701
135,02,v1,207,99,0.0372787735851964
136,02,v1,45,153,0.034261122697205326
137,02,v1,45,207,0.07810358617699106
138,02,v1,45,45,-0.03476391543016917
139,02,v1,45,99,-0.077634791204681
140,02,v1,99,153,-0.03612721009526208
141,02,v1,99,207,0.008240125400106258
142,02,v1,99,45,-0.0034944056265056103
143,02,v1,99,99,0.026069566105197263
144,02,sup_parietal,153,153,-0.002561078307989151
145,02,sup_parietal,153,207,-0.05443457686288959
146,02,sup_parietal,153,45,0.0745209033898841
147,02,sup_parietal,153,99,0.006158498333643524
148,02,sup_parietal,207,153,0.02267015396459921
149,02,sup_parietal,207,207,0.013951355943678922
150,02,sup_parietal,207,45,-0.09420870721678967
151,02,sup_parietal,207,99,0.050626050575681036
152,02,sup_parietal,45,153,-0.004724150524481059
153,02,sup_parietal,45,207,0.03846959355363394
154,02,sup_parietal,45,45,1.5565072480338074e-05
155,02,sup_parietal,45,99,-0.04193347750780512
156,02,sup_parietal,99,153,-0.00876296985264208
157,02,sup_parietal,99,207,0.018552591674869223
158,02,sup_parietal,99,45,0.0009115126654525296
159,02,sup_parietal,99,99,-0.028896109035755804
160,02,inf_parietal,153,153,-0.017899695560797256
161,02,inf_parietal,153,207,-0.008464964737475579
162,02,inf_parietal,153,45,-0.011235531677497107
163,02,inf_parietal,153,99,0.019163756876579258
164,02,inf_parietal,207,153,0.09315291426827123
165,02,inf_parietal,207,207,0.016878176372200092
166,02,inf_parietal,207,45,-0.013236565488943888
167,02,inf_parietal,207,99,-0.09594257657265509
168,02,inf_parietal,45,153,-0.03216370866006982
169,02,inf_parietal,45,207,0.03676912324666845
170,02,inf_parietal,45,45,-0.0596032487196943
171,02,inf_parietal,45,99,0.06875113648435355
172,02,inf_parietal,99,153,-0.029354829589652305
173,02,inf_parietal,99,207,-0.028829141251488978
174,02,inf_parietal,99,45,0.06356302834390799
175,02,inf_parietal,99,99,-0.01048994804589789
176,02,v5,153,153,-0.0802079640655876
177,02,v5,153,207,-0.06924652174499489
178,02,v5,153,45,-0.005859602166748253
179,02,v5,153,99,0.14415728844933084
180,02,v5,207,153,0.07742663035735754
181,02,v5,207,207,-0.08535713742599105
182,02,v5,207,45,-0.02360704601534281
183,02,v5,207,99,-0.030682338728670853
184,02,v5,45,153,0.0896484080593522
185,02,v5,45,207,0.1457747012221629
186,02,v5,45,45,-0.08882587697254425
187,02,v5,45,99,-0.07330591874569692
188,02,v5,99,153,-0.12229884289842788
189,02,v5,99,207,0.06439828670097436
190,02,v5,99,45,0.14199637433883466
191,02,v5,99,99,-0.0723168186746251
192,03,premotor,153,153,0.0004885456777159614
193,03,premotor,153,207,-0.025843030951409107
194,03,premotor,153,45,0.028432817994821787
195,03,premotor,153,99,0.0017928347754246308
196,03,premotor,207,153,0.023869505821479196
197,03,premotor,207,207,-0.02845105290213367
198,03,premotor,207,45,-0.01817672057501311
199,03,premotor,207,99,0.021801718366848785
200,03,premotor,45,153,0.017024121269075758
201,03,premotor,45,207,0.041536033857638995
202,03,premotor,45,45,-0.01345530838630092
203,03,premotor,45,99,-0.061944892337421543
204,03,premotor,99,153,-0.028823816692461434
205,03,premotor,99,207,0.01954667237728229
206,03,premotor,99,45,0.004028790899048985
207,03,premotor,99,99,0.013320642305847919
208,03,motor,153,153,0.08473453265928034
209,03,motor,153,207,-0.06872856859132903
210,03,motor,153,45,-0.02419609979427687
211,03,motor,153,99,0.015920653038793094
212,03,motor,207,153,-0.02024685055243207
213,03,motor,207,207,0.026751119205276442
214,03,motor,207,45,0.02200683359741211
215,03,motor,207,99,-0.0522776294398571
216,03,motor,45,153,-0.02588481451543236
217,03,motor,45,207,0.056938081693658237
218,03,motor,45,45,0.016145266916001797
219,03,motor,45,99,-0.060045519918125526
220,03,motor,99,153,-0.02893367690453559
221,03,motor,99,207,-0.019257027050554744
222,03,motor,99,45,-0.011943902383160065
223,03,motor,99,99,0.08307221889771478
224,03,v1,153,153,-0.0897076637427339
225,03,v1,153,207,0.04128734725032042
226,03,v1,153,45,0.02464527419053555
227,03,v1,153,99,0.042834049547644616
228,03,v1,207,153,0.002726454634853928
229,03,v1,207,207,-0.03524878885237438
230,03,v1,207,45,-0.009546884466123659
231,03,v1,207,99,0.042798344099812646
232,03,v1,45,153,0.06420477772199237
233,03,v1,45,207,0.021404787522255057
234,03,v1,45,45,-0.08269696091714449
235,03,v1,45,99,-0.01678691994197517
236,03,v1,99,153,0.014763917865314405
237,03,v1,99,207,-0.021498106450790522
238,03,v1,99,45,0.07259475654268382
239,03,v1,99,99,-0.07063604889370043
240,03,sup_parietal,153,153,-0.08205984064777119
241,03,sup_parietal,153,207,0.012066594266143205
242,03,sup_parietal,153,45,0.14924330654382606
243,03,sup_parietal,153,99,-0.11043513434198199
244,03,sup_parietal,207,153,-0.06972499600252306
245,03,sup_parietal,207,207,0.02919603506129919
246,03,sup_parietal,207,45,0.020794794264806613
247,03,sup_parietal,207,99,0.03181487446091869
248,03,sup_parietal,45,153,0.09480575676347458
249,03,sup_parietal,45,207,-0.026170172099115017
250,03,sup_parietal,45,45,-0.0963817983488228
251,03,sup_parietal,45,99,0.022909163569537296
252,03,sup_parietal,99,153,0.05830202697949921
253,03,sup_parietal,99,207,0.019275966158255078
254,03,sup_parietal,99,45,-0.07459695622775152
255,03,sup_parietal,99,99,0.012873530356715044
256,03,inf_parietal,153,153,0.05507429954177263
257,03,inf_parietal,153,207,-0.01784595357866995
258,03,inf_parietal,153,45,-0.02888437707773156
259,03,inf_parietal,153,99,0.014920948802385488
260,03,inf_parietal,207,153,-0.030076391366191335
261,03,inf_parietal,207,207,0.06167765520842751
262,03,inf_parietal,207,45,0.01165487326505508
263,03,inf_parietal,207,99,-0.05140021319273191
264,03,inf_parietal,45,153,-0.06610633841383526
265,03,inf_parietal,45,207,0.034069984297934015
266,03,inf_parietal,45,45,0.009566504338884231
267,03,inf_parietal,45,99,-0.010118780554779981
268,03,inf_parietal,99,153,0.05125856400190432
269,03,inf_parietal,99,207,-0.04731243414138482
270,03,inf_parietal,99,45,-0.019601399504593876
271,03,inf_parietal,99,99,0.017259707037839415
272,03,v5,153,153,-0.1067299093355414
273,03,v5,153,207,-0.013617028208395453
274,03,v5,153,45,0.1238778629259523
275,03,v5,153,99,0.03035588131418864
276,03,v5,207,153,0.02215130154924215
277,03,v5,207,207,0.01722101265475908
278,03,v5,207,45,-0.12779682492822
279,03,v5,207,99,0.042604352377385794
280,03,v5,45,153,0.035643411036456775
281,03,v5,45,207,0.06533241633413409
282,03,v5,45,45,-0.12886801713639334
283,03,v5,45,99,0.027003730206562476
284,03,v5,99,153,-0.017582033828371722
285,03,v5,99,207,-0.007461950434584155
286,03,v5,99,45,0.07951186346269004
287,03,v5,99,99,-0.017183474649021376
288,04,premotor,153,153,0.012804562286954516
289,04,premotor,153,207,-0.026173718439866628
290,04,premotor,153,45,0.0027711728491782136
291,04,premotor,153,99,0.024479442173394452
292,04,premotor,207,153,0.013442430795167973
293,04,premotor,207,207,0.00437387976726351
294,04,premotor,207,45,-0.020409347147078885
295,04,premotor,207,99,0.0018321282138262524
296,04,premotor,45,153,0.0066459203462528
297,04,premotor,45,207,0.024761372529008438
298,04,premotor,45,45,-0.03530800396749584
299,04,premotor,45,99,0.0029042436880751506
300,04,premotor,99,153,-0.0328226260342734
301,04,premotor,99,207,0.004234132649342976
302,04,premotor,99,45,0.04512345228462691
303,04,premotor,99,99,-0.02402309863544674
304,04,motor,153,153,0.010747845638232847
305,04,motor,153,207,-0.006423388551296344
306,04,motor,153,45,-0.03431037972121463
307,04,motor,153,99,0.03809557179999031
308,04,motor,207,153,-0.00909246624799536
309,04,motor,207,207,0.09201688421574794
310,04,motor,207,45,-0.008913211376375975
311,04,motor,207,99,-0.06370489117120262
312,04,motor,45,153,-0.012296799087714978
313,04,motor,45,207,-0.022622531740773257
314,04,motor,45,45,-0.00792581776288366
315,04,motor,45,99,0.030753592298452558
316,04,motor,99,153,0.02403959952482737
317,04,motor,99,207,-0.0643481472621529
318,04,motor,99,45,0.04808260492863589
319,04,motor,99,99,-0.01003374090611565
320,04,v1,153,153,-0.049789963709360306
321,04,v1,153,207,-0.027679794497600385
322,04,v1,153,45,0.0399493725227351
323,04,v1,153,99,0.036838804588794724
324,04,v1,207,153,0.04093530655736503
325,04,v1,207,207,-0.11390563405115786
326,04,v1,207,45,0.04426493778499568
327,04,v1,207,99,0.02655279560000091
328,04,v1,45,153,0.046622794923752896
329,04,v1,45,207,0.11660225858852688
330,04,v1,45,45,-0.13195838707272325
331,04,v1,45,99,-0.017793462439566136
332,04,v1,99,153,-0.032975571918137554
333,04,v1,99,207,0.047176862874967675
334,04,v1,99,45,0.042963187414988585
335,04,v1,99,99,-0.06534214130464322
336,04,sup_parietal,153,153,0.020653557227128104
337,04,sup_parietal,153,207,-0.04045431479759115
338,04,sup_parietal,153,45,0.05820152102814691
339,04,sup_parietal,153,99,-0.0729347340127895
340,04,sup_parietal,207,153,0.025285110930594205
341,04,sup_parietal,207,207,0.019181954993129892
342,04,sup_parietal,207,45,-0.06198712814549627
343,04,sup_parietal,207,99,0.05164475958960768
344,04,sup_parietal,45,153,-0.032186268433027486
345,04,sup_parietal,45,207,0.03958706580610405
346,04,sup_parietal,45,45,-0.0030064997077448967
347,04,sup_parietal,45,99,0.0036548790544296116
348,04,sup_parietal,99,153,-0.015105153112629235
349,04,sup_parietal,99,207,0.005677198676724716
350,04,sup_parietal,99,45,-0.007975189177765749
351,04,sup_parietal,99,99,0.023273148961831375
352,04,inf_parietal,153,153,0.1219562957965159
353,04,inf_parietal,153,207,-0.005413884649198456
354,04,inf_parietal,153,45,-0.015362530670589163
355,04,inf_parietal,153,99,-0.09315195264593491
356,04,inf_parietal,207,153,0.03975914315817035
357,04,inf_parietal,207,207,0.026968486247628105
358,04,inf_parietal,207,45,-0.08062178736863454
359,04,inf_parietal,207,99,0.010259874226169734
360,04,inf_parietal,45,153,-0.046555460655488476
361,04,inf_parietal,45,207,0.048335720419646594
362,04,inf_parietal,45,45,0.04029973285511593
363,04,inf_parietal,45,99,-0.01307728063467289
364,04,inf_parietal,99,153,-0.13298174327263068
365,04,inf_parietal,99,207,-0.05533634301084188
366,04,inf_parietal,99,45,0.07761200162802975
367,04,inf_parietal,99,99,0.07649775988056484
368,04,v5,153,153,-0.004340810978013608
369,04,v5,153,207,-0.09172595536454617
370,04,v5,153,45,-0.14474766554051344
371,04,v5,153,99,0.2072252429637318
372,04,v5,207,153,0.172159889597555
373,04,v5,207,207,0.07268477895109055
374,04,v5,207,45,-0.04852790506604229
375,04,v5,207,99,-0.16436738433614612
376,04,v5,45,153,-0.08985344186320077
377,04,v5,45,207,0.14100144257806646
378,04,v5,45,45,-0.06828125492763942
379,04,v5,45,99,0.020074468947032652
380,04,v5,99,153,-0.12111766921024332
381,04,v5,99,207,-0.044599023337762014
382,04,v5,99,45,0.22534171871407366
383,04,v5,99,99,-0.07027449467624697
384,05,premotor,153,153,0.006945136900247294
385,05,premotor,153,207,-0.06278112645039212
386,05,premotor,153,45,0.0029391324451365
387,05,premotor,153,99,0.0415586169995341
388,05,premotor,207,153,-0.030507897655983045
389,05,premotor,207,207,0.07164714671976546
390,05,premotor,207,45,0.00999543900121911
391,05,premotor,207,99,-0.03224224559712703
392,05,premotor,45,153,-0.004067834273794143
393,05,premotor,45,207,0.009459728814203098
394,05,premotor,45,45,0.020290810443904163
395,05,premotor,45,99,-0.030168159687595793
396,05,premotor,99,153,0.01954416507619449
397,05,premotor,99,207,-0.002847930756137833
398,05,premotor,99,45,-0.04629315752904473
399,05,premotor,99,99,0.033823330409703714
400,05,motor,153,153,0.05457124767064653
401,05,motor,153,207,-0.04435910607740408
402,05,motor,153,45,0.02995647806783158
403,05,motor,153,99,-0.0428809427128925
404,05,motor,207,153,-0.01715803400319893
405,05,motor,207,207,0.07328706100724391
406,05,motor,207,45,-0.022797361697607953
407,05,motor,207,99,-0.045104054736048074
408,05,motor,45,153,-0.0021467092453965816
409,05,motor,45,207,-0.040808365426285194
410,05,motor,45,45,0.020448918042208143
411,05,motor,45,99,0.02602689989864229
412,05,motor,99,153,-0.009218414737226625
413,05,motor,99,207,0.0009013285439453626
414,05,motor,99,45,-0.06664208251463218
415,05,motor,99,99,0.07490434385857539
416,05,v1,153,153,0.017163759378913707
417,05,v1,153,207,-0.08026288056069092
418,05,v1,153,45,0.011266976958340402
419,05,v1,153,99,0.0547701701541887
420,05,v1,207,153,0.05449489785374945
421,05,v1,207,207,-0.14905305251140677
422,05,v1,207,45,0.11671687786753855
423,05,v1,207,99,-0.04924285162133384
424,05,v1,45,153,0.046432433610213486
425,05,v1,45,207,0.1835356862376048
426,05,v1,45,45,-0.1713345398984941
427,05,v1,45,99,-0.07594378475264571
428,05,v1,99,153,-0.19351628045083788
429,05,v1,99,207,0.07912287752027841
430,05,v1,99,45,0.04785915277765665
431,05,v1,99,99,0.08425162339411141
432,05,sup_parietal,153,153,0.06664466213705009
433,05,sup_parietal,153,207,-0.11880179839687394
434,05,sup_parietal,153,45,0.01895209512879417
435,05,sup_parietal,153,99,0.019238303891270084
436,05,sup_parietal,207,153,-0.042337645932371465
437,05,sup_parietal,207,207,-0.006421831495741291
438,05,sup_parietal,207,45,-0.034531712954064195
439,05,sup_parietal,207,99,0.033909046961799916
440,05,sup_parietal,45,153,-0.024392469871174067
441,05,sup_parietal,45,207,0.0821160651396573
442,05,sup_parietal,45,45,0.02275283958738141
443,05,sup_parietal,45,99,-0.04941754752113081
444,05,sup_parietal,99,153,0.003753443197719291
445,05,sup_parietal,99,207,0.0031692970941199026
446,05,sup_parietal,99,45,0.0019095422494826465
447,05,sup_parietal,99,99,-0.0005578097192368483
448,05,inf_parietal,153,153,0.01311869680518254
449,05,inf_parietal,153,207,-0.030929765796067234
450,05,inf_parietal,153,45,0.016841640656617803
451,05,inf_parietal,153,99,-0.031223171339853865
452,05,inf_parietal,207,153,0.022555351552092782
453,05,inf_parietal,207,207,-0.03705945866819653
454,05,inf_parietal,207,45,-0.008452587983253202
455,05,inf_parietal,207,99,0.0315009323116806
456,05,inf_parietal,45,153,-0.01729680073937375
457,05,inf_parietal,45,207,0.06755885605039844
458,05,inf_parietal,45,45,0.0027896976850303188
459,05,inf_parietal,45,99,-0.048489712481393776
460,05,inf_parietal,99,153,-0.010562067591835568
461,05,inf_parietal,99,207,-0.004325978497507491
462,05,inf_parietal,99,45,-0.0042137147283154
463,05,inf_parietal,99,99,0.03590377781963748
464,05,v5,153,153,-0.04823857417770713
465,05,v5,153,207,0.031362204062929104
466,05,v5,153,45,0.07195946055044806
467,05,v5,153,99,-0.02286773323896725
468,05,v5,207,153,0.0057634645384794445
469,05,v5,207,207,0.07299761984982481
470,05,v5,207,45,-0.08662078025979406
471,05,v5,207,99,0.021856757149300944
472,05,v5,45,153,0.08947357562694458
473,05,v5,45,207,-0.16007557585277152
474,05,v5,45,45,0.14537311335369574
475,05,v5,45,99,-0.07882464000562825
476,05,v5,99,153,-0.06798151676448494
477,05,v5,99,207,0.11010815005126036
478,05,v5,99,45,-0.08893749435134186
479,05,v5,99,99,0.043312315795175735
480,06,premotor,153,153,0.024132713046933978
481,06,premotor,153,207,-0.01607396940230297
482,06,premotor,153,45,-0.02136860812670044
483,06,premotor,153,99,-0.004211501640748474
484,06,premotor,207,153,-0.021391861115353038
485,06,premotor,207,207,0.006804323334998181
486,06,premotor,207,45,-0.008758221529999206
487,06,premotor,207,99,0.033183760753854145
488,06,premotor,45,153,-0.0190448692599232
489,06,premotor,45,207,0.03408066681646213
490,06,premotor,45,45,-0.000181367034840162
491,06,premotor,45,99,-0.014862880267898667
492,06,premotor,99,153,0.017926755274065613
493,06,premotor,99,207,-0.034283823943717553
494,06,premotor,99,45,0.026965399193073857
495,06,premotor,99,99,-0.009675063946972347
496,06,motor,153,153,-0.016948591508813594
497,06,motor,153,207,-0.02892120137317642
498,06,motor,153,45,0.03185658686752628
499,06,motor,153,99,0.02159996816711929
500,06,motor,207,153,-0.058684462486701686
501,06,motor,207,207,0.06544430065422147
502,06,motor,207,45,-0.01312881044343319
503,06,motor,207,99,0.017315561499353264
504,06,motor,45,153,0.09062935945790779
505,06,motor,45,207,-0.002499903623358151
506,06,motor,45,45,-0.04670924413813268
507,06,motor,45,99,-0.018969811977152314
508,06,motor,99,153,-0.0065702144376419205
509,06,motor,99,207,-0.010079208976789353
510,06,motor,99,45,0.030241563548331653
511,06,motor,99,99,-0.04425140116327214
512,06,v1,153,153,-0.04151784829681908
513,06,v1,153,207,-0.05583289280300944
514,06,v1,153,45,0.04396010541711394
515,06,v1,153,99,0.04696789443495782
516,06,v1,207,153,0.0008490667116855906
517,06,v1,207,207,-0.018470726671350687
518,06,v1,207,45,-0.007533767998930657
519,06,v1,207,99,0.04566148048705862
520,06,v1,45,153,0.01282175095808144
521,06,v1,45,207,0.10579576255918263
522,06,v1,45,45,-0.0661406067715815
523,06,v1,45,99,-0.03493193194797378
524,06,v1,99,153,0.022375163828540826
525,06,v1,99,207,-0.008671273354354974
526,06,v1,99,45,0.029750106133757705
527,06,v1,99,99,-0.06193758695940536
528,06,sup_parietal,153,153,-0.04575169556961832
529,06,sup_parietal,153,207,0.025820424837736944
530,06,sup_parietal,153,45,-0.0345273012401168
531,06,sup_parietal,153,99,0.0047527715021366684
532,06,sup_parietal,207,153,-0.10116867880631339
533,06,sup_parietal,207,207,0.13013374484908152
534,06,sup_parietal,207,45,0.033957889036503285
535,06,sup_parietal,207,99,-0.06528718635972498
536,06,sup_parietal,45,153,0.08450842651203978
537,06,sup_parietal,45,207,0.02632076803052015
538,06,sup_parietal,45,45,-0.05893849357875229
539,06,sup_parietal,45,99,-0.08470632818469194
540,06,sup_parietal,99,153,0.049508465905860465
541,06,sup_parietal,99,207,-0.1251681954175261
542,06,sup_parietal,99,45,0.06882780154269441
543,06,sup_parietal,99,99,0.06716597438337824
544,06,inf_parietal,153,153,0.02003573436246999
545,06,inf_parietal,153,207,-0.059089962813327165
546,06,inf_parietal,153,45,0.026464177776070873
547,06,inf_parietal,153,99,0.016074574680080618
548,06,inf_parietal,207,153,0.010707620476059186
549,06,inf_parietal,207,207,0.06658588686158078
550,06,inf_parietal,207,45,-0.03154084575093747
551,06,inf_parietal,207,99,-0.014831770901706256
552,06,inf_parietal,45,153,0.02177503265137739
553,06,inf_parietal,45,207,-0.012960395385412486
554,06,inf_parietal,45,45,-0.04895006597248634
555,06,inf_parietal,45,99,0.036351802647208505
556,06,inf_parietal,99,153,-0.02418825841860978
557,06,inf_parietal,99,207,-0.017129835213238458
558,06,inf_parietal,99,45,0.04559063033193049
559,06,inf_parietal,99,99,-0.02751513827502383
560,06,v5,153,153,0.1600987202382974
561,06,v5,153,207,0.014651878369747746
562,06,v5,153,45,-0.1486573271062634
563,06,v5,153,99,0.009147793123406751
564,06,v5,207,153,0.08885642219055087
565,06,v5,207,207,0.0301605585882714
566,06,v5,207,45,-0.013925397341476901
567,06,v5,207,99,-0.028508751994815427
568,06,v5,45,153,-0.1783870622930616
569,06,v5,45,207,0.034290730650996644
570,06,v5,45,45,0.07670970303713662
571,06,v5,45,99,-0.029196867995503153
572,06,v5,99,153,-0.08596328172802996
573,06,v5,99,207,0.04651899068308789
574,06,v5,99,45,-0.08265164193923696
575,06,v5,99,99,0.1257158139279808
576,07,premotor,153,153,0.00932633937308211
577,07,premotor,153,207,-0.024325202416960044
578,07,premotor,153,45,-0.002239356104529725
579,07,premotor,153,99,0.012305160829409157
580,07,premotor,207,153,0.023258664559216102
581,07,premotor,207,207,0.0008651039937568362
582,07,premotor,207,45,-0.03217028358545051
583,07,premotor,207,99,0.01605238613494373
584,07,premotor,45,153,0.005580101574560184
585,07,premotor,45,207,-0.011036796385630791
586,07,premotor,45,45,0.023472915908127494
587,07,premotor,45,99,-0.018788715437283533
588,07,premotor,99,153,-0.05010714998072892
589,07,premotor,99,207,0.04961043475863982
590,07,premotor,99,45,0.004585379955191763
591,07,premotor,99,99,-0.008447117125007262
592,07,motor,153,153,-0.029934493840873357
593,07,motor,153,207,0.025047972615372185
594,07,motor,153,45,-0.051065976279031304
595,07,motor,153,99,0.04571505279361443
596,07,motor,207,153,0.08124805149820657
597,07,motor,207,207,-0.04105365515816174
598,07,motor,207,45,-0.027557461878833622
599,07,motor,207,99,-0.0066573275279858445
600,07,motor,45,153,-0.031335804844652905
601,07,motor,45,207,-0.01801686935632909
602,07,motor,45,45,0.031060381622446096
603,07,motor,45,99,0.02784090556048537
604,07,motor,99,153,-0.0019245247042928276
605,07,motor,99,207,0.015337206719722014
606,07,motor,99,45,0.0253515774615723
607,07,motor,99,99,-0.041286511750027184
608,07,v1,153,153,-0.04246881409693523
609,07,v1,153,207,0.01778868428511371
610,07,v1,153,45,-0.04113156843290702
611,07,v1,153,99,0.05405741763806207
612,07,v1,207,153,0.050496687989881356
613,07,v1,207,207,-0.06751654762638633
614,07,v1,207,45,-0.003471021459708159
615,07,v1,207,99,0.018664439813825477
616,07,v1,45,153,0.008777334830086473
617,07,v1,45,207,-0.00777088116635357
618,07,v1,45,45,-0.0069540187415220766
619,07,v1,45,99,0.016167070507173007
620,07,v1,99,153,-0.002258604514166658
621,07,v1,99,207,0.07318983774340124
622,07,v1,99,45,0.04541538284880351
623,07,v1,99,99,-0.10779209314698018
624,07,sup_parietal,153,153,-0.010011087960630247
625,07,sup_parietal,153,207,0.031054310775170894
626,07,sup_parietal,153,45,-0.005200697501508134
627,07,sup_parietal,153,99,-0.01956849837998031
628,07,sup_parietal,207,153,0.03508239289842399
629,07,sup_parietal,207,207,-0.020722444032372035
630,07,sup_parietal,207,45,-0.09291077813973675
631,07,sup_parietal,207,99,0.04642537594241737
632,07,sup_parietal,45,153,0.015208816688405388
633,07,sup_parietal,45,207,-0.0003063499122724217
634,07,sup_parietal,45,45,-0.02818627255097274
635,07,sup_parietal,45,99,0.02641200352712443
636,07,sup_parietal,99,153,-0.0057922347552265075
637,07,sup_parietal,99,207,-0.05188958141655547
638,07,sup_parietal,99,45,0.10922634653641818
639,07,sup_parietal,99,99,-0.00870053024908304
640,07,inf_parietal,153,153,0.04804513986022532
641,07,inf_parietal,153,207,0.014288702922512102
642,07,inf_parietal,153,45,-0.06072547334570041
643,07,inf_parietal,153,99,-0.004943138061251864
644,07,inf_parietal,207,153,0.014227240397885688
645,07,inf_parietal,207,207,-0.03542057845279487
646,07,inf_parietal,207,45,0.012266016825039435
647,07,inf_parietal,207,99,-0.01019285226184132
648,07,inf_parietal,45,153,-0.04995378776698996
649,07,inf_parietal,45,207,-0.015174032260636364
650,07,inf_parietal,45,45,0.021698671268954882
651,07,inf_parietal,45,99,0.036021465238181505
652,07,inf_parietal,99,153,0.004649086711512409
653,07,inf_parietal,99,207,0.015029849275906972
654,07,inf_parietal,99,45,0.016275641960140193
655,07,inf_parietal,99,99,-0.02303164334165253
656,07,v5,153,153,0.037169129493504316
657,07,v5,153,207,-0.1288229562514364
658,07,v5,153,45,0.08573625611715033
659,07,v5,153,99,0.036983702127286674
660,07,v5,207,153,0.02545076128822422
661,07,v5,207,207,0.1251013743452541
662,07,v5,207,45,-0.04451518989422748
663,07,v5,207,99,-0.040551654073898234
664,07,v5,45,153,0.006984901080950132
665,07,v5,45,207,0.06363151467966821
666,07,v5,45,45,0.017009372032700802
667,07,v5,45,99,-0.15528592653145956
668,07,v5,99,153,-0.08890881249894712
669,07,v5,99,207,-0.10774503673917873
670,07,v5,99,45,-0.020727298238915864
671,07,v5,99,99,0.15868556864169453
672,08,premotor,153,153,0.015285859333561915
673,08,premotor,153,207,-0.030007253947835044
674,08,premotor,153,45,0.028697268841421982
675,08,premotor,153,99,-0.02005454302978594
676,08,premotor,207,153,-0.0016865158330342175
677,08,premotor,207,207,0.02487150591781946
678,08,premotor,207,45,-0.05868452192766412
679,08,premotor,207,99,0.0315755178488868
680,08,premotor,45,153,-0.02502554873847069
681,08,premotor,45,207,0.06642294293664006
682,08,premotor,45,45,0.02573609101046446
683,08,premotor,45,99,-0.05979200321257166
684,08,premotor,99,153,0.01590881990110103
685,08,premotor,99,207,-0.061203289034604424
686,08,premotor,99,45,0.01472625275339884
687,08,premotor,99,99,0.03742093038296008
688,08,motor,153,153,-0.022284829083564717
689,08,motor,153,207,-0.01290127654672835
690,08,motor,153,45,0.02089730364457372
691,08,motor,153,99,0.01905964644737233
692,08,motor,207,153,0.03354787468497242
693,08,motor,207,207,-0.018249481396525595
694,08,motor,207,45,-0.04334879364710425
695,08,motor,207,99,0.0346643533417251
696,08,motor,45,153,0.027627263515857946
697,08,motor,45,207,-0.009115706964774248
698,08,motor,45,45,-0.002073005274355621
699,08,motor,45,99,-0.008703550034910353
700,08,motor,99,153,-0.03280599284515111
701,08,motor,99,207,0.04870598595109121
702,08,motor,99,45,0.0004907872512181239
703,08,motor,99,99,-0.022426659981611877
704,08,v1,153,153,0.01712443140303442
705,08,v1,153,207,-0.037456191480394606
706,08,v1,153,45,0.032022221318431215
707,08,v1,153,99,-0.006346697429864601
708,08,v1,207,153,0.005098552288073363
709,08,v1,207,207,-0.07762013150862518
710,08,v1,207,45,-0.035888920805521855
711,08,v1,207,99,0.08642038320830683
712,08,v1,45,153,-0.01574500491726473
713,08,v1,45,207,0.057102055105000785
714,08,v1,45,45,-0.004554308645966452
715,08,v1,45,99,-0.04940922532224751
716,08,v1,99,153,-0.007124366733697575
717,08,v1,99,207,0.042813836554757165
718,08,v1,99,45,0.007443009545220865
719,08,v1,99,99,-0.018307276530714667
720,08,sup_parietal,153,153,-0.03911597075898277
721,08,sup_parietal,153,207,-0.02803136188766521
722,08,sup_parietal,153,45,0.005612843763318132
723,08,sup_parietal,153,99,0.03097279067812087
724,08,sup_parietal,207,153,0.059258890942736134
725,08,sup_parietal,207,207,-0.01748547834044712
726,08,sup_parietal,207,45,-0.00953811259882216
727,08,sup_parietal,207,99,-0.0026885694116791266
728,08,sup_parietal,45,153,0.01083311066041839
729,08,sup_parietal,45,207,-0.014168435391722953
730,08,sup_parietal,45,45,0.07021262091203331
731,08,sup_parietal,45,99,-0.052453670825211074
732,08,sup_parietal,99,153,-0.039373989851561306
733,08,sup_parietal,99,207,0.06056224609199807
734,08,sup_parietal,99,45,-0.0705138190629303
735,08,sup_parietal,99,99,0.028141969399744907
736,08,inf_parietal,153,153,0.029621050148413486
737,08,inf_parietal,153,207,-0.013387107146527459
738,08,inf_parietal,153,45,0.028175872727916954
739,08,inf_parietal,153,99,-0.06676331058307988
740,08,inf_parietal,207,153,-0.005768969604464852
741,08,inf_parietal,207,207,0.00733628205133312
742,08,inf_parietal,207,45,-0.1055084984375046
743,08,inf_parietal,207,99,0.06936480448930811
744,08,inf_parietal,45,153,-0.08833654806056951
745,08,inf_parietal,45,207,0.07569304490671298
746,08,inf_parietal,45,45,0.08011757878452672
747,08,inf_parietal,45,99,-0.034010345512067566
748,08,inf_parietal,99,153,0.058143770235455805
749,08,inf_parietal,99,207,-0.060644046406483576
750,08,inf_parietal,99,45,0.019812869903875575
751,08,inf_parietal,99,99,-0.0029152129165726567
752,08,v5,153,153,-0.0012926056007748227
753,08,v5,153,207,-0.062194463612986486
754,08,v5,153,45,0.06548092307585059
755,08,v5,153,99,-0.0788236095761311
756,08,v5,207,153,-0.00022776559926481615
757,08,v5,207,207,0.12090853134901358
758,08,v5,207,45,-0.02287666596769037
759,08,v5,207,99,-0.048405212278172495
760,08,v5,45,153,0.14250919338127188
761,08,v5,45,207,-0.10775016829845241
762,08,v5,45,45,-0.0030347012525441114
763,08,v5,45,99,-0.07214759693990346
764,08,v5,99,153,-0.030815867617647673
765,08,v5,99,207,0.008684718838012891
766,08,v5,99,45,-0.0735215823082207
767,08,v5,99,99,0.10260397033589705
768,09,premotor,153,153,0.03522692196839261
769,09,premotor,153,207,-0.06478436313273986
770,09,premotor,153,45,0.013339445048631843
771,09,premotor,153,99,0.019587501475970444
772,09,premotor,207,153,0.020919957945579517
773,09,premotor,207,207,-0.01912638364907408
774,09,premotor,207,45,0.03197950005608152
775,09,premotor,207,99,-0.05016271472312954
776,09,premotor,45,153,-0.04206139958311802
777,09,premotor,45,207,0.06867500312895788
778,09,premotor,45,45,-0.021792972443590217
779,09,premotor,45,99,-0.00029533155257103084
780,09,premotor,99,153,-0.01476288305278813
781,09,premotor,99,207,0.009522673221577894
782,09,premotor,99,45,-0.0243479948469162
783,09,premotor,99,99,0.03601664046514137
784,09,motor,153,153,0.019927665723791628
785,09,motor,153,207,0.0008333197420151896
786,09,motor,153,45,-0.022673314966045993
787,09,motor,153,99,0.004592620763346351
788,09,motor,207,153,0.03752033874071885
789,09,motor,207,207,0.035552180852882205
790,09,motor,207,45,-0.02948658171539261
791,09,motor,207,99,-0.04997694295242207
792,09,motor,45,153,-0.05262484316447231
793,09,motor,45,207,0.06461471166736449
794,09,motor,45,45,0.0018551577851576156
795,09,motor,45,99,-0.007859951456390242
796,09,motor,99,153,-0.000764088801654599
797,09,motor,99,207,-0.07522556796829596
798,09,motor,99,45,0.03168283098827453
799,09,motor,99,99,0.041734376840301235
800,09,v1,153,153,-0.053000741139136935
801,09,v1,153,207,-0.014329040130882362
802,09,v1,153,45,0.034882622195708896
803,09,v1,153,99,0.02182628609375958
804,09,v1,207,153,0.0339738812481119
805,09,v1,207,207,-0.019180043949041048
806,09,v1,207,45,0.04877160889696738
807,09,v1,207,99,-0.06724538851346322
808,09,v1,45,153,-0.038296299253133256
809,09,v1,45,207,0.05716050002686709
810,09,v1,45,45,-0.07336597811681211
811,09,v1,45,99,0.04730851889228363
812,09,v1,99,153,0.051098701799812365
813,09,v1,99,207,-0.04339434152393964
814,09,v1,99,45,-0.004406359358239844
815,09,v1,99,99,0.01067769650082168
816,09,sup_parietal,153,153,0.03978979156684698
817,09,sup_parietal,153,207,0.010833976926650252
818,09,sup_parietal,153,45,-0.011355270344639672
819,09,sup_parietal,153,99,-0.02574507594019721
820,09,sup_parietal,207,153,0.08968795604615115
821,09,sup_parietal,207,207,-0.06931981725160402
822,09,sup_parietal,207,45,-0.07569491979437967
823,09,sup_parietal,207,99,0.035526415146115924
824,09,sup_parietal,45,153,-0.1611381956457679
825,09,sup_parietal,45,207,0.12796187721650615
826,09,sup_parietal,45,45,0.045895096294577095
827,09,sup_parietal,45,99,-0.007135859670425805
828,09,sup_parietal,99,153,0.024639094151792513
829,09,sup_parietal,99,207,-0.022928937060518146
830,09,sup_parietal,99,45,6.683373403705214e-05
831,09,sup_parietal,99,99,0.016140764811466653
832,09,inf_parietal,153,153,-0.00934569391649705
833,09,inf_parietal,153,207,-0.03308319170567441
834,09,inf_parietal,153,45,0.04027113351432167
835,09,inf_parietal,153,99,-0.01658531734528723
836,09,inf_parietal,207,153,-0.006619277898809246
837,09,inf_parietal,207,207,-0.008157694047334609
838,09,inf_parietal,207,45,0.004065725305922692
839,09,inf_parietal,207,99,-0.02591745207977098
840,09,inf_parietal,45,153,-0.02034734062723085
841,09,inf_parietal,45,207,0.10472146996601409
842,09,inf_parietal,45,45,-0.05205711900336023
843,09,inf_parietal,45,99,-0.014827881586624302
844,09,inf_parietal,99,153,0.05264217062537654
845,09,inf_parietal,99,207,-0.06285928282078333
846,09,inf_parietal,99,45,-0.01969288229535604
847,09,inf_parietal,99,99,0.06661915962108418
848,09,v5,153,153,0.010449632092332711
849,09,v5,153,207,-0.07588042475770351
850,09,v5,153,45,0.07147436801805591
851,09,v5,153,99,-0.021544505438512027
852,09,v5,207,153,0.032009730673045536
853,09,v5,207,207,0.014309165663673375
854,09,v5,207,45,-0.08670550686019227
855,09,v5,207,99,-0.030443997794508737
856,09,v5,45,153,0.029666657115371933
857,09,v5,45,207,0.13212783046317225
858,09,v5,45,45,-0.07162893878905266
859,09,v5,45,99,-0.026496852398824846
860,09,v5,99,153,-0.11237566186778268
861,09,v5,99,207,0.03415061516693917
862,09,v5,99,45,0.007153882749691091
863,09,v5,99,99,0.10224816087139885
864,11,premotor,153,153,0.04710408917809622
865,11,premotor,153,207,-0.052766047839275604
866,11,premotor,153,45,0.04573210979930958
867,11,premotor,153,99,-0.03545868367578506
868,11,premotor,207,153,0.002159335401104769
869,11,premotor,207,207,0.04290207819528079
870,11,premotor,207,45,-0.05252268215628593
871,11,premotor,207,99,0.005897457510129168
872,11,premotor,45,153,-0.03527943039743373
873,11,premotor,45,207,0.06586553275297197
874,11,premotor,45,45,-0.031505522082891715
875,11,premotor,45,99,-0.011524994278137024
876,11,premotor,99,153,-0.011794560382425816
877,11,premotor,99,207,-0.05869275579830649
878,11,premotor,99,45,0.04054156828420644
879,11,premotor,99,99,0.03812897957634069
880,11,motor,153,153,0.04684971856997577
881,11,motor,153,207,-0.03036862360777085
882,11,motor,153,45,0.017189653058543787
883,11,motor,153,99,-0.03745937387604771
884,11,motor,207,153,-0.02125332399549383
885,11,motor,207,207,-0.04478520923873347
886,11,motor,207,45,-0.011572742875868585
887,11,motor,207,99,0.07312411801225951
888,11,motor,45,153,-0.07818459487896277
889,11,motor,45,207,0.08007739686537049
890,11,motor,45,45,0.015415659927033826
891,11,motor,45,99,-0.024973778660530056
892,11,motor,99,153,0.02810562623141888
893,11,motor,99,207,0.0052060095993029555
894,11,motor,99,45,-0.005395811242447766
895,11,motor,99,99,-0.016116691126826246
896,11,v1,153,153,-0.03652151650740139
897,11,v1,153,207,-0.04341285719110104
898,11,v1,153,45,0.05341344918960812
899,11,v1,153,99,0.04496031412370569
900,11,v1,207,153,-0.007308619594010666
901,11,v1,207,207,0.033231564295638255
902,11,v1,207,45,-0.038752050333011406
903,11,v1,207,99,0.0025908604438522
904,11,v1,45,153,0.026554036161565583
905,11,v1,45,207,-0.004989266561154974
906,11,v1,45,45,-0.04264708225051955
907,11,v1,45,99,0.00897058805648152
908,11,v1,99,153,0.022764558257673845
909,11,v1,99,207,0.01866351363066307
910,11,v1,99,45,0.0236568279572933
911,11,v1,99,99,-0.060786466915131704
912,11,sup_parietal,153,153,-0.029087894572849264
913,11,sup_parietal,153,207,-0.06850012475484647
914,11,sup_parietal,153,45,-0.02179029872336847
915,11,sup_parietal,153,99,0.09717523112798382
916,11,sup_parietal,207,153,0.02336228535036301
917,11,sup_parietal,207,207,0.01700891419207179
918,11,sup_parietal,207,45,-0.06986497277040397
919,11,sup_parietal,207,99,-0.0032403702288990033
920,11,sup_parietal,45,153,0.023357718172646272
921,11,sup_parietal,45,207,0.1420353792944608
922,11,sup_parietal,45,45,0.02767442102072375
923,11,sup_parietal,45,99,-0.15072185638264685
924,11,sup_parietal,99,153,-0.0273357743383705
925,11,sup_parietal,99,207,-0.0741066747672628
926,11,sup_parietal,99,45,0.06716475907326311
927,11,sup_parietal,99,99,0.044750641647742145
928,11,inf_parietal,153,153,-0.009344227640561616
929,11,inf_parietal,153,207,0.025844706421029408
930,11,inf_parietal,153,45,-0.004670873543032382
931,11,inf_parietal,153,99,-0.02326423817195827
932,11,inf_parietal,207,153,0.018395665664266665
933,11,inf_parietal,207,207,-0.021101520353769762
934,11,inf_parietal,207,45,-0.027918411270047155
935,11,inf_parietal,207,99,0.04297410655687892
936,11,inf_parietal,45,153,0.022476804470274878
937,11,inf_parietal,45,207,0.0704480410811679
938,11,inf_parietal,45,45,0.02178542873935437
939,11,inf_parietal,45,99,-0.10692590401689986
940,11,inf_parietal,99,153,-0.0460494630420763
941,11,inf_parietal,99,207,-0.05197717164939421
942,11,inf_parietal,99,45,-0.007098486720414187
943,11,inf_parietal,99,99,0.09495708300813144
944,11,v5,153,153,-0.10264961378754803
945,11,v5,153,207,-0.006338114902996371
946,11,v5,153,45,0.11561601127351664
947,11,v5,153,99,0.06747290149778391
948,11,v5,207,153,0.1728099317486633
949,11,v5,207,207,0.0206882904694329
950,11,v5,207,45,-0.1418258722961881
951,11,v5,207,99,-0.03288005955046132
952,11,v5,45,153,-0.012427550122932562
953,11,v5,45,207,-0.01833857864572221
954,11,v5,45,45,0.051931935623141134
955,11,v5,45,99,-0.07726676242212
956,11,v5,99,153,-0.029601483077954835
957,11,v5,99,207,-0.016936769992412046
958,11,v5,99,45,-0.005914765313512236
959,11,v5,99,99,0.04136894740923925
960,12,premotor,153,153,0.021705414216533908
961,12,premotor,153,207,-0.02880831035226484
962,12,premotor,153,45,-0.02141897402160518
963,12,premotor,153,99,0.022852746884837134
964,12,premotor,207,153,-0.012669388849511782
965,12,premotor,207,207,0.03503142404219777
966,12,premotor,207,45,-0.023072255100765226
967,12,premotor,207,99,-0.0001732497110419804
968,12,premotor,45,153,-0.014205308252685869
969,12,premotor,45,207,0.037432299989739376
970,12,premotor,45,45,-0.011767967129492244
971,12,premotor,45,99,-0.006084821673395512
972,12,premotor,99,153,0.0006372335413188232
973,12,premotor,99,207,-0.02767194917254857
974,12,premotor,99,45,0.04234429772098868
975,12,premotor,99,99,-0.014182889171674411
976,12,motor,153,153,0.015985447756669137
977,12,motor,153,207,-0.031298436080999574
978,12,motor,153,45,0.0024281896549620194
979,12,motor,153,99,0.0018052433223339354
980,12,motor,207,153,-0.0054966031312296245
981,12,motor,207,207,0.011361932641395095
982,12,motor,207,45,-0.023682645569789364
983,12,motor,207,99,0.020675933625587277
984,12,motor,45,153,0.015825800691584367
985,12,motor,45,207,0.025393932296105176
986,12,motor,45,45,-0.02259598962702334
987,12,motor,45,99,-0.026352104393986314
988,12,motor,99,153,-0.047810988537451526
989,12,motor,99,207,0.018761021713569775
990,12,motor,99,45,0.02886271119746129
991,12,motor,99,99,0.00910267002245784
992,12,v1,153,153,-0.0836593710899122
993,12,v1,153,207,-0.0598355256548259
994,12,v1,153,45,0.07321575162067434
995,12,v1,153,99,0.08728114582610133
996,12,v1,207,153,0.06402932189670857
997,12,v1,207,207,-0.09358305911958814
998,12,v1,207,45,-0.06247021379636874
999,12,v1,207,99,0.06867584525899041
1000,12,v1,45,153,0.02466386426766716
1001,12,v1,45,207,0.12583871517680525
1002,12,v1,45,45,-0.13486157299595036
1003,12,v1,45,99,-0.019595704017726853
1004,12,v1,99,153,-0.0068365715498142215
1005,12,v1,99,207,0.02297139070553602
1006,12,v1,99,45,0.10368034059754866
1007,12,v1,99,99,-0.11698028003784136
1008,12,sup_parietal,153,153,-0.007630700465864794
1009,12,sup_parietal,153,207,0.03191890520885557
1010,12,sup_parietal,153,45,-0.012888180066991037
1011,12,sup_parietal,153,99,0.016508246239295928
1012,12,sup_parietal,207,153,-0.0008303975827592264
1013,12,sup_parietal,207,207,-0.04500932900537104
1014,12,sup_parietal,207,45,-0.017292492323837352
1015,12,sup_parietal,207,99,0.011000696117689557
1016,12,sup_parietal,45,153,0.06252839887532224
1017,12,sup_parietal,45,207,-0.023887383918903868
1018,12,sup_parietal,45,45,-0.010277015133630652
1019,12,sup_parietal,45,99,-0.033847011139733235
1020,12,sup_parietal,99,153,-0.04270854699321196
1021,12,sup_parietal,99,207,0.03217133035523346
1022,12,sup_parietal,99,45,0.02098911338647628
1023,12,sup_parietal,99,99,0.0031614269184081743
1024,12,inf_parietal,153,153,-0.019949977635606856
1025,12,inf_parietal,153,207,0.011215460609378294
1026,12,inf_parietal,153,45,-0.006936989940571989
1027,12,inf_parietal,153,99,-0.0023308831631939572
1028,12,inf_parietal,207,153,0.004190512976823744
1029,12,inf_parietal,207,207,0.013768506194679666
1030,12,inf_parietal,207,45,-0.036645879143958095
1031,12,inf_parietal,207,99,-0.01315622651982767
1032,12,inf_parietal,45,153,0.018124337503886884
1033,12,inf_parietal,45,207,0.00941123372864781
1034,12,inf_parietal,45,45,-0.04770624708224178
1035,12,inf_parietal,45,99,0.03696946799714852
1036,12,inf_parietal,99,153,-0.00540982369721945
1037,12,inf_parietal,99,207,-0.030997493483726324
1038,12,inf_parietal,99,45,0.0637453176118167
1039,12,inf_parietal,99,99,-0.005820302389810196
1040,12,v5,153,153,0.08898280047402315
1041,12,v5,153,207,0.09347456695698339
1042,12,v5,153,45,-0.08177764382685387
1043,12,v5,153,99,-0.023613806466075818
1044,12,v5,207,153,0.12270823260497313
1045,12,v5,207,207,-0.0995689781635188
1046,12,v5,207,45,0.055038175643685606
1047,12,v5,207,99,-0.09644604572902461
1048,12,v5,45,153,-0.003687927985689392
1049,12,v5,45,207,-0.15797643396266417
1050,12,v5,45,45,-0.03795706101271633
1051,12,v5,45,99,0.11766057674669586
1052,12,v5,99,153,-0.11394762725872241
1053,12,v5,99,207,0.07932791059661232
1054,12,v5,99,45,-0.00934828109172387
1055,12,v5,99,99,0.07847310944336762
1056,13,premotor,153,153,-0.023557379278488638
1057,13,premotor,153,207,-0.010217405076195611
1058,13,premotor,153,45,0.020188363464167965
1059,13,premotor,153,99,0.025641543652309494
1060,13,premotor,207,153,0.013469509175940642
1061,13,premotor,207,207,-0.043508617584914096
1062,13,premotor,207,45,0.017894488245912443
1063,13,premotor,207,99,0.00624862248091719
1064,13,premotor,45,153,0.02218089760976118
1065,13,premotor,45,207,0.04119768946373563
1066,13,premotor,45,45,-0.024676134674675977
1067,13,premotor,45,99,-0.04022159238487599
1068,13,premotor,99,153,-0.007574523667904749
1069,13,premotor,99,207,0.004039905153921214
1070,13,premotor,99,45,-0.006673025212149733
1071,13,premotor,99,99,0.007608731315178509
1072,13,motor,153,153,0.019252141345863335
1073,13,motor,153,207,0.06200768209702675
1074,13,motor,153,45,-0.08043778234891383
1075,13,motor,153,99,-0.01502217324823249
1076,13,motor,207,153,-0.02027663684240417
1077,13,motor,207,207,-0.0314008464716039
1078,13,motor,207,45,0.05167445674877055
1079,13,motor,207,99,0.0005058827734811845
1080,13,motor,45,153,0.03168570542317006
1081,13,motor,45,207,-0.012723829962532351
1082,13,motor,45,45,-0.05798796805445862
1083,13,motor,45,99,0.03342367455378601
1084,13,motor,99,153,0.004750096195540463
1085,13,motor,99,207,-0.03204966605241249
1086,13,motor,99,45,0.032579814464030986
1087,13,motor,99,99,-0.0005519354772141136
1088,13,v1,153,153,0.0017801561119604042
1089,13,v1,153,207,0.02959629619583464
1090,13,v1,153,45,-0.033909543533511124
1091,13,v1,153,99,-0.007326507279328324
1092,13,v1,207,153,-0.0572601800103214
1093,13,v1,207,207,-0.05493020222596297
1094,13,v1,207,45,0.09971312520659226
1095,13,v1,207,99,0.009205519855816333
1096,13,v1,45,153,0.030793500007515743
1097,13,v1,45,207,0.04630459759249268
1098,13,v1,45,45,-0.059674139571215576
1099,13,v1,45,99,-0.002826144199805416
1100,13,v1,99,153,0.02474468469083055
1101,13,v1,99,207,-0.019888183566369486
1102,13,v1,99,45,0.012169568987834984
1103,13,v1,99,99,-0.022157743278741655
1104,13,sup_parietal,153,153,0.030544850449491904
1105,13,sup_parietal,153,207,0.009934588274996825
1106,13,sup_parietal,153,45,0.02985240149663367
1107,13,sup_parietal,153,99,-0.09706060299033611
1108,13,sup_parietal,207,153,-0.13367243250402605
1109,13,sup_parietal,207,207,0.006948694055692362
1110,13,sup_parietal,207,45,0.14749418641176984
1111,13,sup_parietal,207,99,0.0006155462886441726
1112,13,sup_parietal,45,153,0.09999527121609722
1113,13,sup_parietal,45,207,-0.02506549579574839
1114,13,sup_parietal,45,45,-0.10664692449748217
1115,13,sup_parietal,45,99,0.021689575870723787
1116,13,sup_parietal,99,153,0.043707013675816656
1117,13,sup_parietal,99,207,-0.02390811324220853
1118,13,sup_parietal,99,45,-0.027089453459944554
1119,13,sup_parietal,99,99,0.04084983759368969
1120,13,inf_parietal,153,153,-0.017280340882421433
1121,13,inf_parietal,153,207,-0.03931929105487851
1122,13,inf_parietal,153,45,0.05713169388670465
1123,13,inf_parietal,153,99,0.01361305909846796
1124,13,inf_parietal,207,153,-0.07522946755403043
1125,13,inf_parietal,207,207,-0.00656957962702681
1126,13,inf_parietal,207,45,0.036990266935562115
1127,13,inf_parietal,207,99,0.04322088520554738
1128,13,inf_parietal,45,153,0.07807179305703615
1129,13,inf_parietal,45,207,0.040850835554252
1130,13,inf_parietal,45,45,-0.07090803939108867
1131,13,inf_parietal,45,99,-0.065914721575772
1132,13,inf_parietal,99,153,0.007912764159682499
1133,13,inf_parietal,99,207,-0.027355660144563462
1134,13,inf_parietal,99,45,0.0108850369255577
1135,13,inf_parietal,99,99,0.01871960475162842
1136,13,v5,153,153,0.07475566446162851
1137,13,v5,153,207,-0.1511634523989348
1138,13,v5,153,45,0.04761685934165455
1139,13,v5,153,99,-0.016331285189586466
1140,13,v5,207,153,0.07552479649009056
1141,13,v5,207,207,-0.0026740069649642748
1142,13,v5,207,45,0.018717276268325103
1143,13,v5,207,99,-0.08555976689203118
1144,13,v5,45,153,-0.07232089578054043
1145,13,v5,45,207,0.05819285512400222
1146,13,v5,45,45,-0.17101834038537903
1147,13,v5,45,99,0.15466427748527167
1148,13,v5,99,153,-0.0647548923833827
1149,13,v5,99,207,0.0908780465870645
1150,13,v5,99,45,0.05934106210216329
1151,13,v5,99,99,-0.03714607720964752
1152,14,premotor,153,153,0.03576816676499246
1153,14,premotor,153,207,0.011394511031690754
1154,14,premotor,153,45,-0.03562498915998262
1155,14,premotor,153,99,-0.00487345943856657
1156,14,premotor,207,153,0.008546495189364789
1157,14,premotor,207,207,0.04579489639937954
1158,14,premotor,207,45,0.006239630599943199
1159,14,premotor,207,99,-0.04677025542406713
1160,14,premotor,45,153,-0.02204375784739622
1161,14,premotor,45,207,-0.02242205534853816
1162,14,premotor,45,45,0.03841986534075015
1163,14,premotor,45,99,0.00832074401628197
1164,14,premotor,99,153,-0.02511251714291383
1165,14,premotor,99,207,-0.004034825553150649
1166,14,premotor,99,45,-0.03531332664814554
1167,14,premotor,99,99,0.04103856239018285
1168,14,motor,153,153,0.05311503997639134
1169,14,motor,153,207,-0.03249000809090212
1170,14,motor,153,45,-0.04312783980153661
1171,14,motor,153,99,-0.009876684723267842
1172,14,motor,207,153,0.007794360522768593
1173,14,motor,207,207,0.01516167567034986
1174,14,motor,207,45,0.004646208584385829
1175,14,motor,207,99,-0.03473947285971754
1176,14,motor,45,153,0.020403202447218154
1177,14,motor,45,207,-0.02083293371324183
1178,14,motor,45,45,0.044001536660026166
1179,14,motor,45,99,-0.04611299911670244
1180,14,motor,99,153,-0.05306586231728584
1181,14,motor,99,207,0.05674767892143022
1182,14,motor,99,45,-0.01920700145247923
1183,14,motor,99,99,0.04522761627016336
1184,14,v1,153,153,-0.05715315492602498
1185,14,v1,153,207,0.0029916094580499184
1186,14,v1,153,45,0.0357865843926488
1187,14,v1,153,99,0.053238027642302156
1188,14,v1,207,153,-0.03778290175545918
1189,14,v1,207,207,0.09379373244393135
1190,14,v1,207,45,0.029885454268732885
1191,14,v1,207,99,-0.07309933658524903
1192,14,v1,45,153,0.04782044719582962
1193,14,v1,45,207,0.007862630293859356
1194,14,v1,45,45,-0.05792453847683113
1195,14,v1,45,99,-0.016700105345120585
1196,14,v1,99,153,0.033025063177919256
1197,14,v1,99,207,-0.09102262777370151
1198,14,v1,99,45,-0.0032990579088146635
1199,14,v1,99,99,0.036795374761805055
1200,14,sup_parietal,153,153,-0.03996923238248482
1201,14,sup_parietal,153,207,0.02059084483113811
1202,14,sup_parietal,153,45,0.03235948156285299
1203,14,sup_parietal,153,99,-0.035158113444340416
1204,14,sup_parietal,207,153,0.106365390920589
1205,14,sup_parietal,207,207,-0.029341756333768468
1206,14,sup_parietal,207,45,-0.14346663938498178
1207,14,sup_parietal,207,99,0.010736345139739126
1208,14,sup_parietal,45,153,-0.01577247927467862
1209,14,sup_parietal,45,207,-0.0011440080215233926
1210,14,sup_parietal,45,45,0.045262213827066536
1211,14,sup_parietal,45,99,-0.016284804973645282
1212,14,sup_parietal,99,153,-0.05023988258336831
1213,14,sup_parietal,99,207,0.03860299186997533
1214,14,sup_parietal,99,45,0.045109375036592514
1215,14,sup_parietal,99,99,0.016258957614885234
1216,14,inf_parietal,153,153,0.011378843150122312
1217,14,inf_parietal,153,207,0.026119904783799847
1218,14,inf_parietal,153,45,0.014417694786176102
1219,14,inf_parietal,153,99,-0.032975289221288936
1220,14,inf_parietal,207,153,0.09554020518896811
1221,14,inf_parietal,207,207,0.02818617493099664
1222,14,inf_parietal,207,45,-0.03228340355037268
1223,14,inf_parietal,207,99,-0.0830601129688746
1224,14,inf_parietal,45,153,-0.049670557641780744
1225,14,inf_parietal,45,207,-0.020998951749823063
1226,14,inf_parietal,45,45,0.00594172557349458
1227,14,inf_parietal,45,99,0.052486916048041204
1228,14,inf_parietal,99,153,-0.05455876423734177
1229,14,inf_parietal,99,207,-0.008340137199542335
1230,14,inf_parietal,99,45,-0.015139496920153421
1231,14,inf_parietal,99,99,0.07330011697722791
1232,14,v5,153,153,0.04756773119702323
1233,14,v5,153,207,-0.030567252469433828
1234,14,v5,153,45,0.03558891348794224
1235,14,v5,153,99,-0.047380958502716536
1236,14,v5,207,153,-0.06770142807884919
1237,14,v5,207,207,-0.03110678338070793
1238,14,v5,207,45,0.0660266261995216
1239,14,v5,207,99,0.0693231989230198
1240,14,v5,45,153,-0.013971729747067584
1241,14,v5,45,207,0.013496612557136078
1242,14,v5,45,45,-0.02922003282841382
1243,14,v5,45,99,-0.030891080146566663
1244,14,v5,99,153,-0.034399310326989244
1245,14,v5,99,207,0.06300527798377507
1246,14,v5,99,45,0.001539308394696605
1247,14,v5,99,99,-0.0016806488863556346
1248,15,premotor,153,153,-0.00509652028615616
1249,15,premotor,153,207,-0.025506084633812653
1250,15,premotor,153,45,-0.0035013952968427657
1251,15,premotor,153,99,0.029610356524802556
1252,15,premotor,207,153,0.00235641326131668
1253,15,premotor,207,207,0.02922049705616027
1254,15,premotor,207,45,-0.005599358432953925
1255,15,premotor,207,99,-0.012773166244683604
1256,15,premotor,45,153,-0.0007129227162941832
1257,15,premotor,45,207,0.018778873048434067
1258,15,premotor,45,45,-0.04360243561171684
1259,15,premotor,45,99,0.01104278360143228
1260,15,premotor,99,153,-0.0003921301840834508
1261,15,premotor,99,207,-0.0146397392885364
1262,15,premotor,99,45,0.0402052059800201
1263,15,premotor,99,99,-0.026175931134603845
1264,15,motor,153,153,0.025398934371778918
1265,15,motor,153,207,-0.04686982756881379
1266,15,motor,153,45,0.014436781728202416
1267,15,motor,153,99,-0.009901691019806718
1268,15,motor,207,153,-0.023415744949978022
1269,15,motor,207,207,0.004404558184742932
1270,15,motor,207,45,0.034345565432253464
1271,15,motor,207,99,0.010024122975512716
1272,15,motor,45,153,0.0022472567222906192
1273,15,motor,45,207,0.056057529623633605
1274,15,motor,45,45,-0.013763281216528162
1275,15,motor,45,99,-0.06560517045399314
1276,15,motor,99,153,-0.003474276780697094
1277,15,motor,99,207,-9.981529635567227e-05
1278,15,motor,99,45,-0.002430953389422494
1279,15,motor,99,99,0.020657038993308355
1280,15,v1,153,153,-0.048943575608610825
1281,15,v1,153,207,0.028267964339687375
1282,15,v1,153,45,-0.02053871734050073
1283,15,v1,153,99,0.047485142800866416
1284,15,v1,207,153,0.06406143509517964
1285,15,v1,207,207,-0.08696130434854235
1286,15,v1,207,45,0.016407693992072356
1287,15,v1,207,99,-0.046593143609378954
1288,15,v1,45,153,-0.02610161778411083
1289,15,v1,45,207,0.033311841035417455
1290,15,v1,45,45,-0.010213849709458031
1291,15,v1,45,99,0.03601404119769997
1292,15,v1,99,153,0.023819646750324885
1293,15,v1,99,207,0.008492067777581047
1294,15,v1,99,45,0.0034141150616630546
1295,15,v1,99,99,-0.02106656068390153
1296,15,sup_parietal,153,153,0.084873954430823
1297,15,sup_parietal,153,207,0.028491278868954143
1298,15,sup_parietal,153,45,-0.07776494761548675
1299,15,sup_parietal,153,99,-0.05991341199906754
1300,15,sup_parietal,207,153,0.013640023248700223
1301,15,sup_parietal,207,207,0.04502958708217583
1302,15,sup_parietal,207,45,-0.04389299555360842
1303,15,sup_parietal,207,99,-0.03282886060451385
1304,15,sup_parietal,45,153,-0.015115456560722107
1305,15,sup_parietal,45,207,-0.0506062676818723
1306,15,sup_parietal,45,45,-0.00669175475506662
1307,15,sup_parietal,45,99,0.04726890132818491
1308,15,sup_parietal,99,153,-0.026985428854922396
1309,15,sup_parietal,99,207,-0.015616395068340512
1310,15,sup_parietal,99,45,0.08522353383709343
1311,15,sup_parietal,99,99,0.01201107598852614
1312,15,inf_parietal,153,153,0.012203290021033302
1313,15,inf_parietal,153,207,0.04847144760630054
1314,15,inf_parietal,153,45,-0.06905691265089431
1315,15,inf_parietal,153,99,0.04231585566613731
1316,15,inf_parietal,207,153,-0.055103613111552784
1317,15,inf_parietal,207,207,-0.02246110912763832
1318,15,inf_parietal,207,45,0.08309897914675239
1319,15,inf_parietal,207,99,-0.011663910928482832
1320,15,inf_parietal,45,153,-0.0031593583131952555
1321,15,inf_parietal,45,207,0.03879607110139797
1322,15,inf_parietal,45,45,-0.08563333303250034
1323,15,inf_parietal,45,99,-0.00010659603557064412
1324,15,inf_parietal,99,153,0.03424181176652673
1325,15,inf_parietal,99,207,-0.04355721065671504
1326,15,inf_parietal,99,45,0.04913412274599978
1327,15,inf_parietal,99,99,-0.02807700542996113
1328,15,v5,153,153,-0.01582325422714534
1329,15,v5,153,207,0.05982536934110695
1330,15,v5,153,45,0.05439902270053951
1331,15,v5,153,99,-0.004003337098259646
1332,15,v5,207,153,-0.05642259893034694
1333,15,v5,207,207,0.03064798149312853
1334,15,v5,207,45,-0.01083572358478705
1335,15,v5,207,99,0.024681245760854502
1336,15,v5,45,153,0.03941380470566995
1337,15,v5,45,207,-0.12172810503351197
1338,15,v5,45,45,-0.0972375236756335
1339,15,v5,45,99,0.08156898809419431
1340,15,v5,99,153,0.00595792621378969
1341,15,v5,99,207,0.04260236305107292
1342,15,v5,99,45,0.03281953143106786
1343,15,v5,99,99,-0.09009951533247268
1344,16,premotor,153,153,-0.009480537044296694
1345,16,premotor,153,207,-0.04264249969146282
1346,16,premotor,153,45,0.021295889642105274
1347,16,premotor,153,99,0.032904806238184134
1348,16,premotor,207,153,0.008474982522592149
1349,16,premotor,207,207,0.03781336006773185
1350,16,premotor,207,45,-0.03155400995687867
1351,16,premotor,207,99,-0.011155586537095955
1352,16,premotor,45,153,0.01420033327545365
1353,16,premotor,45,207,0.00044715690912857167
1354,16,premotor,45,45,-0.010003825806490452
1355,16,premotor,45,99,-0.015555779164119482
1356,16,premotor,99,153,-0.0017750403528397438
1357,16,premotor,99,207,0.0015658138210828633
1358,16,premotor,99,45,0.01898230732795847
1359,16,premotor,99,99,-0.009590474170713337
1360,16,motor,153,153,-0.005033085979446347
1361,16,motor,153,207,0.045110464595374294
1362,16,motor,153,45,0.012696560102169883
1363,16,motor,153,99,-0.055893943472391995
1364,16,motor,207,153,0.030819107434376988
1365,16,motor,207,207,-0.045495892500236015
1366,16,motor,207,45,0.014420892632080497
1367,16,motor,207,99,-0.006028695749187903
1368,16,motor,45,153,0.056621680138465434
1369,16,motor,45,207,0.0065536691971063085
1370,16,motor,45,45,0.006137141067711896
1371,16,motor,45,99,-0.07299234645034308
1372,16,motor,99,153,-0.07894967459759447
1373,16,motor,99,207,-0.009208129155489854
1374,16,motor,99,45,-0.03950477296720627
1375,16,motor,99,99,0.13863082235189259
1376,16,v1,153,153,-0.008773018426994546
1377,16,v1,153,207,-0.012845207243058035
1378,16,v1,153,45,0.006167395712825924
1379,16,v1,153,99,0.02498940674006251
1380,16,v1,207,153,-0.0050247462092894
1381,16,v1,207,207,-0.04916005371904002
1382,16,v1,207,45,0.07528907458986095
1383,16,v1,207,99,-0.04909620638580705
1384,16,v1,45,153,-0.007935310557457172
1385,16,v1,45,207,0.11288830449451304
1386,16,v1,45,45,-0.12967606752688848
1387,16,v1,45,99,0.020185651328902363
1388,16,v1,99,153,0.0031928787165493655
1389,16,v1,99,207,-0.07086658053116668
1390,16,v1,99,45,0.059624946990527186
1391,16,v1,99,99,0.01849114284696985
1392,16,sup_parietal,153,153,0.15763619556344893
1393,16,sup_parietal,153,207,-0.047219405711258045
1394,16,sup_parietal,153,45,-0.12055423397429324
1395,16,sup_parietal,153,99,0.03375392683612013
1396,16,sup_parietal,207,153,-0.04219546192009811
1397,16,sup_parietal,207,207,-0.03140278045282885
1398,16,sup_parietal,207,45,0.04745204104059875
1399,16,sup_parietal,207,99,0.01442627088146995
1400,16,sup_parietal,45,153,0.006617178668631887
1401,16,sup_parietal,45,207,0.03732197101426228
1402,16,sup_parietal,45,45,0.011349455572834542
1403,16,sup_parietal,45,99,-0.08648495417949664
1404,16,sup_parietal,99,153,-0.0834077195295137
1405,16,sup_parietal,99,207,0.05915444162251014
1406,16,sup_parietal,99,45,0.036334084862516706
1407,16,sup_parietal,99,99,0.0251724134928841
1408,16,inf_parietal,153,153,0.030044588734382354
1409,16,inf_parietal,153,207,0.039752220074423944
1410,16,inf_parietal,153,45,0.005625049170807443
1411,16,inf_parietal,153,99,-0.06421405552902501
1412,16,inf_parietal,207,153,-0.06376041405646937
1413,16,inf_parietal,207,207,0.0592582158279487
1414,16,inf_parietal,207,45,-0.021203308863987868
1415,16,inf_parietal,207,99,0.00999096391924191
1416,16,inf_parietal,45,153,0.01535647625203804
1417,16,inf_parietal,45,207,-0.018418767906181875
1418,16,inf_parietal,45,45,0.007641469599811615
1419,16,inf_parietal,45,99,-0.0023450007550674737
1420,16,inf_parietal,99,153,0.03344658137490568
1421,16,inf_parietal,99,207,-0.08600536789016722
1422,16,inf_parietal,99,45,-0.007162865953695098
1423,16,inf_parietal,99,99,0.05777344812591241
1424,16,v5,153,153,-0.0686104591981658
1425,16,v5,153,207,-0.035920523439848306
1426,16,v5,153,45,0.005247727138743403
1427,16,v5,153,99,0.0782641167302899
1428,16,v5,207,153,0.052967978512370915
1429,16,v5,207,207,-0.04134384185435516
1430,16,v5,207,45,0.03651347367104152
1431,16,v5,207,99,-0.02775743755240493
1432,16,v5,45,153,0.002232326041584968
1433,16,v5,45,207,0.03388916567193694
1434,16,v5,45,45,-0.14749841849034395
1435,16,v5,45,99,0.07996689808644669
1436,16,v5,99,153,0.016462180064165895
1437,16,v5,99,207,0.028002653104251617
1438,16,v5,99,45,0.05507384762575711
1439,16,v5,99,99,-0.07470202910006084
1440,17,premotor,153,153,0.029549432424196807
1441,17,premotor,153,207,0.013398669626348843
1442,17,premotor,153,45,-0.05167664079288782
1443,17,premotor,153,99,0.0012536470737570934
1444,17,premotor,207,153,-0.017962548954195922
1445,17,premotor,207,207,-0.009043857054271456
1446,17,premotor,207,45,0.04667013049491597
1447,17,premotor,207,99,-0.015634711892589043
1448,17,premotor,45,153,-0.005270482947398434
1449,17,premotor,45,207,-0.009594050535009467
1450,17,premotor,45,45,-0.004004395014561591
1451,17,premotor,45,99,0.01775464288091693
1452,17,premotor,99,153,0.003506660962068678
1453,17,premotor,99,207,0.007718356651525031
1454,17,premotor,99,45,-0.005919660884593237
1455,17,premotor,99,99,-0.001324367276851447
1456,17,motor,153,153,0.05847372556986531
1457,17,motor,153,207,0.06322833078714699
1458,17,motor,153,45,-0.09237918113820795
1459,17,motor,153,99,-0.051102854009797485
1460,17,motor,207,153,-0.09262009406777971
1461,17,motor,207,207,-0.0077440202585858705
1462,17,motor,207,45,0.09531022910308204
1463,17,motor,207,99,0.019904742506597378
1464,17,motor,45,153,0.05099676770758888
1465,17,motor,45,207,-0.08774099519925369
1466,17,motor,45,45,-0.00041141449937684253
1467,17,motor,45,99,0.03435159929312068
1468,17,motor,99,153,-0.02143700453576923
1469,17,motor,99,207,0.006180547664954845
1470,17,motor,99,45,0.035580558444127504
1471,17,motor,99,99,-0.021936644494304103
1472,17,v1,153,153,-0.1874651117223897
1473,17,v1,153,207,0.03936804225035109
1474,17,v1,153,45,0.06434903177142907
1475,17,v1,153,99,0.07323433659170114
1476,17,v1,207,153,0.003881163344134627
1477,17,v1,207,207,-0.17883440342388096
1478,17,v1,207,45,0.0637718961898945
1479,17,v1,207,99,0.1057612964044329
1480,17,v1,45,153,0.11406948129377506
1481,17,v1,45,207,0.029811164250247196
1482,17,v1,45,45,-0.271887189578659
1483,17,v1,45,99,0.13018711842362965
1484,17,v1,99,153,0.09505002069892904
1485,17,v1,99,207,0.10600015584984748
1486,17,v1,99,45,0.12929337418777054
1487,17,v1,99,99,-0.32065526822175217
1488,17,sup_parietal,153,153,-0.015555701658073021
1489,17,sup_parietal,153,207,-0.020366870329560936
1490,17,sup_parietal,153,45,0.09359141095157389
1491,17,sup_parietal,153,99,-0.08286196799322455
1492,17,sup_parietal,207,153,-0.006968455148677251
1493,17,sup_parietal,207,207,-0.06995919435258191
1494,17,sup_parietal,207,45,-0.06450777276521262
1495,17,sup_parietal,207,99,0.16900491435304343
1496,17,sup_parietal,45,153,0.05874626835079839
1497,17,sup_parietal,45,207,0.06114626910093836
1498,17,sup_parietal,45,45,-0.07718253195708581
1499,17,sup_parietal,45,99,-0.04493537799941535
1500,17,sup_parietal,99,153,-0.03471028682394253
1501,17,sup_parietal,99,207,0.04496604833597307
1502,17,sup_parietal,99,45,-0.040259161595377256
1503,17,sup_parietal,99,99,0.022556017712986473
1504,17,inf_parietal,153,153,0.01906769716510405
1505,17,inf_parietal,153,207,0.009303461805676956
1506,17,inf_parietal,153,45,-0.018404351584685966
1507,17,inf_parietal,153,99,-0.013069723591126847
1508,17,inf_parietal,207,153,-0.02585611977785906
1509,17,inf_parietal,207,207,-0.06967969511722656
1510,17,inf_parietal,207,45,-0.011568901426342941
1511,17,inf_parietal,207,99,0.09942866978478672
1512,17,inf_parietal,45,153,-0.01610584201838326
1513,17,inf_parietal,45,207,0.02513909930037458
1514,17,inf_parietal,45,45,0.03804773228489457
1515,17,inf_parietal,45,99,-0.03274801977901944
1516,17,inf_parietal,99,153,0.007776122397573158
1517,17,inf_parietal,99,207,0.02307179499627752
1518,17,inf_parietal,99,45,0.03162018773411269
1519,17,inf_parietal,99,99,-0.05780584438106101
1520,17,v5,153,153,-0.014526770680862621
1521,17,v5,153,207,0.03966416802002096
1522,17,v5,153,45,0.15564215519955177
1523,17,v5,153,99,-0.13963173703967735
1524,17,v5,207,153,0.025493804121845973
1525,17,v5,207,207,-0.1024371731411751
1526,17,v5,207,45,-0.013681966218722683
1527,17,v5,207,99,0.11704880937405981
1528,17,v5,45,153,-0.019471168305430345
1529,17,v5,45,207,-0.09080100291655807
1530,17,v5,45,45,0.02078659017636575
1531,17,v5,45,99,0.029522923137417244
1532,17,v5,99,153,0.024010043062863737
1533,17,v5,99,207,0.17187840582470995
1534,17,v5,99,45,-0.2761365072949226
1535,17,v5,99,99,0.054830605802295984
1536,18,premotor,153,153,-0.031568936401167834
1537,18,premotor,153,207,-0.06400112252840548
1538,18,premotor,153,45,0.02239077199919666
1539,18,premotor,153,99,0.06985994360957208
1540,18,premotor,207,153,0.014875010777695203
1541,18,premotor,207,207,0.05575623724587304
1542,18,premotor,207,45,-0.020946079373220586
1543,18,premotor,207,99,-0.05105402716772348
1544,18,premotor,45,153,0.020322686921020752
1545,18,premotor,45,207,0.053746564353618076
1546,18,premotor,45,45,-0.029207831266366537
1547,18,premotor,45,99,-0.046161176961831495
1548,18,premotor,99,153,0.0004953662047053726
1549,18,premotor,99,207,-0.04999075393755079
1550,18,premotor,99,45,0.024798860608362047
1551,18,premotor,99,99,0.03076985839530438
1552,18,motor,153,153,0.07704308435627916
1553,18,motor,153,207,-0.11143971886549316
1554,18,motor,153,45,0.032775428373610076
1555,18,motor,153,99,0.017215396736758405
1556,18,motor,207,153,-0.02631125215640593
1557,18,motor,207,207,0.07228837973279546
1558,18,motor,207,45,-0.015865241175436386
1559,18,motor,207,99,-0.03879894435026417
1560,18,motor,45,153,-0.0038606183803609143
1561,18,motor,45,207,0.05008763345275423
1562,18,motor,45,45,-0.02298656876711124
1563,18,motor,45,99,-0.007590333942164476
1564,18,motor,99,153,-0.02633539661947852
1565,18,motor,99,207,-0.017652434540972255
1566,18,motor,99,45,-0.005568452406510403
1567,18,motor,99,99,0.03025613662730227
1568,18,v1,153,153,-0.21264626071929982
1569,18,v1,153,207,0.02759515892627363
1570,18,v1,153,45,0.11143114226946393
1571,18,v1,153,99,0.07752122952261174
1572,18,v1,207,153,0.05982530258355326
1573,18,v1,207,207,-0.06256940717389894
1574,18,v1,207,45,-0.01384064192257842
1575,18,v1,207,99,0.006349136706499238
1576,18,v1,45,153,0.11253374830873761
1577,18,v1,45,207,0.055446343256514735
1578,18,v1,45,45,-0.22099346326845204
1579,18,v1,45,99,0.056798165501381906
1580,18,v1,99,153,0.0520564866570463
1581,18,v1,99,207,-0.028459869902872255
1582,18,v1,99,45,0.12101128695912103
1583,18,v1,99,99,-0.14042721194992797
1584,18,sup_parietal,153,153,0.03732285222895472
1585,18,sup_parietal,153,207,0.023282451827290454
1586,18,sup_parietal,153,45,0.040554512493734006
1587,18,sup_parietal,153,99,-0.09573619658692983
1588,18,sup_parietal,207,153,0.12468655963748404
1589,18,sup_parietal,207,207,0.014307295304065671
1590,18,sup_parietal,207,45,-0.12793669256876347
1591,18,sup_parietal,207,99,-0.01132795811329301
1592,18,sup_parietal,45,153,-0.037231947616433336
1593,18,sup_parietal,45,207,0.08230106205848439
1594,18,sup_parietal,45,45,-0.006684472908590781
1595,18,sup_parietal,45,99,0.015192966440917742
1596,18,sup_parietal,99,153,-0.11075211563360758
1597,18,sup_parietal,99,207,-0.09814310819545352
1598,18,sup_parietal,99,45,0.09279197533559436
1599,18,sup_parietal,99,99,0.07245095579024874
1600,18,inf_parietal,153,153,0.011516865613395613
1601,18,inf_parietal,153,207,-0.06182629337391647
1602,18,inf_parietal,153,45,-0.008817669712717538
1603,18,inf_parietal,153,99,0.04602127935670163
1604,18,inf_parietal,207,153,-0.015627363443364784
1605,18,inf_parietal,207,207,0.05812365861447053
1606,18,inf_parietal,207,45,0.01611411520949258
1607,18,inf_parietal,207,99,-0.036527795178036594
1608,18,inf_parietal,45,153,0.029242379048659596
1609,18,inf_parietal,45,207,0.03934474557761413
1610,18,inf_parietal,45,45,-0.038839458841785385
1611,18,inf_parietal,45,99,-0.04324064897425523
1612,18,inf_parietal,99,153,-0.01144622281998043
1613,18,inf_parietal,99,207,-0.03946557501938558
1614,18,inf_parietal,99,45,0.02788322514266697
1615,18,inf_parietal,99,99,0.02593654265951079
1616,18,v5,153,153,0.014208172368236342
1617,18,v5,153,207,-0.04122798153759268
1618,18,v5,153,45,0.030303400106094197
1619,18,v5,153,99,-0.0019511793221979323
1620,18,v5,207,153,0.042807312783089545
1621,18,v5,207,207,-0.025135596166082283
1622,18,v5,207,45,-0.03931850864272639
1623,18,v5,207,99,0.026234170414408897
1624,18,v5,45,153,-0.036727225763911714
1625,18,v5,45,207,0.04377323908843174
1626,18,v5,45,45,0.059914498593623265
1627,18,v5,45,99,-0.045278389108417666
1628,18,v5,99,153,0.025662020135009553
1629,18,v5,99,207,0.03870825934453896
1630,18,v5,99,45,-0.06426617228737432
1631,18,v5,99,99,0.008730630215072172
1632,19,premotor,153,153,0.005037373455699027
1633,19,premotor,153,207,-0.037425999496349754
1634,19,premotor,153,45,0.05880432428021266
1635,19,premotor,153,99,-0.035356294755664146
1636,19,premotor,207,153,0.02764503439177182
1637,19,premotor,207,207,-0.047976618445221594
1638,19,premotor,207,45,0.00204659190896141
1639,19,premotor,207,99,0.024876630134535716
1640,19,premotor,45,153,-0.016360837393221042
1641,19,premotor,45,207,0.05818106665770727
1642,19,premotor,45,45,-0.034532635704887814
1643,19,premotor,45,99,-0.008110266926901817
1644,19,premotor,99,153,-0.014119246260045664
1645,19,premotor,99,207,0.016957870805516383
1646,19,premotor,99,45,-0.017535765137943644
1647,19,premotor,99,99,0.015244905949079356
1648,19,motor,153,153,-0.025512335375174076
1649,19,motor,153,207,-0.0417139428548782
1650,19,motor,153,45,-0.01752813796601694
1651,19,motor,153,99,0.07577185245014507
1652,19,motor,207,153,0.0017206269233054974
1653,19,motor,207,207,-0.02902244380294547
1654,19,motor,207,45,0.06050895766585611
1655,19,motor,207,99,-0.042222735991166896
1656,19,motor,45,153,0.050669478869657524
1657,19,motor,45,207,0.07178604340783705
1658,19,motor,45,45,-0.02433622741885249
1659,19,motor,45,99,-0.09084142077059268
1660,19,motor,99,153,-0.03868893761652637
1661,19,motor,99,207,0.011717826319773264
1662,19,motor,99,45,0.012646808276579304
1663,19,motor,99,99,0.03620699465945007
1664,19,v1,153,153,0.025043011286907446
1665,19,v1,153,207,-0.08432259775180823
1666,19,v1,153,45,-0.004833506710199045
1667,19,v1,153,99,0.04934518100944676
1668,19,v1,207,153,-0.03102345869805151
1669,19,v1,207,207,-0.06460098673250175
1670,19,v1,207,45,0.08883073418605156
1671,19,v1,207,99,0.01268507124828869
1672,19,v1,45,153,0.03896266307138348
1673,19,v1,45,207,0.14012226325777588
1674,19,v1,45,45,-0.08222475057126932
1675,19,v1,45,99,-0.09810633663163745
1676,19,v1,99,153,-0.03217238244495683
1677,19,v1,99,207,0.012752109240694618
1678,19,v1,99,45,-0.009136726487740669
1679,19,v1,99,99,0.04112120450308346
1680,19,sup_parietal,153,153,-0.053629304254507223
1681,19,sup_parietal,153,207,-0.06739344157028412
1682,19,sup_parietal,153,45,0.029695592608444538
1683,19,sup_parietal,153,99,0.08743550907425751
1684,19,sup_parietal,207,153,-0.03181057386044661
1685,19,sup_parietal,207,207,0.15356723159887864
1686,19,sup_parietal,207,45,-0.00485037208573743
1687,19,sup_parietal,207,99,-0.05587924106157856
1688,19,sup_parietal,45,153,0.01733572905824015
1689,19,sup_parietal,45,207,0.023652465862373948
1690,19,sup_parietal,45,45,0.017036150139239908
1691,19,sup_parietal,45,99,-0.09141629487357673
1692,19,sup_parietal,99,153,0.0709430916446035
1693,19,sup_parietal,99,207,-0.07451292113059343
1694,19,sup_parietal,99,45,-0.04410873566423621
1695,19,sup_parietal,99,99,0.03970481555860504
1696,19,inf_parietal,153,153,-0.0475548083938243
1697,19,inf_parietal,153,207,0.04975576368201349
1698,19,inf_parietal,153,45,-0.056086776743720146
1699,19,inf_parietal,153,99,0.05729829573299423
1700,19,inf_parietal,207,153,0.08343297320801898
1701,19,inf_parietal,207,207,-0.04406945594082809
1702,19,inf_parietal,207,45,-0.019765586619491682
1703,19,inf_parietal,207,99,-0.0007559837817269193
1704,19,inf_parietal,45,153,-0.020925132637339652
1705,19,inf_parietal,45,207,0.03155498776466291
1706,19,inf_parietal,45,45,0.10014609757574569
1707,19,inf_parietal,45,99,-0.10791356440593246
1708,19,inf_parietal,99,153,-0.018193379528065386
1709,19,inf_parietal,99,207,-0.029419125067961235
1710,19,inf_parietal,99,45,-0.0039018569644038905
1711,19,inf_parietal,99,99,0.026954662776545197
1712,19,v5,153,153,0.027029080063000525
1713,19,v5,153,207,0.01177582762764925
1714,19,v5,153,45,-0.10556807188188158
1715,19,v5,153,99,0.06213780452740618
1716,19,v5,207,153,-0.12405544879914668
1717,19,v5,207,207,0.08701722093189047
1718,19,v5,207,45,0.04848637842541065
1719,19,v5,207,99,-0.03619900303872381
1720,19,v5,45,153,-0.030091283762628415
1721,19,v5,45,207,0.11952610657727997
1722,19,v5,45,45,0.017545151466954362
1723,19,v5,45,99,-0.10691345349330063
1724,19,v5,99,153,0.11664280235608443
1725,19,v5,99,207,-0.14397117315556823
1726,19,v5,99,45,0.009935689770570362
1727,19,v5,99,99,0.04796563978849314
1728,20,premotor,153,153,0.024685194713874394
1729,20,premotor,153,207,-0.020857771964148432
1730,20,premotor,153,45,0.007095036911921079
1731,20,premotor,153,99,-0.01571590640938384
1732,20,premotor,207,153,-0.03743809727256028
1733,20,premotor,207,207,-0.00047296455805708945
1734,20,premotor,207,45,0.021369191066460666
1735,20,premotor,207,99,0.01871198311654828
1736,20,premotor,45,153,-0.015766294770984124
1737,20,premotor,45,207,0.07327937554746433
1738,20,premotor,45,45,-0.03771736100085586
1739,20,premotor,45,99,-0.009022021703111898
1740,20,premotor,99,153,0.01866870242845577
1741,20,premotor,99,207,-0.04053357250939021
1742,20,premotor,99,45,-4.4387957260904123e-05
1743,20,premotor,99,99,0.010404332036462745
1744,20,motor,153,153,0.10905605226041482
1745,20,motor,153,207,-0.0928419044442697
1746,20,motor,153,45,0.008163996180544952
1747,20,motor,153,99,-0.011101672455866275
1748,20,motor,207,153,-0.06132858737155428
1749,20,motor,207,207,0.007269355277036024
1750,20,motor,207,45,0.014966502993074737
1751,20,motor,207,99,0.026584290878499076
1752,20,motor,45,153,-0.04356653578684544
1753,20,motor,45,207,0.04429174440841334
1754,20,motor,45,45,0.006291169479603585
1755,20,motor,45,99,-0.020044060685668046
1756,20,motor,99,153,0.0036484658843179314
1757,20,motor,99,207,0.008919408427048376
1758,20,motor,99,45,-0.03520023309543332
1759,20,motor,99,99,0.03012267040798424
1760,20,v1,153,153,-0.05612895777328005
1761,20,v1,153,207,-0.047409094836298675
1762,20,v1,153,45,0.02233243429941201
1763,20,v1,153,99,0.07239013918979006
1764,20,v1,207,153,0.07050430169206033
1765,20,v1,207,207,-0.05450482821183704
1766,20,v1,207,45,-0.02671681327504795
1767,20,v1,207,99,0.008677560579201849
1768,20,v1,45,153,-0.06398972529183529
1769,20,v1,45,207,0.12424694166261604
1770,20,v1,45,45,-0.06582313910362964
1771,20,v1,45,99,0.01066721664628998
1772,20,v1,99,153,0.029271652290904983
1773,20,v1,99,207,-0.019897469649859507
1774,20,v1,99,45,0.06379066617899184
1775,20,v1,99,99,-0.07361251869278893
1776,20,sup_parietal,153,153,0.003697667804144107
1777,20,sup_parietal,153,207,-0.02674950835118713
1778,20,sup_parietal,153,45,0.0371258584090198
1779,20,sup_parietal,153,99,0.018565114168561606
1780,20,sup_parietal,207,153,0.043411891672810204
1781,20,sup_parietal,207,207,0.03923708454968026
1782,20,sup_parietal,207,45,0.012327980132275651
1783,20,sup_parietal,207,99,-0.08870823702325484
1784,20,sup_parietal,45,153,0.008555981741363156
1785,20,sup_parietal,45,207,0.06140894022315152
1786,20,sup_parietal,45,45,-0.04562679629092132
1787,20,sup_parietal,45,99,-0.03504934716814878
1788,20,sup_parietal,99,153,-0.04857351710918002
1789,20,sup_parietal,99,207,-0.06255824793709484
1790,20,sup_parietal,99,45,0.01605989877058462
1791,20,sup_parietal,99,99,0.07621649658860968
1792,20,inf_parietal,153,153,-0.014116252852476918
1793,20,inf_parietal,153,207,0.048385969543722554
1794,20,inf_parietal,153,45,-0.014496014947474543
1795,20,inf_parietal,153,99,-0.01743214920588459
1796,20,inf_parietal,207,153,-0.03309248591897763
1797,20,inf_parietal,207,207,-0.021257472116252802
1798,20,inf_parietal,207,45,0.03833863161129006
1799,20,inf_parietal,207,99,0.002225183215078315
1800,20,inf_parietal,45,153,-0.02139871790377331
1801,20,inf_parietal,45,207,0.08383928772184679
1802,20,inf_parietal,45,45,-0.0373988834526944
1803,20,inf_parietal,45,99,-0.01613880328765526
1804,20,inf_parietal,99,153,0.05521770776802229
1805,20,inf_parietal,99,207,-0.12001560464837593
1806,20,inf_parietal,99,45,0.025020057923231608
1807,20,inf_parietal,99,99,0.025868257407062535
1808,20,v5,153,153,0.05671481584158081
1809,20,v5,153,207,-0.08818429438919803
1810,20,v5,153,45,-0.0601504430846649
1811,20,v5,153,99,0.05691061962542977
1812,20,v5,207,153,0.049908311962500417
1813,20,v5,207,207,-0.010832809483156215
1814,20,v5,207,45,-0.009856195987636207
1815,20,v5,207,99,-0.010934937351444886
1816,20,v5,45,153,-0.07131971848825343
1817,20,v5,45,207,0.16316838749167972
1818,20,v5,45,45,0.012505779516280032
1819,20,v5,45,99,-0.13581488204176953
1820,20,v5,99,153,-0.09397487197631721
1821,20,v5,99,207,-0.05106573336524589
1822,20,v5,99,45,0.14270014825369895
1823,20,v5,99,99,0.03922774318069197
1824,22,premotor,153,153,0.013346683778391235
1825,22,premotor,153,207,0.032376179678176985
1826,22,premotor,153,45,-0.0643365887901031
1827,22,premotor,153,99,0.029392835529928475
1828,22,premotor,207,153,-0.01697793187189778
1829,22,premotor,207,207,-0.005900884973287387
1830,22,premotor,207,45,0.06383958443541327
1831,22,premotor,207,99,-0.04554903090940585
1832,22,premotor,45,153,0.029172704434876594
1833,22,premotor,45,207,0.0023896063268196432
1834,22,premotor,45,45,-0.03173949323139664
1835,22,premotor,45,99,-0.0019348446620485113
1836,22,premotor,99,153,-0.014097494045982623
1837,22,premotor,99,207,-0.03201846054960091
1838,22,premotor,99,45,0.02239634014353631
1839,22,premotor,99,99,0.019942636471798336
1840,22,motor,153,153,0.009087520139237807
1841,22,motor,153,207,-0.05868310476061772
1842,22,motor,153,45,-0.04180874422312128
1843,22,motor,153,99,0.08358743448489417
1844,22,motor,207,153,-0.003946186987147812
1845,22,motor,207,207,0.00816912797078306
1846,22,motor,207,45,0.08395382374587015
1847,22,motor,207,99,-0.04085117588992343
1848,22,motor,45,153,-0.025693447187428373
1849,22,motor,45,207,0.050475759106893656
1850,22,motor,45,45,-0.016385259904853233
1851,22,motor,45,99,-0.040834156044152886
1852,22,motor,99,153,0.01408494628890133
1853,22,motor,99,207,0.0031671017185519734
1854,22,motor,99,45,-0.010833867370216023
1855,22,motor,99,99,-0.02204301958185205
1856,22,v1,153,153,0.07914556931906559
1857,22,v1,153,207,-0.22007134530498978
1858,22,v1,153,45,0.08526369364112513
1859,22,v1,153,99,0.06960093104291896
1860,22,v1,207,153,0.04548431917779177
1861,22,v1,207,207,-0.013217657734574076
1862,22,v1,207,45,-0.09848832543497957
1863,22,v1,207,99,0.08345073211956419
1864,22,v1,45,153,0.063141089234986
1865,22,v1,45,207,0.23655981404001328
1866,22,v1,45,45,-0.023680316056700335
1867,22,v1,45,99,-0.2757269512082018
1868,22,v1,99,153,-0.1984076741068011
1869,22,v1,99,207,0.059357526735436886
1870,22,v1,99,45,0.014014966453525101
1871,22,v1,99,99,0.09665912295574379
1872,22,sup_parietal,153,153,0.08452389827981888
1873,22,sup_parietal,153,207,-0.07165518705362231
1874,22,sup_parietal,153,45,0.003294772036239689
1875,22,sup_parietal,153,99,0.006585201019793105
1876,22,sup_parietal,207,153,0.07111902398863507
1877,22,sup_parietal,207,207,0.022589911830444055
1878,22,sup_parietal,207,45,-0.0015339107378360296
1879,22,sup_parietal,207,99,-0.112632642273036
1880,22,sup_parietal,45,153,-0.0684726699181586
1881,22,sup_parietal,45,207,0.10302962865055318
1882,22,sup_parietal,45,45,0.021222005461413444
1883,22,sup_parietal,45,99,-0.038586415088550124
1884,22,sup_parietal,99,153,-0.081719056601972
1885,22,sup_parietal,99,207,-0.060487745631956864
1886,22,sup_parietal,99,45,-0.006874684944935783
1887,22,sup_parietal,99,99,0.11989132564476919
1888,22,inf_parietal,153,153,-0.005568706654152584
1889,22,inf_parietal,153,207,-0.03371738776064534
1890,22,inf_parietal,153,45,-0.006454399711586982
1891,22,inf_parietal,153,99,0.039607413225205945
1892,22,inf_parietal,207,153,0.006921254160419971
1893,22,inf_parietal,207,207,0.11839491664093521
1894,22,inf_parietal,207,45,-0.06217351991098256
1895,22,inf_parietal,207,99,-0.038159379502391184
1896,22,inf_parietal,45,153,0.071889307479944
1897,22,inf_parietal,45,207,-0.10300041574476496
1898,22,inf_parietal,45,45,0.042986135504511636
1899,22,inf_parietal,45,99,-0.023168575929861712
1900,22,inf_parietal,99,153,-0.06406727919712606
1901,22,inf_parietal,99,207,0.02716348879065777
1902,22,inf_parietal,99,45,0.006640002259826229
1903,22,inf_parietal,99,99,0.025272405201980826
1904,22,v5,153,153,-0.057887546464009274
1905,22,v5,153,207,-0.004351551505412759
1906,22,v5,153,45,-0.04088362725967751
1907,22,v5,153,99,0.11718693311435813
1908,22,v5,207,153,0.12559432756052588
1909,22,v5,207,207,-0.12210239760530768
1910,22,v5,207,45,0.002315156170379626
1911,22,v5,207,99,0.0008460422825531805
1912,22,v5,45,153,0.031753153899798325
1913,22,v5,45,207,0.07851102050440238
1914,22,v5,45,45,-0.017512357017590328
1915,22,v5,45,99,-0.08320700290302649
1916,22,v5,99,153,-0.06367972822638553
1917,22,v5,99,207,-0.006156622389576878
1918,22,v5,99,45,0.09385183991763602
1919,22,v5,99,99,-0.0756011675863747
1920,23,premotor,153,153,0.02270224726935101
1921,23,premotor,153,207,-0.05957806650182794
1922,23,premotor,153,45,0.0074254126562471705
1923,23,premotor,153,99,0.0331491986050674
1924,23,premotor,207,153,-0.00687863810276736
1925,23,premotor,207,207,0.009148345306030658
1926,23,premotor,207,45,0.0268282908780943
1927,23,premotor,207,99,-0.018589758387149338
1928,23,premotor,45,153,0.010748158959254774
1929,23,premotor,45,207,0.050234972253409116
1930,23,premotor,45,45,-0.0410101547937033
1931,23,premotor,45,99,-0.029419606398658205
1932,23,premotor,99,153,-0.04274842085409314
1933,23,premotor,99,207,-0.003083660478068597
1934,23,premotor,99,45,0.00756614834958157
1935,23,premotor,99,99,0.02842963874863324
1936,23,motor,153,153,0.07819689447133171
1937,23,motor,153,207,-0.08585707726470698
1938,23,motor,153,45,0.06370289888522651
1939,23,motor,153,99,-0.07330688258723755
1940,23,motor,207,153,-0.07635679161326475
1941,23,motor,207,207,0.0684850500049777
1942,23,motor,207,45,-0.04489471376895077
1943,23,motor,207,99,0.07063263625502245
1944,23,motor,45,153,0.026315478763211355
1945,23,motor,45,207,0.0509849485988218
1946,23,motor,45,45,0.0002477066549859165
1947,23,motor,45,99,-0.05657055710508849
1948,23,motor,99,153,-0.02734622041303582
1949,23,motor,99,207,-0.0297289816037533
1950,23,motor,99,45,-0.02523954845055624
1951,23,motor,99,99,0.05911958358521026
1952,23,v1,153,153,0.014844259408480536
1953,23,v1,153,207,-0.12390668841139173
1954,23,v1,153,45,0.05700370905289233
1955,23,v1,153,99,0.0392377944546337
1956,23,v1,207,153,0.02858314525842753
1957,23,v1,207,207,-0.07238052345420119
1958,23,v1,207,45,-0.010471788365651935
1959,23,v1,207,99,0.04983199294267303
1960,23,v1,45,153,0.07795547971785655
1961,23,v1,45,207,0.1554833920537333
1962,23,v1,45,45,-0.1500422645017967
1963,23,v1,45,99,-0.05357899472443016
1964,23,v1,99,153,-0.1097561937208479
1965,23,v1,99,207,0.05591055063697117
1966,23,v1,99,45,0.08380638172443036
1967,23,v1,99,99,-0.029616014752980417
1968,23,sup_parietal,153,153,-0.008923790086324464
1969,23,sup_parietal,153,207,0.0438293007156994
1970,23,sup_parietal,153,45,-0.05225120604449528
1971,23,sup_parietal,153,99,-0.033403996894693824
1972,23,sup_parietal,207,153,0.011741950984089838
1973,23,sup_parietal,207,207,-0.02812749164507188
1974,23,sup_parietal,207,45,0.025140471006998334
1975,23,sup_parietal,207,99,0.04737771954426098
1976,23,sup_parietal,45,153,-0.006785656795461996
1977,23,sup_parietal,45,207,0.0436306911159587
1978,23,sup_parietal,45,45,0.023556928686226476
1979,23,sup_parietal,45,99,-0.09260512635486799
1980,23,sup_parietal,99,153,-0.012335456249749036
1981,23,sup_parietal,99,207,-0.06443432456366457
1982,23,sup_parietal,99,45,0.008369134027718616
1983,23,sup_parietal,99,99,0.11143131116194549
1984,23,inf_parietal,153,153,0.02500049506941274
1985,23,inf_parietal,153,207,-0.05286282195861289
1986,23,inf_parietal,153,45,-0.01605329960621576
1987,23,inf_parietal,153,99,0.032852207330628796
1988,23,inf_parietal,207,153,-0.0015711149771847899
1989,23,inf_parietal,207,207,0.056811481695484695
1990,23,inf_parietal,207,45,0.025672370530743515
1991,23,inf_parietal,207,99,-0.07889615178364612
1992,23,inf_parietal,45,153,-0.028903034951004845
1993,23,inf_parietal,45,207,-0.035109739565576156
1994,23,inf_parietal,45,45,0.008213197765968188
1995,23,inf_parietal,45,99,0.03000988990532645
1996,23,inf_parietal,99,153,-0.04177896349746017
1997,23,inf_parietal,99,207,0.03951685769396
1998,23,inf_parietal,99,45,-0.048956475474474126
1999,23,inf_parietal,99,99,0.06527027735579559
2000,23,v5,153,153,0.05221886201674371
2001,23,v5,153,207,0.02712379679897925
2002,23,v5,153,45,-0.09198408306476652
2003,23,v5,153,99,0.01861897663013516
2004,23,v5,207,153,0.017405996669290467
2005,23,v5,207,207,0.11095178511808865
2006,23,v5,207,45,-0.08698699283691486
2007,23,v5,207,99,-0.03381412632092373
2008,23,v5,45,153,-0.08011203692181657
2009,23,v5,45,207,-0.06892050196391834
2010,23,v5,45,45,0.14183355450911492
2011,23,v5,45,99,0.010389058673000849
2012,23,v5,99,153,-0.04617179567531089
2013,23,v5,99,207,-0.011678692303403591
2014,23,v5,99,45,0.016813408020154776
2015,23,v5,99,99,-0.009749632578650934
2016,24,premotor,153,153,-0.0026618695797279847
2017,24,premotor,153,207,0.0018197026515930376
2018,24,premotor,153,45,-0.01400500748293222
2019,24,premotor,153,99,0.016586875229796034
2020,24,premotor,207,153,0.002398326659859012
2021,24,premotor,207,207,0.0605603261487359
2022,24,premotor,207,45,0.0355930290272152
2023,24,premotor,207,99,-0.09393745583311792
2024,24,premotor,45,153,-0.00567824326612084
2025,24,premotor,45,207,0.004141594282561266
2026,24,premotor,45,45,-0.021730043301301648
2027,24,premotor,45,99,0.026178214338350637
2028,24,premotor,99,153,0.01401218291969867
2029,24,premotor,99,207,-0.05917887278308299
2030,24,premotor,99,45,0.002873061403616081
2031,24,premotor,99,99,0.03328116946177364
2032,24,motor,153,153,0.009177665188388268
2033,24,motor,153,207,0.02252544352382381
2034,24,motor,153,45,0.02718686848192688
2035,24,motor,153,99,-0.06299305783155947
2036,24,motor,207,153,-0.04475615326659327
2037,24,motor,207,207,0.008733786817846059
2038,24,motor,207,45,0.002183780000259993
2039,24,motor,207,99,0.03640313468061465
2040,24,motor,45,153,-0.018535126071152545
2041,24,motor,45,207,-0.006730774034648629
2042,24,motor,45,45,0.024633767591165628
2043,24,motor,45,99,0.006491864204380204
2044,24,motor,99,153,0.07097753436003854
2045,24,motor,99,207,-0.017843076983310082
2046,24,motor,99,45,-0.06994527150456425
2047,24,motor,99,99,0.014742305333302494
2048,24,v1,153,153,-0.0452575385441567
2049,24,v1,153,207,-0.05339327306776172
2050,24,v1,153,45,0.04636415074102926
2051,24,v1,153,99,0.043622193694549456
2052,24,v1,207,153,0.009993943836597304
2053,24,v1,207,207,-0.053965900258046616
2054,24,v1,207,45,0.06380114723863209
2055,24,v1,207,99,-0.03856579910816707
2056,24,v1,45,153,0.05069810778254347
2057,24,v1,45,207,0.06404990197445067
2058,24,v1,45,45,-0.11721508895155738
2059,24,v1,45,99,0.04061609479655481
2060,24,v1,99,153,-0.013954247525267529
2061,24,v1,99,207,0.07811603228700599
2062,24,v1,99,45,0.009014480584660773
2063,24,v1,99,99,-0.07973677690165377
2064,24,sup_parietal,153,153,0.11403013358839914
2065,24,sup_parietal,153,207,-0.06606559168179389
2066,24,sup_parietal,153,45,0.011895471900726333
2067,24,sup_parietal,153,99,-0.01467485502326946
2068,24,sup_parietal,207,153,-0.058735645224118935
2069,24,sup_parietal,207,207,0.14054960688507723
2070,24,sup_parietal,207,45,-0.06824184861337262
2071,24,sup_parietal,207,99,-0.03303774129478794
2072,24,sup_parietal,45,153,-0.03102319981574579
2073,24,sup_parietal,45,207,-0.0460800750123168
2074,24,sup_parietal,45,45,0.04086335664178303
2075,24,sup_parietal,45,99,0.05973663333384518
2076,24,sup_parietal,99,153,-0.04016769122352255
2077,24,sup_parietal,99,207,-0.03328131787307922
2078,24,sup_parietal,99,45,0.036044722795598345
2079,24,sup_parietal,99,99,-0.006730186597724078
2080,24,inf_parietal,153,153,-0.04057117582957802
2081,24,inf_parietal,153,207,0.03151477510700784
2082,24,inf_parietal,153,45,-0.06080922358931802
2083,24,inf_parietal,153,99,0.04802735426732133
2084,24,inf_parietal,207,153,0.04983225776483083
2085,24,inf_parietal,207,207,0.05024334668377575
2086,24,inf_parietal,207,45,0.005775193322001193
2087,24,inf_parietal,207,99,-0.0877673667693722
2088,24,inf_parietal,45,153,0.008768159787046394
2089,24,inf_parietal,45,207,-0.026061325036484423
2090,24,inf_parietal,45,45,0.011686263992950127
2091,24,inf_parietal,45,99,-0.006461598209346914
2092,24,inf_parietal,99,153,-0.04321936455622581
2093,24,inf_parietal,99,207,-0.034101392592075924
2094,24,inf_parietal,99,45,0.025360508413465987
2095,24,inf_parietal,99,99,0.06789456535469343
2096,24,v5,153,153,0.14462602041391837
2097,24,v5,153,207,-0.10193769212872715
2098,24,v5,153,45,-0.011162660585563571
2099,24,v5,153,99,-0.06816746198900633
2100,24,v5,207,153,0.02576831617483862
2101,24,v5,207,207,0.09566062083559072
2102,24,v5,207,45,-0.14875803555979406
2103,24,v5,207,99,-0.0021349178544207113
2104,24,v5,45,153,-0.08273649950830046
2105,24,v5,45,207,0.08551201561209207
2106,24,v5,45,45,-0.00781584664648944
2107,24,v5,45,99,-0.0035744357283182746
2108,24,v5,99,153,-0.06567651339422684
2109,24,v5,99,207,-0.03218333219075123
2110,24,v5,99,45,0.1328122393190471
2111,24,v5,99,99,0.04316191452487608
2112,25,premotor,153,153,0.005961025389987591
2113,25,premotor,153,207,-0.03622171750862764
2114,25,premotor,153,45,-0.0022214520007132962
2115,25,premotor,153,99,0.04357426222805333
2116,25,premotor,207,153,0.015499196108874453
2117,25,premotor,207,207,0.014725889595654714
2118,25,premotor,207,45,0.0003484525574426363
2119,25,premotor,207,99,-0.03649811361446261
2120,25,premotor,45,153,-0.028199383777109392
2121,25,premotor,45,207,0.05802354280093832
2122,25,premotor,45,45,-0.012619185379184987
2123,25,premotor,45,99,-0.013970476212749177
2124,25,premotor,99,153,0.0022986454801611766
2125,25,premotor,99,207,-0.03332924943769461
2126,25,premotor,99,45,0.016347230302406545
2127,25,premotor,99,99,0.007487961579264746
2128,25,motor,153,153,-0.06812126209817154
2129,25,motor,153,207,-0.007072697855776328
2130,25,motor,153,45,0.05269850598212682
2131,25,motor,153,99,0.0460974285591263
2132,25,motor,207,153,0.0043194540590431214
2133,25,motor,207,207,0.08752701514369791
2134,25,motor,207,45,-0.08373605282683512
2135,25,motor,207,99,-0.01796584576503186
2136,25,motor,45,153,-0.014301418947558295
2137,25,motor,45,207,0.019311303311589378
2138,25,motor,45,45,-0.04586389255500868
2139,25,motor,45,99,0.024557670760620667
2140,25,motor,99,153,0.07438153589572573
2141,25,motor,99,207,-0.0792907142698622
2142,25,motor,99,45,0.0754870403186976
2143,25,motor,99,99,-0.07335498365248104
2144,25,v1,153,153,0.007948286053139877
2145,25,v1,153,207,-0.03475589047937585
2146,25,v1,153,45,0.029744419072729573
2147,25,v1,153,99,0.010674094543521164
2148,25,v1,207,153,-0.010551565601154778
2149,25,v1,207,207,-0.05999881149847011
2150,25,v1,207,45,0.014188855199109174
2151,25,v1,207,99,0.06455281272779953
2152,25,v1,45,153,0.04268135226944144
2153,25,v1,45,207,0.07960904786767731
2154,25,v1,45,45,-0.08964844568807159
2155,25,v1,45,99,-0.038244999844679495
2156,25,v1,99,153,-0.04373741272341171
2157,25,v1,99,207,0.03148098736324793
2158,25,v1,99,45,0.020027523285178206
2159,25,v1,99,99,-0.01380578672484138
2160,25,sup_parietal,153,153,-0.028934639838118278
2161,25,sup_parietal,153,207,0.0033546704442905736
2162,25,sup_parietal,153,45,0.03417683440784764
2163,25,sup_parietal,153,99,-0.03469620346928401
2164,25,sup_parietal,207,153,0.009264918395771433
2165,25,sup_parietal,207,207,-0.021573131181857608
2166,25,sup_parietal,207,45,0.04166654014747289
2167,25,sup_parietal,207,99,0.014061601658070716
2168,25,sup_parietal,45,153,0.020155251775054166
2169,25,sup_parietal,45,207,0.056298482294598266
2170,25,sup_parietal,45,45,-0.077999155827148
2171,25,sup_parietal,45,99,0.0028683441659672704
2172,25,sup_parietal,99,153,0.021887169417568155
2173,25,sup_parietal,99,207,-0.005677241435571301
2174,25,sup_parietal,99,45,-0.04920937927976879
2175,25,sup_parietal,99,99,0.020014334570793345
2176,25,inf_parietal,153,153,-0.0279666587669541
2177,25,inf_parietal,153,207,-0.008437844392790567
2178,25,inf_parietal,153,45,0.011563689627090763
2179,25,inf_parietal,153,99,0.03145900610448013
2180,25,inf_parietal,207,153,0.023331599369308807
2181,25,inf_parietal,207,207,0.007195924050899118
2182,25,inf_parietal,207,45,-0.06858708026072391
2183,25,inf_parietal,207,99,0.04482860277083752
2184,25,inf_parietal,45,153,0.0010431846998730475
2185,25,inf_parietal,45,207,0.04084074919955776
2186,25,inf_parietal,45,45,-0.0034774078138780345
2187,25,inf_parietal,45,99,-0.04170368672497879
2188,25,inf_parietal,99,153,0.024246954879904116
2189,25,inf_parietal,99,207,-0.04078033534173836
2190,25,inf_parietal,99,45,0.03843109573071255
2191,25,inf_parietal,99,99,-0.028751958006330264
2192,25,v5,153,153,-0.058626959549591906
2193,25,v5,153,207,0.005712279398301863
2194,25,v5,153,45,0.003513634613164597
2195,25,v5,153,99,0.023895085559590967
2196,25,v5,207,153,0.07383794924507708
2197,25,v5,207,207,-0.0831627025746072
2198,25,v5,207,45,0.003014276095016803
2199,25,v5,207,99,0.0215015946005432
2200,25,v5,45,153,0.01842231891536323
2201,25,v5,45,207,0.015453166241837617
2202,25,v5,45,45,-0.07853031687475026
2203,25,v5,45,99,0.052718466760985884
2204,25,v5,99,153,-0.04379261193594183
2205,25,v5,99,207,0.049641891158121114
2206,25,v5,99,45,0.06256126165844514
2207,25,v5,99,99,-0.05502752324519029
2208,26,premotor,153,153,-0.0014193340005474713
2209,26,premotor,153,207,-0.03426739372058235
2210,26,premotor,153,45,0.004180515459422503
2211,26,premotor,153,99,0.02611995768971824
2212,26,premotor,207,153,-0.021575214677058085
2213,26,premotor,207,207,0.0381353936853188
2214,26,premotor,207,45,-0.01026693826527611
2215,26,premotor,207,99,-0.009177531225487963
2216,26,premotor,45,153,0.02383176785365472
2217,26,premotor,45,207,0.024966472070934283
2218,26,premotor,45,45,-0.009082455599064097
2219,26,premotor,45,99,-0.04246932722821675
2220,26,premotor,99,153,0.007105263851187836
2221,26,premotor,99,207,-0.025152859315415707
2222,26,premotor,99,45,0.013754113052303705
2223,26,premotor,99,99,0.01442900799971452
2224,26,motor,153,153,-0.05352684100630735
2225,26,motor,153,207,0.02974353608455058
2226,26,motor,153,45,0.020632606170749773
2227,26,motor,153,99,-0.007905474380844433
2228,26,motor,207,153,-0.010936032427985128
2229,26,motor,207,207,0.028740740306399067
2230,26,motor,207,45,0.014135995933954412
2231,26,motor,207,99,-0.03165769319699724
2232,26,motor,45,153,0.032219203149874226
2233,26,motor,45,207,0.0006363649963089663
2234,26,motor,45,45,0.01050147474711061
2235,26,motor,45,99,-0.011540016439170613
2236,26,motor,99,153,0.03509945507373692
2237,26,motor,99,207,-0.04998642243850485
2238,26,motor,99,45,-0.050605606355596564
2239,26,motor,99,99,0.03680223897474251
2240,26,v1,153,153,-0.15468482109504672
2241,26,v1,153,207,-0.030744385357830806
2242,26,v1,153,45,0.06572935783072044
2243,26,v1,153,99,0.11971145308831224
2244,26,v1,207,153,0.10084184019982764
2245,26,v1,207,207,-0.19420032785236474
2246,26,v1,207,45,0.03130986723126768
2247,26,v1,207,99,0.041402772718573976
2248,26,v1,45,153,-0.012696167066190577
2249,26,v1,45,207,0.16722398375587552
2250,26,v1,45,45,-0.26041423064177693
2251,26,v1,45,99,0.09702212778846929
2252,26,v1,99,153,0.06353509090116423
2253,26,v1,99,207,0.09061209805711584
2254,26,v1,99,45,0.15689060060599336
2255,26,v1,99,99,-0.2828641899240648
2256,26,sup_parietal,153,153,-0.012572249771578316
2257,26,sup_parietal,153,207,-0.047040097458796296
2258,26,sup_parietal,153,45,0.05224032299892817
2259,26,sup_parietal,153,99,0.00507350259911098
2260,26,sup_parietal,207,153,0.05133846235339363
2261,26,sup_parietal,207,207,0.024871226155386023
2262,26,sup_parietal,207,45,-0.08830059434390317
2263,26,sup_parietal,207,99,0.011851710507755974
2264,26,sup_parietal,45,153,-0.06168123224988713
2265,26,sup_parietal,45,207,0.10777668252901011
2266,26,sup_parietal,45,45,-0.02231793744971809
2267,26,sup_parietal,45,99,-0.03568320130991511
2268,26,sup_parietal,99,153,0.015592140054008418
2269,26,sup_parietal,99,207,-0.05302890182663385
2270,26,sup_parietal,99,45,0.0441074354849003
2271,26,sup_parietal,99,99,0.007094950191749987
2272,26,inf_parietal,153,153,0.01664265354062052
2273,26,inf_parietal,153,207,-0.0041535072143853765
2274,26,inf_parietal,153,45,0.00026153719044037967
2275,26,inf_parietal,153,99,-0.021580663800215998
2276,26,inf_parietal,207,153,-0.02872850479532648
2277,26,inf_parietal,207,207,0.026509718103736715
2278,26,inf_parietal,207,45,-0.008357519682504765
2279,26,inf_parietal,207,99,0.017674627772995558
2280,26,inf_parietal,45,153,-0.03977552406301563
2281,26,inf_parietal,45,207,0.0017736005719262973
2282,26,inf_parietal,45,45,0.05633122160934648
2283,26,inf_parietal,45,99,-0.020574505140307894
2284,26,inf_parietal,99,153,0.04830076528328861
2285,26,inf_parietal,99,207,-0.007441720165373922
2286,26,inf_parietal,99,45,-0.03430805585469565
2287,26,inf_parietal,99,99,0.0032728605919616523
2288,26,v5,153,153,0.026593392145850884
2289,26,v5,153,207,-0.15339528142222736
2290,26,v5,153,45,0.08138036701024036
2291,26,v5,153,99,0.012572879787777654
2292,26,v5,207,153,0.005044721613057607
2293,26,v5,207,207,0.1475572833538577
2294,26,v5,207,45,-0.13294084982811155
2295,26,v5,207,99,-0.06533194464526781
2296,26,v5,45,153,-0.07689448771242595
2297,26,v5,45,207,0.030750415150995466
2298,26,v5,45,45,0.046716315121616975
2299,26,v5,45,99,0.04671941331557791
2300,26,v5,99,153,0.038905004823649975
2301,26,v5,99,207,-0.012976250378668522
2302,26,v5,99,45,0.007757099014654961
2303,26,v5,99,99,-0.028154214524919844
