,Participants,Masks,Straight Direction,Straight Direction_,Correlation
0,01,premotor,153,153,-0.8830079305617617
1,01,premotor,153,207,0.29309131023436885
2,01,premotor,153,45,0.21432629279447557
3,01,premotor,153,99,0.29520574527515087
4,01,premotor,207,153,0.28137477973241515
5,01,premotor,207,207,-0.7768565058114486
6,01,premotor,207,45,0.33679171170432076
7,01,premotor,207,99,0.2335507976018882
8,01,premotor,45,153,0.28915828744863425
9,01,premotor,45,207,0.30211746808269546
10,01,premotor,45,45,-0.7882877815410076
11,01,premotor,45,99,0.27977747923353213
12,01,premotor,99,153,0.29866737564169166
13,01,premotor,99,207,0.22300436534490034
14,01,premotor,99,45,0.22180158884894108
15,01,premotor,99,99,-0.8792062739918082
16,01,motor,153,153,-0.8709075078407871
17,01,motor,153,207,0.27726404537627564
18,01,motor,153,45,0.24377271407936518
19,01,motor,153,99,0.30150497115202923
20,01,motor,207,153,0.27426631799791334
21,01,motor,207,207,-0.7773884292385651
22,01,motor,207,45,0.2573148637533196
23,01,motor,207,99,0.2910418166327472
24,01,motor,45,153,0.3255209386370871
25,01,motor,45,207,0.2527498610507772
26,01,motor,45,45,-0.7888840096588648
27,01,motor,45,99,0.24318440707913833
28,01,motor,99,153,0.2940765271927174
29,01,motor,99,207,0.26162166374282986
30,01,motor,99,45,0.21051272569892476
31,01,motor,99,99,-0.8630595571234364
32,01,v1,153,153,-0.8553587425904492
33,01,v1,153,207,0.3183147556619383
34,01,v1,153,45,0.2572488663795488
35,01,v1,153,99,0.26536392629345196
36,01,v1,207,153,0.2921002738565456
37,01,v1,207,207,-0.8482214679320792
38,01,v1,207,45,0.282111926486555
39,01,v1,207,99,0.27469606394645074
40,01,v1,45,153,0.3033727265305904
41,01,v1,45,207,0.25581844283397626
42,01,v1,45,45,-0.8346115239137446
43,01,v1,45,99,0.28272928315002077
44,01,v1,99,153,0.3009556490560087
45,01,v1,99,207,0.26810391860615324
46,01,v1,99,45,0.22515345233757406
47,01,v1,99,99,-0.8651525205789022
48,01,sup_parietal,153,153,-0.8453676242173156
49,01,sup_parietal,153,207,0.29190329762120387
50,01,sup_parietal,153,45,0.26626825553453376
51,01,sup_parietal,153,99,0.2747021212676659
52,01,sup_parietal,207,153,0.2606494870679465
53,01,sup_parietal,207,207,-0.845272796362547
54,01,sup_parietal,207,45,0.31823680145525995
55,01,sup_parietal,207,99,0.3112308355546274
56,01,sup_parietal,45,153,0.24386541883010482
57,01,sup_parietal,45,207,0.3170088027607483
58,01,sup_parietal,45,45,-0.8516811271442317
59,01,sup_parietal,45,99,0.23874019821044784
60,01,sup_parietal,99,153,0.34466754584884063
61,01,sup_parietal,99,207,0.23503368186992887
62,01,sup_parietal,99,45,0.23215263882479778
63,01,sup_parietal,99,99,-0.8566759320805031
64,01,inf_parietal,153,153,-0.8700117426310587
65,01,inf_parietal,153,207,0.3292455719266247
66,01,inf_parietal,153,45,0.24903103238295726
67,01,inf_parietal,153,99,0.2182787760656206
68,01,inf_parietal,207,153,0.2869411072942395
69,01,inf_parietal,207,207,-0.8402298164006514
70,01,inf_parietal,207,45,0.31856864187521505
71,01,inf_parietal,207,99,0.287679988082721
72,01,inf_parietal,45,153,0.31031494750176075
73,01,inf_parietal,45,207,0.2501679738894925
74,01,inf_parietal,45,45,-0.8413514167554819
75,01,inf_parietal,45,99,0.26807346681603306
76,01,inf_parietal,99,153,0.261454485705968
77,01,inf_parietal,99,207,0.2887248281933197
78,01,inf_parietal,99,45,0.2335404025645169
79,01,inf_parietal,99,99,-0.8441125355722643
80,01,v5,153,153,-0.8011706426857668
81,01,v5,153,207,0.2259421365621209
82,01,v5,153,45,0.29663378048018113
83,01,v5,153,99,0.27010156834529797
84,01,v5,207,153,0.28972717567815076
85,01,v5,207,207,-0.7840356804353932
86,01,v5,207,45,0.24722559112585527
87,01,v5,207,99,0.2210346093266431
88,01,v5,45,153,0.30206863294994624
89,01,v5,45,207,0.3067045856014042
90,01,v5,45,45,-0.7165355827150377
91,01,v5,45,99,0.09800777306737646
92,01,v5,99,153,0.26917878735444223
93,01,v5,99,207,0.1608390617095753
94,01,v5,99,45,0.20444559214383587
95,01,v5,99,99,-0.7003538347428663
96,02,premotor,153,153,-0.8805201973078086
97,02,premotor,153,207,0.3323652644939061
98,02,premotor,153,45,0.2207299844089124
99,02,premotor,153,99,0.25490286098320536
100,02,premotor,207,153,0.3579801842355455
101,02,premotor,207,207,-0.8830475594649834
102,02,premotor,207,45,0.3087576224915795
103,02,premotor,207,99,0.25830625592757467
104,02,premotor,45,153,0.24403014058019298
105,02,premotor,45,207,0.2968520027687881
106,02,premotor,45,45,-0.8806376034581118
107,02,premotor,45,99,0.3487217775384616
108,02,premotor,99,153,0.25180356299172374
109,02,premotor,99,207,0.27622883533401466
110,02,premotor,99,45,0.3366031883257428
111,02,premotor,99,99,-0.8812021290375811
112,02,motor,153,153,-0.8437253553008117
113,02,motor,153,207,0.30964890062175754
114,02,motor,153,45,0.1761487040906265
115,02,motor,153,99,0.27891492185831906
116,02,motor,207,153,0.33364170104009166
117,02,motor,207,207,-0.8656829527040424
118,02,motor,207,45,0.2684445917307048
119,02,motor,207,99,0.3019357403343594
120,02,motor,45,153,0.20718526129047565
121,02,motor,45,207,0.288760347469043
122,02,motor,45,45,-0.8784856295618704
123,02,motor,45,99,0.34229787788784294
124,02,motor,99,153,0.2419282347351122
125,02,motor,99,207,0.2748110797311705
126,02,motor,99,45,0.3631760922756463
127,02,motor,99,99,-0.8820071960858116
128,02,v1,153,153,-0.8202594741342905
129,02,v1,153,207,0.32829557687697053
130,02,v1,153,45,0.19595852960809712
131,02,v1,153,99,0.2318570031151257
132,02,v1,207,153,0.32769480682683017
133,02,v1,207,207,-0.8366953627404099
134,02,v1,207,45,0.2788095991393293
135,02,v1,207,99,0.3053414192439564
136,02,v1,45,153,0.2131367518979238
137,02,v1,45,207,0.2563065189529098
138,02,v1,45,45,-0.8286269362488301
139,02,v1,45,99,0.2986257884266756
140,02,v1,99,153,0.24086707032343868
141,02,v1,99,207,0.29103853668424573
142,02,v1,99,45,0.29981282579835583
143,02,v1,99,99,-0.8442066311812697
144,02,sup_parietal,153,153,-0.8221186121515094
145,02,sup_parietal,153,207,0.3076979857986389
146,02,sup_parietal,153,45,0.1909665780112189
147,02,sup_parietal,153,99,0.27479780327922343
148,02,sup_parietal,207,153,0.3180279383765235
149,02,sup_parietal,207,207,-0.820156215717555
150,02,sup_parietal,207,45,0.26381613063978504
151,02,sup_parietal,207,99,0.32600774935310894
152,02,sup_parietal,45,153,0.24294340028772982
153,02,sup_parietal,45,207,0.20589865879708122
154,02,sup_parietal,45,45,-0.8043882746413296
155,02,sup_parietal,45,99,0.23842482971154627
156,02,sup_parietal,99,153,0.21218004437663163
157,02,sup_parietal,99,207,0.3416401609066103
158,02,sup_parietal,99,45,0.237082014822121
159,02,sup_parietal,99,99,-0.8354954900659781
160,02,inf_parietal,153,153,-0.8413581387511458
161,02,inf_parietal,153,207,0.32792409048690735
162,02,inf_parietal,153,45,0.22382374775033032
163,02,inf_parietal,153,99,0.23886082348606125
164,02,inf_parietal,207,153,0.3579573511144966
165,02,inf_parietal,207,207,-0.874743557814285
166,02,inf_parietal,207,45,0.28603637544430127
167,02,inf_parietal,207,99,0.27954462134799174
168,02,inf_parietal,45,153,0.24844367410330914
169,02,inf_parietal,45,207,0.3073366209939503
170,02,inf_parietal,45,45,-0.8722194712708466
171,02,inf_parietal,45,99,0.28930539685945633
172,02,inf_parietal,99,153,0.19608083572905372
173,02,inf_parietal,99,207,0.28613678520042196
174,02,inf_parietal,99,45,0.3271579553466312
175,02,inf_parietal,99,99,-0.854545596487055
176,02,v5,153,153,-0.7938555654492461
177,02,v5,153,207,0.2849646033482787
178,02,v5,153,45,0.1721668115299797
179,02,v5,153,99,0.2562366758086868
180,02,v5,207,153,0.29058922222940314
181,02,v5,207,207,-0.7513955586957368
182,02,v5,207,45,0.28557645241498314
183,02,v5,207,99,0.23731633969640653
184,02,v5,45,153,0.18774774977235942
185,02,v5,45,207,0.23290406937925082
186,02,v5,45,45,-0.7710675969878533
187,02,v5,45,99,0.26656385863266496
188,02,v5,99,153,0.24809095589798832
189,02,v5,99,207,0.20796454139349535
190,02,v5,99,45,0.2976014033033556
191,02,v5,99,99,-0.7688456620443699
192,03,premotor,153,153,-0.8682648370679877
193,03,premotor,153,207,0.27991508239926355
194,03,premotor,153,45,0.2715052810700641
195,03,premotor,153,99,0.32116636882213356
196,03,premotor,207,153,0.28893837619615337
197,03,premotor,207,207,-0.8819498949070892
198,03,premotor,207,45,0.3270644965664183
199,03,premotor,207,99,0.2525027537384944
200,03,premotor,45,153,0.27698333731842695
201,03,premotor,45,207,0.3374001962226961
202,03,premotor,45,45,-0.8658840150346554
203,03,premotor,45,99,0.27601264093656896
204,03,premotor,99,153,0.3321122053795663
205,03,premotor,99,207,0.2499869253478657
206,03,premotor,99,45,0.2438617004545146
207,03,premotor,99,99,-0.8786567717186256
208,03,motor,153,153,-0.8561571760934297
209,03,motor,153,207,0.2863842542518267
210,03,motor,153,45,0.25375734044050174
211,03,motor,153,99,0.2961267483570467
212,03,motor,207,153,0.26013941366592036
213,03,motor,207,207,-0.8694046106830442
214,03,motor,207,45,0.3402201229126503
215,03,motor,207,99,0.27450009726468727
216,03,motor,45,153,0.2655259756605635
217,03,motor,45,207,0.3416294156988039
218,03,motor,45,45,-0.8512917925805095
219,03,motor,45,99,0.25603858621561537
220,03,motor,99,153,0.2933622621085278
221,03,motor,99,207,0.26727580521585537
222,03,motor,99,45,0.25792465576308193
223,03,motor,99,99,-0.8692805628662241
224,03,v1,153,153,-0.7890617152781292
225,03,v1,153,207,0.30081393595021055
226,03,v1,153,45,0.20508391438939536
227,03,v1,153,99,0.24194449505327748
228,03,v1,207,153,0.28426038058424585
229,03,v1,207,207,-0.7348431059509917
230,03,v1,207,45,0.25336062074953025
231,03,v1,207,99,0.20174980867044826
232,03,v1,45,153,0.2079502946918988
233,03,v1,45,207,0.27234849385079785
234,03,v1,45,45,-0.7697258751011106
235,03,v1,45,99,0.31482731125587027
236,03,v1,99,153,0.2721925296454685
237,03,v1,99,207,0.1704954244364961
238,03,v1,99,45,0.29865086577471567
239,03,v1,99,99,-0.7749825252026423
240,03,sup_parietal,153,153,-0.8026648932271845
241,03,sup_parietal,153,207,0.2682824772378766
242,03,sup_parietal,153,45,0.22466118593888085
243,03,sup_parietal,153,99,0.2911599312269998
244,03,sup_parietal,207,153,0.2767918735584543
245,03,sup_parietal,207,207,-0.8147984580809264
246,03,sup_parietal,207,45,0.2889517015831886
247,03,sup_parietal,207,99,0.20481307496687962
248,03,sup_parietal,45,153,0.1372036047149951
249,03,sup_parietal,45,207,0.2973519238074493
250,03,sup_parietal,45,45,-0.8025703291634105
251,03,sup_parietal,45,99,0.32092791759796674
252,03,sup_parietal,99,153,0.3631963864791538
253,03,sup_parietal,99,207,0.17384622385725562
254,03,sup_parietal,99,45,0.2500353420531257
255,03,sup_parietal,99,99,-0.8252911573863284
256,03,inf_parietal,153,153,-0.8590778283164562
257,03,inf_parietal,153,207,0.25161589244517174
258,03,inf_parietal,153,45,0.29561020476513844
259,03,inf_parietal,153,99,0.29109681460622083
260,03,inf_parietal,207,153,0.24520920191614357
261,03,inf_parietal,207,207,-0.8510411791841297
262,03,inf_parietal,207,45,0.29525505376785555
263,03,inf_parietal,207,99,0.27715679245427255
264,03,inf_parietal,45,153,0.2614014734104335
265,03,inf_parietal,45,207,0.35167554897654163
266,03,inf_parietal,45,45,-0.8475298559494291
267,03,inf_parietal,45,99,0.2553582945366327
268,03,inf_parietal,99,153,0.32996609833404167
269,03,inf_parietal,99,207,0.2517737823359787
270,03,inf_parietal,99,45,0.22837756870287854
271,03,inf_parietal,99,99,-0.854925852788871
272,03,v5,153,153,-0.8035019973237536
273,03,v5,153,207,0.26758176686411855
274,03,v5,153,45,0.23092160882029222
275,03,v5,153,99,0.31922139811477207
276,03,v5,207,153,0.3107616941541894
277,03,v5,207,207,-0.8038510052422319
278,03,v5,207,45,0.250771953379331
279,03,v5,207,99,0.252029852215237
280,03,v5,45,153,0.22665565149139338
281,03,v5,45,207,0.21899258099881044
282,03,v5,45,45,-0.806536964896688
283,03,v5,45,99,0.2737878161012308
284,03,v5,99,153,0.28775596712995766
285,03,v5,99,207,0.23871095764107697
286,03,v5,99,45,0.27413933851707084
287,03,v5,99,99,-0.8053117312285528
288,04,premotor,153,153,-0.8947292539248302
289,04,premotor,153,207,0.32354747281908813
290,04,premotor,153,45,0.2832634508549401
291,04,premotor,153,99,0.3023517330632766
292,04,premotor,207,153,0.2783189360159255
293,04,premotor,207,207,-0.8808768482484113
294,04,premotor,207,45,0.30119116148352687
295,04,premotor,207,99,0.3056470948820238
296,04,premotor,45,153,0.3057950810235366
297,04,premotor,45,207,0.3035571244279582
298,04,premotor,45,45,-0.8681266089815597
299,04,premotor,45,99,0.26198262779342785
300,04,premotor,99,153,0.3164861052424198
301,04,premotor,99,207,0.2600202284868542
302,04,premotor,99,45,0.24156951421827622
303,04,premotor,99,99,-0.870704400363931
304,04,motor,153,153,-0.8658406418289628
305,04,motor,153,207,0.262200351390551
306,04,motor,153,45,0.2652540206322726
307,04,motor,153,99,0.32538918495169805
308,04,motor,207,153,0.2759060895537485
309,04,motor,207,207,-0.8737156591927606
310,04,motor,207,45,0.3062362989256229
311,04,motor,207,99,0.2727259814863152
312,04,motor,45,153,0.27728932898522746
313,04,motor,45,207,0.30145410365430614
314,04,motor,45,45,-0.8645480966982794
315,04,motor,45,99,0.26494440413675213
316,04,motor,99,153,0.31104392326270947
317,04,motor,99,207,0.26246869126051964
318,04,motor,99,45,0.26673817459220805
319,04,motor,99,99,-0.8656066630350129
320,04,v1,153,153,-0.8314880032705553
321,04,v1,153,207,0.31724824359057935
322,04,v1,153,45,0.2547339017010418
323,04,v1,153,99,0.30136808311588303
324,04,v1,207,153,0.3420486396580248
325,04,v1,207,207,-0.8072613000237973
326,04,v1,207,45,0.2630305199614984
327,04,v1,207,99,0.1960349947095474
328,04,v1,45,153,0.282174266243325
329,04,v1,45,207,0.25662587107510465
330,04,v1,45,45,-0.8274594732010724
331,04,v1,45,99,0.21975900917808172
332,04,v1,99,153,0.2894633858005953
333,04,v1,99,207,0.21270217134192795
334,04,v1,99,45,0.23068906986554683
335,04,v1,99,99,-0.7750765132099515
336,04,sup_parietal,153,153,-0.801285989344684
337,04,sup_parietal,153,207,0.27117810685097216
338,04,sup_parietal,153,45,0.21268393610735142
339,04,sup_parietal,153,99,0.31373385282908095
340,04,sup_parietal,207,153,0.33045565041833713
341,04,sup_parietal,207,207,-0.8044357597311926
342,04,sup_parietal,207,45,0.26402918869916203
343,04,sup_parietal,207,99,0.198905979744194
344,04,sup_parietal,45,153,0.20668802889535676
345,04,sup_parietal,45,207,0.2829913324011691
346,04,sup_parietal,45,45,-0.8273324541175973
347,04,sup_parietal,45,99,0.2713503603284039
348,04,sup_parietal,99,153,0.23397393811128492
349,04,sup_parietal,99,207,0.24335724983621448
350,04,sup_parietal,99,45,0.28100549421680787
351,04,sup_parietal,99,99,-0.8026142625333248
352,04,inf_parietal,153,153,-0.8661622689677226
353,04,inf_parietal,153,207,0.31095176697235727
354,04,inf_parietal,153,45,0.2727984370790625
355,04,inf_parietal,153,99,0.29180424477637257
356,04,inf_parietal,207,153,0.24149756970957978
357,04,inf_parietal,207,207,-0.8539771255473667
358,04,inf_parietal,207,45,0.3043273852691669
359,04,inf_parietal,207,99,0.28405011310875056
360,04,inf_parietal,45,153,0.3334951977136423
361,04,inf_parietal,45,207,0.2778382504250777
362,04,inf_parietal,45,45,-0.8502219897539167
363,04,inf_parietal,45,99,0.21514003901455134
364,04,inf_parietal,99,153,0.3188179849968976
365,04,inf_parietal,99,207,0.2766400586154798
366,04,inf_parietal,99,45,0.1983362754732943
367,04,inf_parietal,99,99,-0.8577841440038165
368,04,v5,153,153,-0.7629111718400585
369,04,v5,153,207,0.2530155500902883
370,04,v5,153,45,0.16196775895761384
371,04,v5,153,99,0.26517401852786876
372,04,v5,207,153,0.16297962077546316
373,04,v5,207,207,-0.8251434340896677
374,04,v5,207,45,0.2983160645870421
375,04,v5,207,99,0.34007079365558923
376,04,v5,45,153,0.24898922038174232
377,04,v5,45,207,0.31920769702106233
378,04,v5,45,45,-0.7209179995501989
379,04,v5,45,99,0.20320929108903973
380,04,v5,99,153,0.3583783258023291
381,04,v5,99,207,0.2730601235499677
382,04,v5,99,45,0.22043332697096768
383,04,v5,99,99,-0.8406390724922502
384,05,premotor,153,153,-0.7154014267366949
385,05,premotor,153,207,0.25717121329159975
386,05,premotor,153,45,0.14019529534360564
387,05,premotor,153,99,0.33485928397581255
388,05,premotor,207,153,0.21727079010739575
389,05,premotor,207,207,-0.7820989343191551
390,05,premotor,207,45,0.30877153517120015
391,05,premotor,207,99,0.21718922474407193
392,05,premotor,45,153,0.20938016397029838
393,05,premotor,45,207,0.2933076946563013
394,05,premotor,45,45,-0.5519147107259477
395,05,premotor,45,99,0.16030463689736077
396,05,premotor,99,153,0.322936776436982
397,05,premotor,99,207,0.19566914343513403
398,05,premotor,99,45,0.18680938585140855
399,05,premotor,99,99,-0.8532465954413176
400,05,motor,153,153,-0.7083727955826514
401,05,motor,153,207,0.20300110948414496
402,05,motor,153,45,0.1825908621861328
403,05,motor,153,99,0.33879974123381584
404,05,motor,207,153,0.19065934029444526
405,05,motor,207,207,-0.776712310511085
406,05,motor,207,45,0.31379762104851416
407,05,motor,207,99,0.209474617112116
408,05,motor,45,153,0.17450916598311247
409,05,motor,45,207,0.32037857693521604
410,05,motor,45,45,-0.5881817339974956
411,05,motor,45,99,0.1908209610041493
412,05,motor,99,153,0.33117990855714596
413,05,motor,99,207,0.18387600563648787
414,05,motor,99,45,0.19999762097820165
415,05,motor,99,99,-0.8634544950726714
416,05,v1,153,153,-0.7094885410126712
417,05,v1,153,207,0.32554666689308087
418,05,v1,153,45,0.15577720936406209
419,05,v1,153,99,0.22809894206566325
420,05,v1,207,153,0.25898522184083883
421,05,v1,207,207,-0.7584171723275509
422,05,v1,207,45,0.2204212239006514
423,05,v1,207,99,0.24295256389456688
424,05,v1,45,153,0.13761416111982122
425,05,v1,45,207,0.22431515206981703
426,05,v1,45,45,-0.5455617223787037
427,05,v1,45,99,0.20465718467996274
428,05,v1,99,153,0.32951702620853085
429,05,v1,99,207,0.1982801897251569
430,05,v1,99,45,0.21115634381408815
431,05,v1,99,99,-0.8332894182603436
432,05,sup_parietal,153,153,-0.8084569946108252
433,05,sup_parietal,153,207,0.2516414096955865
434,05,sup_parietal,153,45,0.18997893891060394
435,05,sup_parietal,153,99,0.35105128522846624
436,05,sup_parietal,207,153,0.2853887405947415
437,05,sup_parietal,207,207,-0.7811704593358431
438,05,sup_parietal,207,45,0.293204372014705
439,05,sup_parietal,207,99,0.1476497081987294
440,05,sup_parietal,45,153,0.2366239123355028
441,05,sup_parietal,45,207,0.29944384947689917
442,05,sup_parietal,45,45,-0.702546195949909
443,05,sup_parietal,45,99,0.2037233413925754
444,05,sup_parietal,99,153,0.3327530224060765
445,05,sup_parietal,99,207,0.08438632490216652
446,05,sup_parietal,99,45,0.24272310309762274
447,05,sup_parietal,99,99,-0.8023409406218671
448,05,inf_parietal,153,153,-0.818808082509381
449,05,inf_parietal,153,207,0.26158792610745896
450,05,inf_parietal,153,45,0.1997578939284328
451,05,inf_parietal,153,99,0.3478534077483806
452,05,inf_parietal,207,153,0.23348019086651478
453,05,inf_parietal,207,207,-0.7897292125747164
454,05,inf_parietal,207,45,0.28538831381909996
455,05,inf_parietal,207,99,0.22586052713066362
456,05,inf_parietal,45,153,0.22038052915581752
457,05,inf_parietal,45,207,0.2641323313221188
458,05,inf_parietal,45,45,-0.636620621831499
459,05,inf_parietal,45,99,0.20718073134986711
460,05,inf_parietal,99,153,0.3620444260995881
461,05,inf_parietal,99,207,0.2029544728383515
462,05,inf_parietal,99,45,0.2039205787969527
463,05,inf_parietal,99,99,-0.8574418769975033
464,05,v5,153,153,-0.7986732952041634
465,05,v5,153,207,0.2891114745041401
466,05,v5,153,45,0.23351180084943618
467,05,v5,153,99,0.4282789269104643
468,05,v5,207,153,0.2963339199368314
469,05,v5,207,207,-0.8102193724374045
470,05,v5,207,45,0.28553975826136263
471,05,v5,207,99,0.19052896992152152
472,05,v5,45,153,0.13241727003014192
473,05,v5,45,207,0.293541584106142
474,05,v5,45,45,-0.6247290385509018
475,05,v5,45,99,0.14472329921931826
476,05,v5,99,153,0.34610624081726626
477,05,v5,99,207,0.17656167328185085
478,05,v5,99,45,0.11982633266116557
479,05,v5,99,99,-0.7970221981590995
480,06,premotor,153,153,-0.800788521815714
481,06,premotor,153,207,0.24836424091397724
482,06,premotor,153,45,0.25386544181422166
483,06,premotor,153,99,0.2926426306741706
484,06,premotor,207,153,0.24580641189139849
485,06,premotor,207,207,-0.8549566781255034
486,06,premotor,207,45,0.3356707522305417
487,06,premotor,207,99,0.279166587314237
488,06,premotor,45,153,0.19122174019210023
489,06,premotor,45,207,0.29963058884901217
490,06,premotor,45,45,-0.8435578330967449
491,06,premotor,45,99,0.30943778165247837
492,06,premotor,99,153,0.30252271181298057
493,06,premotor,99,207,0.303405641004307
494,06,premotor,99,45,0.26784843801458225
495,06,premotor,99,99,-0.8566091987886028
496,06,motor,153,153,-0.7952883470673537
497,06,motor,153,207,0.23333088140036434
498,06,motor,153,45,0.2631322549946775
499,06,motor,153,99,0.2712839465107234
500,06,motor,207,153,0.2132325048419383
501,06,motor,207,207,-0.8282205600110486
502,06,motor,207,45,0.3420823592749075
503,06,motor,207,99,0.2919765906493518
504,06,motor,45,153,0.24583767099200943
505,06,motor,45,207,0.309174736626156
506,06,motor,45,45,-0.8269197206034828
507,06,motor,45,99,0.24084245241616448
508,06,motor,99,153,0.31319262650374596
509,06,motor,99,207,0.3031230566810792
510,06,motor,99,45,0.20768660696583655
511,06,motor,99,99,-0.8509421457366464
512,06,v1,153,153,-0.7740071341502377
513,06,v1,153,207,0.3039217894381835
514,06,v1,153,45,0.18929292928598562
515,06,v1,153,99,0.2634404456873235
516,06,v1,207,153,0.28633238707579955
517,06,v1,207,207,-0.747217546260439
518,06,v1,207,45,0.2642662307411248
519,06,v1,207,99,0.18728195538086967
520,06,v1,45,153,0.1938133815412634
521,06,v1,45,207,0.24899618580458138
522,06,v1,45,45,-0.7313159915064975
523,06,v1,45,99,0.2918339134432902
524,06,v1,99,153,0.2462049256923064
525,06,v1,99,207,0.16989020368751676
526,06,v1,99,45,0.30880625612208046
527,06,v1,99,99,-0.7841614386993251
528,06,sup_parietal,153,153,-0.7589521646605571
529,06,sup_parietal,153,207,0.2196091577310813
530,06,sup_parietal,153,45,0.22993207910351426
531,06,sup_parietal,153,99,0.274215598537242
532,06,sup_parietal,207,153,0.23763047679611954
533,06,sup_parietal,207,207,-0.782047721257279
534,06,sup_parietal,207,45,0.27275641038599496
535,06,sup_parietal,207,99,0.32512740610508206
536,06,sup_parietal,45,153,0.18047439723385644
537,06,sup_parietal,45,207,0.28808029420952846
538,06,sup_parietal,45,45,-0.8069156266704978
539,06,sup_parietal,45,99,0.24002376483915216
540,06,sup_parietal,99,153,0.27552398957664076
541,06,sup_parietal,99,207,0.2657240943964376
542,06,sup_parietal,99,45,0.24578435281278202
543,06,sup_parietal,99,99,-0.8071352408329628
544,06,inf_parietal,153,153,-0.7875379503290898
545,06,inf_parietal,153,207,0.2108540240432824
546,06,inf_parietal,153,45,0.251525860762931
547,06,inf_parietal,153,99,0.3019040962764047
548,06,inf_parietal,207,153,0.19030207236703803
549,06,inf_parietal,207,207,-0.8550373765498197
550,06,inf_parietal,207,45,0.3686588377966856
551,06,inf_parietal,207,99,0.2954611185554807
552,06,inf_parietal,45,153,0.2318964461927836
553,06,inf_parietal,45,207,0.31189792777301756
554,06,inf_parietal,45,45,-0.8315697511627423
555,06,inf_parietal,45,99,0.25979986549865475
556,06,inf_parietal,99,153,0.27199053402797746
557,06,inf_parietal,99,207,0.30188826672656904
558,06,inf_parietal,99,45,0.24361504996595437
559,06,inf_parietal,99,99,-0.8405327537466134
560,06,v5,153,153,-0.6786009884079114
561,06,v5,153,207,0.2664148042217851
562,06,v5,153,45,0.2405403852629653
563,06,v5,153,99,0.21177108514929777
564,06,v5,207,153,0.18482347712283198
565,06,v5,207,207,-0.7302816825206896
566,06,v5,207,45,0.21938675233583083
567,06,v5,207,99,0.2585032010524413
568,06,v5,45,153,0.21056102938983584
569,06,v5,45,207,0.2724504313011027
570,06,v5,45,45,-0.7701066577834653
571,06,v5,45,99,0.29023932149446774
572,06,v5,99,153,0.30619412348027975
573,06,v5,99,207,0.20731234379079894
574,06,v5,99,45,0.2944404832859977
575,06,v5,99,99,-0.8194163209761525
576,07,premotor,153,153,-0.8476665704606611
577,07,premotor,153,207,0.3352524490510963
578,07,premotor,153,45,0.25827459648517537
579,07,premotor,153,99,0.2710939705666611
580,07,premotor,207,153,0.3414064166029908
581,07,premotor,207,207,-0.807474180935655
582,07,premotor,207,45,0.24513001719573513
583,07,premotor,207,99,0.24544203245532234
584,07,premotor,45,153,0.2585225212223846
585,07,premotor,45,207,0.23401920928234704
586,07,premotor,45,45,-0.8472708337856478
587,07,premotor,45,99,0.3010899084509715
588,07,premotor,99,153,0.27204196828646715
589,07,premotor,99,207,0.24229164309901896
590,07,premotor,99,45,0.29144406320916777
591,07,premotor,99,99,-0.842248218168012
592,07,motor,153,153,-0.8292152939204183
593,07,motor,153,207,0.30447462531270497
594,07,motor,153,45,0.2851849093832104
595,07,motor,153,99,0.23270832767469699
596,07,motor,207,153,0.2927344843647163
597,07,motor,207,207,-0.7611549941590189
598,07,motor,207,45,0.25674366044416735
599,07,motor,207,99,0.24269351672123674
600,07,motor,45,153,0.26992877703836493
601,07,motor,45,207,0.28057134335906864
602,07,motor,45,45,-0.8275284049869495
603,07,motor,45,99,0.26586985603694374
604,07,motor,99,153,0.2653859735827743
605,07,motor,99,207,0.21828966871486827
606,07,motor,99,45,0.25777611783736487
607,07,motor,99,99,-0.8306794128846873
608,07,v1,153,153,-0.7166629959533954
609,07,v1,153,207,0.2819182805630692
610,07,v1,153,45,0.2189683283382059
611,07,v1,153,99,0.2190731618251675
612,07,v1,207,153,0.2887186394418312
613,07,v1,207,207,-0.7243924315732506
614,07,v1,207,45,0.2517898292584886
615,07,v1,207,99,0.17716011275028126
616,07,v1,45,153,0.23472748885548966
617,07,v1,45,207,0.23438377310082603
618,07,v1,45,45,-0.7574284531365519
619,07,v1,45,99,0.2756212765075555
620,07,v1,99,153,0.18670297718691647
621,07,v1,99,207,0.21796322037406016
622,07,v1,99,45,0.2728793940351295
623,07,v1,99,99,-0.7073015903032929
624,07,sup_parietal,153,153,-0.7731507898996457
625,07,sup_parietal,153,207,0.3169003705829858
626,07,sup_parietal,153,45,0.22652853398905357
627,07,sup_parietal,153,99,0.2312013254141063
628,07,sup_parietal,207,153,0.3128475513979484
629,07,sup_parietal,207,207,-0.7441328587808507
630,07,sup_parietal,207,45,0.24181217573331398
631,07,sup_parietal,207,99,0.14902466762824054
632,07,sup_parietal,45,153,0.21252279163650148
633,07,sup_parietal,45,207,0.18449878348742454
634,07,sup_parietal,45,45,-0.804271804319059
635,07,sup_parietal,45,99,0.36677161647332235
636,07,sup_parietal,99,153,0.24315441515582026
637,07,sup_parietal,99,207,0.1760863507910177
638,07,sup_parietal,99,45,0.2936769070728801
639,07,sup_parietal,99,99,-0.769718613837927
640,07,inf_parietal,153,153,-0.8153140861524972
641,07,inf_parietal,153,207,0.3206777544214476
642,07,inf_parietal,153,45,0.24572300177153605
643,07,inf_parietal,153,99,0.2710124341438307
644,07,inf_parietal,207,153,0.29413848792964525
645,07,inf_parietal,207,207,-0.8013941550188685
646,07,inf_parietal,207,45,0.26466293163887056
647,07,inf_parietal,207,99,0.23464302348007543
648,07,inf_parietal,45,153,0.22202651178046912
649,07,inf_parietal,45,207,0.27293041754047415
650,07,inf_parietal,45,45,-0.8397868170348849
651,07,inf_parietal,45,99,0.2842834988663481
652,07,inf_parietal,99,153,0.28066875746621234
653,07,inf_parietal,99,207,0.1939423434778504
654,07,inf_parietal,99,45,0.302412318209105
655,07,inf_parietal,99,99,-0.811719737843196
656,07,v5,153,153,-0.7963582337164179
657,07,v5,153,207,0.3475923108919247
658,07,v5,153,45,0.3048202838887077
659,07,v5,153,99,0.1797367900847169
660,07,v5,207,153,0.3529363499823855
661,07,v5,207,207,-0.8007683482635162
662,07,v5,207,45,0.12579941560809121
663,07,v5,207,99,0.30226880880396945
664,07,v5,45,153,0.2804391287220527
665,07,v5,45,207,0.19277981611380637
666,07,v5,45,45,-0.76545534148477
667,07,v5,45,99,0.24521851388204474
668,07,v5,99,153,0.1893699024951544
669,07,v5,99,207,0.26616448384816027
670,07,v5,99,45,0.32969092067747496
671,07,v5,99,99,-0.8248213584790425
672,08,premotor,153,153,-0.8559562820168848
673,08,premotor,153,207,0.33636554695499454
674,08,premotor,153,45,0.2546681092818201
675,08,premotor,153,99,0.23051802198208377
676,08,premotor,207,153,0.3203419906997416
677,08,premotor,207,207,-0.8460191197179676
678,08,premotor,207,45,0.2816138277292237
679,08,premotor,207,99,0.22894108742920954
680,08,premotor,45,153,0.2894335529458326
681,08,premotor,45,207,0.2555338846667603
682,08,premotor,45,45,-0.8781636714689481
683,08,premotor,45,99,0.3496135163529991
684,08,premotor,99,153,0.24245994507566035
685,08,premotor,99,207,0.22691667446688038
686,08,premotor,99,45,0.349260551016196
687,08,premotor,99,99,-0.8303702419409579
688,08,motor,153,153,-0.8529813848547282
689,08,motor,153,207,0.3083275925113256
690,08,motor,153,45,0.29315129298680176
691,08,motor,153,99,0.25586121908042003
692,08,motor,207,153,0.32369755390542343
693,08,motor,207,207,-0.8503432792249523
694,08,motor,207,45,0.2939856775993726
695,08,motor,207,99,0.213888508332573
696,08,motor,45,153,0.23584851129789267
697,08,motor,45,207,0.2966742600111505
698,08,motor,45,45,-0.8417638486059046
699,08,motor,45,99,0.28685750507017693
700,08,motor,99,153,0.29638504817046546
701,08,motor,99,207,0.23021154570326297
702,08,motor,99,45,0.2680414606675849
703,08,motor,99,99,-0.8044513482972494
704,08,v1,153,153,-0.8064192061193638
705,08,v1,153,207,0.2786693698350682
706,08,v1,153,45,0.27060814743666417
707,08,v1,153,99,0.22177014608351842
708,08,v1,207,153,0.27801240545666833
709,08,v1,207,207,-0.8374156295113578
710,08,v1,207,45,0.25658552940668344
711,08,v1,207,99,0.28143895721641443
712,08,v1,45,153,0.2821861021257394
713,08,v1,45,207,0.24397380492548687
714,08,v1,45,45,-0.8112914503816416
715,08,v1,45,99,0.29501055981310964
716,08,v1,99,153,0.21701240978162525
717,08,v1,99,207,0.266149585554892
718,08,v1,99,45,0.330970743138838
719,08,v1,99,99,-0.8426067919721549
720,08,sup_parietal,153,153,-0.8134940220098053
721,08,sup_parietal,153,207,0.25607543368068775
722,08,sup_parietal,153,45,0.2776749040049693
723,08,sup_parietal,153,99,0.26345775412407757
724,08,sup_parietal,207,153,0.27374385741394813
725,08,sup_parietal,207,207,-0.7866019215056614
726,08,sup_parietal,207,45,0.29759485386576245
727,08,sup_parietal,207,99,0.1812955544204658
728,08,sup_parietal,45,153,0.2921709469838033
729,08,sup_parietal,45,207,0.27947193895468225
730,08,sup_parietal,45,45,-0.828977835411365
731,08,sup_parietal,45,99,0.30107684859132156
732,08,sup_parietal,99,153,0.22807114019326166
733,08,sup_parietal,99,207,0.22106673329318763
734,08,sup_parietal,99,45,0.27447427564250126
735,08,sup_parietal,99,99,-0.8220728889023314
736,08,inf_parietal,153,153,-0.8296463093466548
737,08,inf_parietal,153,207,0.27083635580004595
738,08,inf_parietal,153,45,0.26133091218004906
739,08,inf_parietal,153,99,0.26829798529985716
740,08,inf_parietal,207,153,0.28203161209798056
741,08,inf_parietal,207,207,-0.8363976508976579
742,08,inf_parietal,207,45,0.26140456925827416
743,08,inf_parietal,207,99,0.24895850378888168
744,08,inf_parietal,45,153,0.30467692661191137
745,08,inf_parietal,45,207,0.22520893199165898
746,08,inf_parietal,45,45,-0.8542264145802141
747,08,inf_parietal,45,99,0.31844846201777177
748,08,inf_parietal,99,153,0.22343639677296936
749,08,inf_parietal,99,207,0.27223345472654314
750,08,inf_parietal,99,45,0.35003117374700676
751,08,inf_parietal,99,99,-0.8245578142519226
752,08,v5,153,153,-0.7935273837078622
753,08,v5,153,207,0.32691523549591833
754,08,v5,153,45,0.23089785568664786
755,08,v5,153,99,0.22560682115529887
756,08,v5,207,153,0.2801460733702241
757,08,v5,207,207,-0.7917575874587559
758,08,v5,207,45,0.24292161550803126
759,08,v5,207,99,0.19818872276910898
760,08,v5,45,153,0.23267356013977453
761,08,v5,45,207,0.22237309731458632
762,08,v5,45,45,-0.7439251602807383
763,08,v5,45,99,0.2719824732339652
764,08,v5,99,153,0.20231562258289373
765,08,v5,99,207,0.21793220036578106
766,08,v5,99,45,0.29354447180548254
767,08,v5,99,99,-0.773276335642266
768,09,premotor,153,153,-0.8825683171746097
769,09,premotor,153,207,0.2655329443568929
770,09,premotor,153,45,0.2524640388175796
771,09,premotor,153,99,0.2858551114215815
772,09,premotor,207,153,0.2749018130309184
773,09,premotor,207,207,-0.8804479928564012
774,09,premotor,207,45,0.36392919977140836
775,09,premotor,207,99,0.2663537142477051
776,09,premotor,45,153,0.22302997349386172
777,09,premotor,45,207,0.3613117343039219
778,09,premotor,45,45,-0.8758792371887778
779,09,premotor,45,99,0.310850725948827
780,09,premotor,99,153,0.3043782125308097
781,09,premotor,99,207,0.2419480100290479
782,09,premotor,99,45,0.31721555129845713
783,09,premotor,99,99,-0.8806229320102154
784,09,motor,153,153,-0.8699343499115213
785,09,motor,153,207,0.2739898793428349
786,09,motor,153,45,0.2414215762532692
787,09,motor,153,99,0.29508431448391115
788,09,motor,207,153,0.2823446182485361
789,09,motor,207,207,-0.8601465170068776
790,09,motor,207,45,0.33884916607874627
791,09,motor,207,99,0.26994279829728396
792,09,motor,45,153,0.22960195380941323
793,09,motor,45,207,0.34091182870583553
794,09,motor,45,45,-0.8443156806191264
795,09,motor,45,99,0.26825040949379647
796,09,motor,99,153,0.28324017378785765
797,09,motor,99,207,0.2467935643661954
798,09,motor,99,45,0.302519089937586
799,09,motor,99,99,-0.8721201790703974
800,09,v1,153,153,-0.8571112852639395
801,09,v1,153,207,0.24428113464186277
802,09,v1,153,45,0.22458266845543573
803,09,v1,153,99,0.3347175082245567
804,09,v1,207,153,0.23537705297840078
805,09,v1,207,207,-0.8495983210611595
806,09,v1,207,45,0.3725620605253865
807,09,v1,207,99,0.2616362073474271
808,09,v1,45,153,0.22599226791529953
809,09,v1,45,207,0.3677002893447528
810,09,v1,45,45,-0.822965459639839
811,09,v1,45,99,0.23558494693508317
812,09,v1,99,153,0.34586559704388065
813,09,v1,99,207,0.23983949436051638
814,09,v1,99,45,0.25148639382712124
815,09,v1,99,99,-0.8666272184779711
816,09,sup_parietal,153,153,-0.8210123338527506
817,09,sup_parietal,153,207,0.2358167903337809
818,09,sup_parietal,153,45,0.21556085628380356
819,09,sup_parietal,153,99,0.2872570293058403
820,09,sup_parietal,207,153,0.1850814447825448
821,09,sup_parietal,207,207,-0.8303235417458188
822,09,sup_parietal,207,45,0.3145273559765483
823,09,sup_parietal,207,99,0.3042973585823064
824,09,sup_parietal,45,153,0.22380541996993175
825,09,sup_parietal,45,207,0.3160996427700775
826,09,sup_parietal,45,45,-0.8176156937566625
827,09,sup_parietal,45,99,0.25173727682264013
828,09,sup_parietal,99,153,0.29696686769941705
829,09,sup_parietal,99,207,0.25376570164888623
830,09,sup_parietal,99,45,0.3010793240171138
831,09,sup_parietal,99,99,-0.8550093042141393
832,09,inf_parietal,153,153,-0.8502056442508962
833,09,inf_parietal,153,207,0.1780969763046965
834,09,inf_parietal,153,45,0.2922181887559824
835,09,inf_parietal,153,99,0.2824658368731974
836,09,inf_parietal,207,153,0.24121784756663922
837,09,inf_parietal,207,207,-0.8415608564739838
838,09,inf_parietal,207,45,0.31162866293966246
839,09,inf_parietal,207,99,0.27476434210395956
840,09,inf_parietal,45,153,0.26471400217343066
841,09,inf_parietal,45,207,0.3585999241834276
842,09,inf_parietal,45,45,-0.8497648557630264
843,09,inf_parietal,45,99,0.2956250923548853
844,09,inf_parietal,99,153,0.248123327456375
845,09,inf_parietal,99,207,0.2849782690131556
846,09,inf_parietal,99,45,0.28753686348585766
847,09,inf_parietal,99,99,-0.8700366139391003
848,09,v5,153,153,-0.837099446933598
849,09,v5,153,207,0.17803350513241964
850,09,v5,153,45,0.28367448621066493
851,09,v5,153,99,0.2547332751096869
852,09,v5,207,153,0.18678741352959988
853,09,v5,207,207,-0.8064132014839038
854,09,v5,207,45,0.35312988679679325
855,09,v5,207,99,0.2908887145684186
856,09,v5,45,153,0.2627492662444746
857,09,v5,45,207,0.3263975556177514
858,09,v5,45,45,-0.7951441605081435
859,09,v5,45,99,0.2508045090330292
860,09,v5,99,153,0.31173935972053496
861,09,v5,99,207,0.3005989547405933
862,09,v5,99,45,0.153606375323443
863,09,v5,99,99,-0.8119302448096752
864,11,premotor,153,153,-0.8553580506131296
865,11,premotor,153,207,0.23406389843123443
866,11,premotor,153,45,0.2626380702268505
867,11,premotor,153,99,0.3516023849015476
868,11,premotor,207,153,0.2666890031146914
869,11,premotor,207,207,-0.8540426749742581
870,11,premotor,207,45,0.342053988596092
871,11,premotor,207,99,0.2602637753043115
872,11,premotor,45,153,0.24748431994847503
873,11,premotor,45,207,0.3456789482450738
874,11,premotor,45,45,-0.8484180255961417
875,11,premotor,45,99,0.23908837037299122
876,11,premotor,99,153,0.3281625659403748
877,11,premotor,99,207,0.2732340487527454
878,11,premotor,99,45,0.2325890671907399
879,11,premotor,99,99,-0.8623239256069639
880,11,motor,153,153,-0.856524653221515
881,11,motor,153,207,0.27351028154173285
882,11,motor,153,45,0.234411194691457
883,11,motor,153,99,0.31870608183199534
884,11,motor,207,153,0.266648595436605
885,11,motor,207,207,-0.8540124222952652
886,11,motor,207,45,0.32209108553434623
887,11,motor,207,99,0.29112663004063066
888,11,motor,45,153,0.24901880207905036
889,11,motor,45,207,0.3060173169064817
890,11,motor,45,45,-0.8413854432291716
891,11,motor,45,99,0.23535424388817378
892,11,motor,99,153,0.31355359438940716
893,11,motor,99,207,0.2528003948284678
894,11,motor,99,45,0.27729402511875145
895,11,motor,99,99,-0.847183431733894
896,11,v1,153,153,-0.7631492827803708
897,11,v1,153,207,0.26207059589381404
898,11,v1,153,45,0.21361009552958107
899,11,v1,153,99,0.2549177528578502
900,11,v1,207,153,0.21569134828451803
901,11,v1,207,207,-0.7513440800890506
902,11,v1,207,45,0.27201790168299494
903,11,v1,207,99,0.2627404032621028
904,11,v1,45,153,0.2829151342039252
905,11,v1,45,207,0.21764008933723733
906,11,v1,45,45,-0.761791398349096
907,11,v1,45,99,0.23524371310280717
908,11,v1,99,153,0.29720419539929166
909,11,v1,99,207,0.23200811138141245
910,11,v1,99,45,0.23327506488517924
911,11,v1,99,99,-0.7638999341940365
912,11,sup_parietal,153,153,-0.8513917476751599
913,11,sup_parietal,153,207,0.2777480378718783
914,11,sup_parietal,153,45,0.25555491645580464
915,11,sup_parietal,153,99,0.3217331698980165
916,11,sup_parietal,207,153,0.26339412281125085
917,11,sup_parietal,207,207,-0.7937224233259741
918,11,sup_parietal,207,45,0.2605993100155071
919,11,sup_parietal,207,99,0.25341961150448233
920,11,sup_parietal,45,153,0.24953582870642227
921,11,sup_parietal,45,207,0.2758649746647537
922,11,sup_parietal,45,45,-0.794589652689128
923,11,sup_parietal,45,99,0.23423000449055703
924,11,sup_parietal,99,153,0.31080547382632745
925,11,sup_parietal,99,207,0.19615978818605154
926,11,sup_parietal,99,45,0.2976697328917412
927,11,sup_parietal,99,99,-0.8260018397616566
928,11,inf_parietal,153,153,-0.8451835913215289
929,11,inf_parietal,153,207,0.23789166196392997
930,11,inf_parietal,153,45,0.225928329709165
931,11,inf_parietal,153,99,0.3141255288083058
932,11,inf_parietal,207,153,0.2833740179929519
933,11,inf_parietal,207,207,-0.8247215836695444
934,11,inf_parietal,207,45,0.2909891625240059
935,11,inf_parietal,207,99,0.24858029004877957
936,11,inf_parietal,45,153,0.23649777036160435
937,11,inf_parietal,45,207,0.29362391259864334
938,11,inf_parietal,45,45,-0.811914360977081
939,11,inf_parietal,45,99,0.2631275991560571
940,11,inf_parietal,99,153,0.28054910635446795
941,11,inf_parietal,99,207,0.30630662417514626
942,11,inf_parietal,99,45,0.24821904374577794
943,11,inf_parietal,99,99,-0.8386011546035934
944,11,v5,153,153,-0.7673061428294318
945,11,v5,153,207,0.1493115474938862
946,11,v5,153,45,0.2699794607344753
947,11,v5,153,99,0.25134833462165423
948,11,v5,207,153,0.21429948206217908
949,11,v5,207,207,-0.7050452314907054
950,11,v5,207,45,0.31597870239730763
951,11,v5,207,99,0.26505259199575837
952,11,v5,45,153,0.2869054907508297
953,11,v5,45,207,0.21148558934225303
954,11,v5,45,45,-0.8318864032267113
955,11,v5,45,99,0.27767906453816427
956,11,v5,99,153,0.2542619055394961
957,11,v5,99,207,0.2732227565681987
958,11,v5,99,45,0.27655304761612265
959,11,v5,99,99,-0.8158130750651871
960,12,premotor,153,153,-0.874868845489331
961,12,premotor,153,207,0.2928248021098735
962,12,premotor,153,45,0.24469058326850185
963,12,premotor,153,99,0.33451232508069606
964,12,premotor,207,153,0.24525157407307951
965,12,premotor,207,207,-0.8651546663971932
966,12,premotor,207,45,0.3888589499437615
967,12,premotor,207,99,0.24071970190922518
968,12,premotor,45,153,0.2632724146641585
969,12,premotor,45,207,0.32276314819772756
970,12,premotor,45,45,-0.8760584735473833
971,12,premotor,45,99,0.2839485908160515
972,12,premotor,99,153,0.3278082118568135
973,12,premotor,99,207,0.26153772498498873
974,12,premotor,99,45,0.26136774706669486
975,12,premotor,99,99,-0.8805548259761297
976,12,motor,153,153,-0.8690751843420559
977,12,motor,153,207,0.2679486148677477
978,12,motor,153,45,0.23222523738266715
979,12,motor,153,99,0.35874639358703203
980,12,motor,207,153,0.23292969722162793
981,12,motor,207,207,-0.8433050114551183
982,12,motor,207,45,0.3971085771413652
983,12,motor,207,99,0.21973271810640824
984,12,motor,45,153,0.23076036062858438
985,12,motor,45,207,0.3428177375711676
986,12,motor,45,45,-0.8682984036002837
987,12,motor,45,99,0.2719757002062948
988,12,motor,99,153,0.34586765449701146
989,12,motor,99,207,0.22788667513878202
990,12,motor,99,45,0.2540657727770863
991,12,motor,99,99,-0.850578907232713
992,12,v1,153,153,-0.7581732038263425
993,12,v1,153,207,0.30046621120543504
994,12,v1,153,45,0.17877364733045564
995,12,v1,153,99,0.2488756745336187
996,12,v1,207,153,0.24081053551161097
997,12,v1,207,207,-0.8148513275515514
998,12,v1,207,45,0.3775178816667098
999,12,v1,207,99,0.17835464945634166
1000,12,v1,45,153,0.18193686808488907
1001,12,v1,45,207,0.2882939654313905
1002,12,v1,45,45,-0.7929764266286512
1003,12,v1,45,99,0.30647911195871347
1004,12,v1,99,153,0.28643010242791866
1005,12,v1,99,207,0.27483527185788015
1006,12,v1,99,45,0.2171731204205643
1007,12,v1,99,99,-0.7667546865442024
1008,12,sup_parietal,153,153,-0.8281202130783376
1009,12,sup_parietal,153,207,0.24325452665046227
1010,12,sup_parietal,153,45,0.2233731962907628
1011,12,sup_parietal,153,99,0.24836341260187525
1012,12,sup_parietal,207,153,0.21148110563095174
1013,12,sup_parietal,207,207,-0.8110343096618318
1014,12,sup_parietal,207,45,0.3651940644800712
1015,12,sup_parietal,207,99,0.20129869881650309
1016,12,sup_parietal,45,153,0.19662775352922812
1017,12,sup_parietal,45,207,0.30394678035534506
1018,12,sup_parietal,45,45,-0.8217978445680865
1019,12,sup_parietal,45,99,0.30343009455628833
1020,12,sup_parietal,99,153,0.3211382559924703
1021,12,sup_parietal,99,207,0.2254286192976083
1022,12,sup_parietal,99,45,0.25455162776361295
1023,12,sup_parietal,99,99,-0.7858317854320185
1024,12,inf_parietal,153,153,-0.837817040745311
1025,12,inf_parietal,153,207,0.2648619727735046
1026,12,inf_parietal,153,45,0.24392741046953748
1027,12,inf_parietal,153,99,0.3005432630631336
1028,12,inf_parietal,207,153,0.25116117450273856
1029,12,inf_parietal,207,207,-0.8591952340146393
1030,12,inf_parietal,207,45,0.35783661326016697
1031,12,inf_parietal,207,99,0.2117344178157037
1032,12,inf_parietal,45,153,0.30665467123664186
1033,12,inf_parietal,45,207,0.3101496583273322
1034,12,inf_parietal,45,45,-0.8566272793794318
1035,12,inf_parietal,45,99,0.29526418032364915
1036,12,inf_parietal,99,153,0.2526437268654216
1037,12,inf_parietal,99,207,0.2641059140108129
1038,12,inf_parietal,99,45,0.2757530531355135
1039,12,inf_parietal,99,99,-0.8475364768052669
1040,12,v5,153,153,-0.8357217618317397
1041,12,v5,153,207,0.17141171364369542
1042,12,v5,153,45,0.29396669350740257
1043,12,v5,153,99,0.2968172111385184
1044,12,v5,207,153,0.16131684342888072
1045,12,v5,207,207,-0.8265245615904822
1046,12,v5,207,45,0.3832448083549943
1047,12,v5,207,99,0.2808199441898295
1048,12,v5,45,153,0.2751059451261319
1049,12,v5,45,207,0.2867747067624789
1050,12,v5,45,45,-0.7746243138981843
1051,12,v5,45,99,0.15597702727483803
1052,12,v5,99,153,0.33379632641676843
1053,12,v5,99,207,0.33915034859362564
1054,12,v5,99,45,0.1651622698152833
1055,12,v5,99,99,-0.8124712328840055
1056,13,premotor,153,153,-0.8717303218570018
1057,13,premotor,153,207,0.2551552242012812
1058,13,premotor,153,45,0.25146803331127143
1059,13,premotor,153,99,0.3114600675383669
1060,13,premotor,207,153,0.23942108830384048
1061,13,premotor,207,207,-0.8757875864239502
1062,13,premotor,207,45,0.3153931519090326
1063,13,premotor,207,99,0.3234974409351249
1064,13,premotor,45,153,0.27928798228563806
1065,13,premotor,45,207,0.3201206291480089
1066,13,premotor,45,45,-0.8758455849100854
1067,13,premotor,45,99,0.2506195946597195
1068,13,premotor,99,153,0.3202132707445609
1069,13,premotor,99,207,0.30155124402262984
1070,13,premotor,99,45,0.27193365611582543
1071,13,premotor,99,99,-0.8654991873857854
1072,13,motor,153,153,-0.8650062779536387
1073,13,motor,153,207,0.2786082870123258
1074,13,motor,153,45,0.26502771877206305
1075,13,motor,153,99,0.272600579751502
1076,13,motor,207,153,0.28079426081558134
1077,13,motor,207,207,-0.8645355665303853
1078,13,motor,207,45,0.28394028339875294
1079,13,motor,207,99,0.2528422337150348
1080,13,motor,45,153,0.27861668174416326
1081,13,motor,45,207,0.3134859509726381
1082,13,motor,45,45,-0.8565703204488525
1083,13,motor,45,99,0.2797621510037561
1084,13,motor,99,153,0.2902513774887451
1085,13,motor,99,207,0.24282262521491282
1086,13,motor,99,45,0.31688822962813856
1087,13,motor,99,99,-0.85900530973874
1088,13,v1,153,153,-0.7719440477299865
1089,13,v1,153,207,0.2412103859207238
1090,13,v1,153,45,0.2057387563557505
1091,13,v1,153,99,0.30455453480471417
1092,13,v1,207,153,0.34661189609270254
1093,13,v1,207,207,-0.7206892302533514
1094,13,v1,207,45,0.18245333120948967
1095,13,v1,207,99,0.18199052461127332
1096,13,v1,45,153,0.18471422820606376
1097,13,v1,45,207,0.25990199472790365
1098,13,v1,45,45,-0.7223526976740794
1099,13,v1,45,99,0.2476724309830538
1100,13,v1,99,153,0.23444477253060303
1101,13,v1,99,207,0.21622446293969955
1102,13,v1,99,45,0.31588946494176295
1103,13,v1,99,99,-0.7510754513619429
1104,13,sup_parietal,153,153,-0.8276113243324442
1105,13,sup_parietal,153,207,0.20746922726940786
1106,13,sup_parietal,153,45,0.24164552863154015
1107,13,sup_parietal,153,99,0.31391058452188525
1108,13,sup_parietal,207,153,0.21829648620244674
1109,13,sup_parietal,207,207,-0.7997629673965634
1110,13,sup_parietal,207,45,0.22300818998551702
1111,13,sup_parietal,207,99,0.29192970030708765
1112,13,sup_parietal,45,153,0.2639596541893744
1113,13,sup_parietal,45,207,0.29013185655473794
1114,13,sup_parietal,45,45,-0.7500813908143302
1115,13,sup_parietal,45,99,0.1953617350231866
1116,13,sup_parietal,99,153,0.287623670435637
1117,13,sup_parietal,99,207,0.2456001362053073
1118,13,sup_parietal,99,45,0.2873171169815956
1119,13,sup_parietal,99,99,-0.8311556446923802
1120,13,inf_parietal,153,153,-0.8602830187506444
1121,13,inf_parietal,153,207,0.2858212275889267
1122,13,inf_parietal,153,45,0.2917196909770447
1123,13,inf_parietal,153,99,0.30493559154323324
1124,13,inf_parietal,207,153,0.24543011039864165
1125,13,inf_parietal,207,207,-0.8514900637414035
1126,13,inf_parietal,207,45,0.2656961036275748
1127,13,inf_parietal,207,99,0.32078739478214235
1128,13,inf_parietal,45,153,0.31105650820361747
1129,13,inf_parietal,45,207,0.2811978940414199
1130,13,inf_parietal,45,45,-0.848710880226485
1131,13,inf_parietal,45,99,0.23331926114001594
1132,13,inf_parietal,99,153,0.29563595073551907
1133,13,inf_parietal,99,207,0.25170272231281776
1134,13,inf_parietal,99,45,0.25850179425196707
1135,13,inf_parietal,99,99,-0.8678221050954211
1136,13,v5,153,153,-0.787577405046878
1137,13,v5,153,207,0.25121943707223626
1138,13,v5,153,45,0.19924600437751286
1139,13,v5,153,99,0.2955191763709639
1140,13,v5,207,153,0.3162912265265622
1141,13,v5,207,207,-0.8128735619594205
1142,13,v5,207,45,0.13953234153039026
1143,13,v5,207,99,0.29438577689832257
1144,13,v5,45,153,0.22851696332356541
1145,13,v5,45,207,0.26001560459761597
1146,13,v5,45,45,-0.7859802424685529
1147,13,v5,45,99,0.2451766822089575
1148,13,v5,99,153,0.25202157826927624
1149,13,v5,99,207,0.21733263892393545
1150,13,v5,99,45,0.3553177910737684
1151,13,v5,99,99,-0.8488969430626504
1152,14,premotor,153,153,-0.8702649890170874
1153,14,premotor,153,207,0.2533901654579804
1154,14,premotor,153,45,0.2976630171383923
1155,14,premotor,153,99,0.32187971301081186
1156,14,premotor,207,153,0.20475870833104048
1157,14,premotor,207,207,-0.8558652596285331
1158,14,premotor,207,45,0.30497413312631244
1159,14,premotor,207,99,0.28083421496618544
1160,14,premotor,45,153,0.2948523495285267
1161,14,premotor,45,207,0.3204090908492684
1162,14,premotor,45,45,-0.8494212676795855
1163,14,premotor,45,99,0.24567298434538193
1164,14,premotor,99,153,0.3455414981214801
1165,14,premotor,99,207,0.2482772364261078
1166,14,premotor,99,45,0.2681969189966682
1167,14,premotor,99,99,-0.8719157579929147
1168,14,motor,153,153,-0.8649053121929322
1169,14,motor,153,207,0.22811529376167522
1170,14,motor,153,45,0.3311557902010853
1171,14,motor,153,99,0.321493156633449
1172,14,motor,207,153,0.20511278538321218
1173,14,motor,207,207,-0.8570414448172767
1174,14,motor,207,45,0.2903347108624451
1175,14,motor,207,99,0.3071890517395971
1176,14,motor,45,153,0.32173613525411404
1177,14,motor,45,207,0.33928214191314204
1178,14,motor,45,45,-0.8501414773753713
1179,14,motor,45,99,0.19705000200808231
1180,14,motor,99,153,0.34866897259356977
1181,14,motor,99,207,0.24388385549713765
1182,14,motor,99,45,0.2214870453087317
1183,14,motor,99,99,-0.8559182084589636
1184,14,v1,153,153,-0.7869410110288206
1185,14,v1,153,207,0.24802773751512647
1186,14,v1,153,45,0.2622070299166718
1187,14,v1,153,99,0.27818867193196073
1188,14,v1,207,153,0.22898573768989477
1189,14,v1,207,207,-0.8072203454538948
1190,14,v1,207,45,0.2573052814610919
1191,14,v1,207,99,0.23990824545832157
1192,14,v1,45,153,0.234042998217468
1193,14,v1,45,207,0.2656811410541808
1194,14,v1,45,45,-0.7728478457444058
1195,14,v1,45,99,0.2602585304270165
1196,14,v1,99,153,0.32694810361026616
1197,14,v1,99,207,0.2516123695474142
1198,14,v1,99,45,0.24027589174404446
1199,14,v1,99,99,-0.7871617281657414
1200,14,sup_parietal,153,153,-0.7848142292385021
1201,14,sup_parietal,153,207,0.20509252833821223
1202,14,sup_parietal,153,45,0.3081344120656031
1203,14,sup_parietal,153,99,0.25787128303947177
1204,14,sup_parietal,207,153,0.1527471604981461
1205,14,sup_parietal,207,207,-0.8151047024257612
1206,14,sup_parietal,207,45,0.2596413868202977
1207,14,sup_parietal,207,99,0.35685686415800627
1208,14,sup_parietal,45,153,0.2888943063676993
1209,14,sup_parietal,45,207,0.30424988695877825
1210,14,sup_parietal,45,45,-0.8388802081468762
1211,14,sup_parietal,45,99,0.23403726382820525
1212,14,sup_parietal,99,153,0.29167716532951193
1213,14,sup_parietal,99,207,0.23950236964090454
1214,14,sup_parietal,99,45,0.24383531829656188
1215,14,sup_parietal,99,99,-0.8124877896242397
1216,14,inf_parietal,153,153,-0.8627744886600792
1217,14,inf_parietal,153,207,0.2424477182938746
1218,14,inf_parietal,153,45,0.3110721201708849
1219,14,inf_parietal,153,99,0.29715202346863084
1220,14,inf_parietal,207,153,0.24562212447456566
1221,14,inf_parietal,207,207,-0.8350994632473017
1222,14,inf_parietal,207,45,0.27429590910677004
1223,14,inf_parietal,207,99,0.28420048872255377
1224,14,inf_parietal,45,153,0.3196478172612218
1225,14,inf_parietal,45,207,0.2979369330727754
1226,14,inf_parietal,45,45,-0.8392033605901179
1227,14,inf_parietal,45,99,0.22539338537101317
1228,14,inf_parietal,99,153,0.29526282424756367
1229,14,inf_parietal,99,207,0.28674873612748253
1230,14,inf_parietal,99,45,0.23914444554910058
1231,14,inf_parietal,99,99,-0.8586725696700639
1232,14,v5,153,153,-0.7652728165117689
1233,14,v5,153,207,0.13936158609035806
1234,14,v5,153,45,0.17181936826388974
1235,14,v5,153,99,0.34690455249372304
1236,14,v5,207,153,0.14428847700921155
1237,14,v5,207,207,-0.8174984240740129
1238,14,v5,207,45,0.3297253860421929
1239,14,v5,207,99,0.2892172065299213
1240,14,v5,45,153,0.2621877611758243
1241,14,v5,45,207,0.38207221406244435
1242,14,v5,45,45,-0.8029103503159187
1243,14,v5,45,99,0.20203206782230201
1244,14,v5,99,153,0.26477270407156184
1245,14,v5,99,207,0.25720882006482293
1246,14,v5,99,45,0.2993514084456674
1247,14,v5,99,99,-0.8293059863861777
1248,15,premotor,153,153,-0.8467058468794832
1249,15,premotor,153,207,0.2790358094474597
1250,15,premotor,153,45,0.2781877937455822
1251,15,premotor,153,99,0.2672182919826987
1252,15,premotor,207,153,0.2659912597849076
1253,15,premotor,207,207,-0.8473715376773978
1254,15,premotor,207,45,0.2743460690429317
1255,15,premotor,207,99,0.3326148316663079
1256,15,premotor,45,153,0.24697424530240125
1257,15,premotor,45,207,0.22043740427305664
1258,15,premotor,45,45,-0.8347046679526751
1259,15,premotor,45,99,0.29477500518488675
1260,15,premotor,99,153,0.3090305335325315
1261,15,premotor,99,207,0.3171782421655109
1262,15,premotor,99,45,0.2732778907657075
1263,15,premotor,99,99,-0.867226666550171
1264,15,motor,153,153,-0.8599154819419259
1265,15,motor,153,207,0.2588737404542112
1266,15,motor,153,45,0.27539196401862975
1267,15,motor,153,99,0.2923835740063105
1268,15,motor,207,153,0.2560635681008564
1269,15,motor,207,207,-0.8512717103046057
1270,15,motor,207,45,0.29145485025430373
1271,15,motor,207,99,0.3172156346451142
1272,15,motor,45,153,0.3441788760883231
1273,15,motor,45,207,0.2366807110259156
1274,15,motor,45,45,-0.8285842284440414
1275,15,motor,45,99,0.22338786847444253
1276,15,motor,99,153,0.2836471675003556
1277,15,motor,99,207,0.33183873632133415
1278,15,motor,99,45,0.22849725110631697
1279,15,motor,99,99,-0.8558400652483037
1280,15,v1,153,153,-0.7594970643208684
1281,15,v1,153,207,0.32780999880822215
1282,15,v1,153,45,0.1974194650262996
1283,15,v1,153,99,0.24663546476836237
1284,15,v1,207,153,0.3529047522230927
1285,15,v1,207,207,-0.7543100261380411
1286,15,v1,207,45,0.17454836395759296
1287,15,v1,207,99,0.222643792151796
1288,15,v1,45,153,0.17327732739953278
1289,15,v1,45,207,0.18545617097432054
1290,15,v1,45,45,-0.6475941582306697
1291,15,v1,45,99,0.29735016154771754
1292,15,v1,99,153,0.21956920381113104
1293,15,v1,99,207,0.22231763718049424
1294,15,v1,99,45,0.2635424470167711
1295,15,v1,99,99,-0.7533583079014594
1296,15,sup_parietal,153,153,-0.8131257791577474
1297,15,sup_parietal,153,207,0.22371200576533778
1298,15,sup_parietal,153,45,0.3133006347278064
1299,15,sup_parietal,153,99,0.238355490159559
1300,15,sup_parietal,207,153,0.2613644701148573
1301,15,sup_parietal,207,207,-0.8098789882802839
1302,15,sup_parietal,207,45,0.22983886816686872
1303,15,sup_parietal,207,99,0.2675915579390097
1304,15,sup_parietal,45,153,0.2650288424260744
1305,15,sup_parietal,45,207,0.21192522942824724
1306,15,sup_parietal,45,45,-0.8132597565794386
1307,15,sup_parietal,45,99,0.32351344965122353
1308,15,sup_parietal,99,153,0.2595234023972074
1309,15,sup_parietal,99,207,0.2630473269393642
1310,15,sup_parietal,99,45,0.3064339154708017
1311,15,sup_parietal,99,99,-0.7954563517495943
1312,15,inf_parietal,153,153,-0.8216139340100224
1313,15,inf_parietal,153,207,0.21964803694505186
1314,15,inf_parietal,153,45,0.30281766427235973
1315,15,inf_parietal,153,99,0.24744098662057823
1316,15,inf_parietal,207,153,0.23364629037164836
1317,15,inf_parietal,207,207,-0.8420669378999148
1318,15,inf_parietal,207,45,0.28184766588789445
1319,15,inf_parietal,207,99,0.29546330785925395
1320,15,inf_parietal,45,153,0.26207113875603594
1321,15,inf_parietal,45,207,0.22784479372158756
1322,15,inf_parietal,45,45,-0.8447529072353306
1323,15,inf_parietal,45,99,0.3087258438089442
1324,15,inf_parietal,99,153,0.3052208847736272
1325,15,inf_parietal,99,207,0.3242444352471219
1326,15,inf_parietal,99,45,0.2770328905786076
1327,15,inf_parietal,99,99,-0.8357688296163955
1328,15,v5,153,153,-0.8052457664392458
1329,15,v5,153,207,0.3047724263476805
1330,15,v5,153,45,0.20983833578537614
1331,15,v5,153,99,0.30596324620281384
1332,15,v5,207,153,0.29402584283677624
1333,15,v5,207,207,-0.8488409184250851
1334,15,v5,207,45,0.227872098891094
1335,15,v5,207,99,0.23117847572142067
1336,15,v5,45,153,0.3510503772323331
1337,15,v5,45,207,0.31378938008316415
1338,15,v5,45,45,-0.7915190751209171
1339,15,v5,45,99,0.208320519847726
1340,15,v5,99,153,0.21292674444433635
1341,15,v5,99,207,0.19982329458743844
1342,15,v5,99,45,0.33391192301159833
1343,15,v5,99,99,-0.7760824729926312
1344,16,premotor,153,153,-0.8750369564827818
1345,16,premotor,153,207,0.26469477545501097
1346,16,premotor,153,45,0.2789998166309774
1347,16,premotor,153,99,0.3487817829353318
1348,16,premotor,207,153,0.276560097347336
1349,16,premotor,207,207,-0.8660010272519014
1350,16,premotor,207,45,0.31602673867167724
1351,16,premotor,207,99,0.26311086819567653
1352,16,premotor,45,153,0.2887288585172315
1353,16,premotor,45,207,0.33642151870577364
1354,16,premotor,45,45,-0.8356213621383748
1355,16,premotor,45,99,0.19314865569647693
1356,16,premotor,99,153,0.3207059998068926
1357,16,premotor,99,207,0.29343373244632537
1358,16,premotor,99,45,0.2042882397897111
1359,16,premotor,99,99,-0.8662035728096653
1360,16,motor,153,153,-0.8424869230092672
1361,16,motor,153,207,0.2676981330378918
1362,16,motor,153,45,0.25906235755478985
1363,16,motor,153,99,0.30804627299016546
1364,16,motor,207,153,0.26569309257656376
1365,16,motor,207,207,-0.8653560853307312
1366,16,motor,207,45,0.29546761243672276
1367,16,motor,207,99,0.2709320276262318
1368,16,motor,45,153,0.27995285975022155
1369,16,motor,45,207,0.341223653199801
1370,16,motor,45,45,-0.8213790862935262
1371,16,motor,45,99,0.21641957164358733
1372,16,motor,99,153,0.2970263851857923
1373,16,motor,99,207,0.29050822247776037
1374,16,motor,99,45,0.21612797002279877
1375,16,motor,99,99,-0.8417773443519828
1376,16,v1,153,153,-0.7549677386800185
1377,16,v1,153,207,0.3033038827283836
1378,16,v1,153,45,0.21976823566692125
1379,16,v1,153,99,0.22915472674272974
1380,16,v1,207,153,0.32990004458516087
1381,16,v1,207,207,-0.803597409008324
1382,16,v1,207,45,0.20233843624142256
1383,16,v1,207,99,0.23673327729858626
1384,16,v1,45,153,0.17704394317191102
1385,16,v1,45,207,0.2711752800203932
1386,16,v1,45,45,-0.7132131541230811
1387,16,v1,45,99,0.2625330375324447
1388,16,v1,99,153,0.24699860952072678
1389,16,v1,99,207,0.23086616901194765
1390,16,v1,99,45,0.28282766805833903
1391,16,v1,99,99,-0.7634131191018441
1392,16,sup_parietal,153,153,-0.8204224722215228
1393,16,sup_parietal,153,207,0.27495748454254065
1394,16,sup_parietal,153,45,0.1959694735705271
1395,16,sup_parietal,153,99,0.313337936293797
1396,16,sup_parietal,207,153,0.312025890867733
1397,16,sup_parietal,207,207,-0.8422989457644435
1398,16,sup_parietal,207,45,0.32259360334343695
1399,16,sup_parietal,207,99,0.2230596455923463
1400,16,sup_parietal,45,153,0.22573323748728188
1401,16,sup_parietal,45,207,0.32271014519488606
1402,16,sup_parietal,45,45,-0.7730544132878218
1403,16,sup_parietal,45,99,0.21636642830912928
1404,16,sup_parietal,99,153,0.25822431218066466
1405,16,sup_parietal,99,207,0.2253339768036037
1406,16,sup_parietal,99,45,0.2490212371935448
1407,16,sup_parietal,99,99,-0.7991220796819468
1408,16,inf_parietal,153,153,-0.8524074745683619
1409,16,inf_parietal,153,207,0.2690812653687604
1410,16,inf_parietal,153,45,0.22622526211381405
1411,16,inf_parietal,153,99,0.3061753070333739
1412,16,inf_parietal,207,153,0.24944914404392485
1413,16,inf_parietal,207,207,-0.8471641148964026
1414,16,inf_parietal,207,45,0.3105182498873215
1415,16,inf_parietal,207,99,0.29578613147476573
1416,16,inf_parietal,45,153,0.24576506567997974
1417,16,inf_parietal,45,207,0.3439816973440728
1418,16,inf_parietal,45,45,-0.7899345379551099
1419,16,inf_parietal,45,99,0.18482413148653792
1420,16,inf_parietal,99,153,0.33181414993912917
1421,16,inf_parietal,99,207,0.26727242901968207
1422,16,inf_parietal,99,45,0.2148676659758884
1423,16,inf_parietal,99,99,-0.8392549239509699
1424,16,v5,153,153,-0.7622172277677306
1425,16,v5,153,207,0.2794291676335506
1426,16,v5,153,45,0.16113092243289956
1427,16,v5,153,99,0.3059267083353013
1428,16,v5,207,153,0.2586040078131634
1429,16,v5,207,207,-0.8210299426970168
1430,16,v5,207,45,0.24042736637196532
1431,16,v5,207,99,0.3199030002622058
1432,16,v5,45,153,0.1703396087118664
1433,16,v5,45,207,0.2335676145455448
1434,16,v5,45,45,-0.7616206974679919
1435,16,v5,45,99,0.31375020598413095
1436,16,v5,99,153,0.33455584084075596
1437,16,v5,99,207,0.24408122580649422
1438,16,v5,99,45,0.26969666390296054
1439,16,v5,99,99,-0.8562270326841357
1440,17,premotor,153,153,-0.855309855035226
1441,17,premotor,153,207,0.29726014427276287
1442,17,premotor,153,45,0.23037340413119056
1443,17,premotor,153,99,0.31689964565939954
1444,17,premotor,207,153,0.27560346164403526
1445,17,premotor,207,207,-0.8615710312832019
1446,17,premotor,207,45,0.33986940355856265
1447,17,premotor,207,99,0.23447559498112558
1448,17,premotor,45,153,0.2651054805519282
1449,17,premotor,45,207,0.28961415018554815
1450,17,premotor,45,45,-0.8529088162791113
1451,17,premotor,45,99,0.28466796703582553
1452,17,premotor,99,153,0.2984082338323578
1453,17,premotor,99,207,0.26739557343576736
1454,17,premotor,99,45,0.2390723321681463
1455,17,premotor,99,99,-0.804149223702866
1456,17,motor,153,153,-0.8517746529977792
1457,17,motor,153,207,0.32953057407774655
1458,17,motor,153,45,0.2396184763745064
1459,17,motor,153,99,0.2923931238131507
1460,17,motor,207,153,0.30425077976853915
1461,17,motor,207,207,-0.846861577992673
1462,17,motor,207,45,0.28211763650887584
1463,17,motor,207,99,0.23340822915364282
1464,17,motor,45,153,0.25742833397151943
1465,17,motor,45,207,0.22994989961808618
1466,17,motor,45,45,-0.8211758725677136
1467,17,motor,45,99,0.279141421190595
1468,17,motor,99,153,0.30076888299411386
1469,17,motor,99,207,0.24626134048235393
1470,17,motor,99,45,0.23759315490746485
1471,17,motor,99,99,-0.8025677865899856
1472,17,v1,153,153,-0.8058866205742212
1473,17,v1,153,207,0.3914781069619837
1474,17,v1,153,45,0.12261540627355667
1475,17,v1,153,99,0.3172189992027562
1476,17,v1,207,153,0.3896847540248004
1477,17,v1,207,207,-0.8133872658242434
1478,17,v1,207,45,0.2946997463985415
1479,17,v1,207,99,0.12864866811761166
1480,17,v1,45,153,0.14830114113661055
1481,17,v1,45,207,0.23798278500464687
1482,17,v1,45,45,-0.8049861124185572
1483,17,v1,45,99,0.32366976727622004
1484,17,v1,99,153,0.3038553538643773
1485,17,v1,99,207,0.2249645765719132
1486,17,v1,99,45,0.2555240930502946
1487,17,v1,99,99,-0.7857091019091599
1488,17,sup_parietal,153,153,-0.8221708941256829
1489,17,sup_parietal,153,207,0.3311120102651951
1490,17,sup_parietal,153,45,0.2120548710472957
1491,17,sup_parietal,153,99,0.3222178366562084
1492,17,sup_parietal,207,153,0.2590431567836882
1493,17,sup_parietal,207,207,-0.810082312962927
1494,17,sup_parietal,207,45,0.22599193043341562
1495,17,sup_parietal,207,99,0.2427409740603087
1496,17,sup_parietal,45,153,0.279525394218817
1497,17,sup_parietal,45,207,0.125655781407829
1498,17,sup_parietal,45,45,-0.7700291377993669
1499,17,sup_parietal,45,99,0.2196334291744801
1500,17,sup_parietal,99,153,0.3462681937831956
1501,17,sup_parietal,99,207,0.24069436563225277
1502,17,sup_parietal,99,45,0.2585131365804407
1503,17,sup_parietal,99,99,-0.7888478853471133
1504,17,inf_parietal,153,153,-0.8573434247517012
1505,17,inf_parietal,153,207,0.33829456189418255
1506,17,inf_parietal,153,45,0.2566394720474763
1507,17,inf_parietal,153,99,0.28227300572875824
1508,17,inf_parietal,207,153,0.31237526618882877
1509,17,inf_parietal,207,207,-0.8652910679170588
1510,17,inf_parietal,207,45,0.29525503201367587
1511,17,inf_parietal,207,99,0.2281373151196286
1512,17,inf_parietal,45,153,0.2648545039133926
1513,17,inf_parietal,45,207,0.2829482459719956
1514,17,inf_parietal,45,45,-0.8407771673006976
1515,17,inf_parietal,45,99,0.2632852484549003
1516,17,inf_parietal,99,153,0.2722927499371521
1517,17,inf_parietal,99,207,0.24724797763600728
1518,17,inf_parietal,99,45,0.25230516390048213
1519,17,inf_parietal,99,99,-0.7996971888205557
1520,17,v5,153,153,-0.743520749169109
1521,17,v5,153,207,0.23718760730533578
1522,17,v5,153,45,0.14537742281738028
1523,17,v5,153,99,0.28440515080568246
1524,17,v5,207,153,0.2698310767919
1525,17,v5,207,207,-0.753283861448016
1526,17,v5,207,45,0.2870139938518742
1527,17,v5,207,99,0.18532961152584038
1528,17,v5,45,153,0.1959732193710017
1529,17,v5,45,207,0.36103868192159694
1530,17,v5,45,45,-0.7725942211537566
1531,17,v5,45,99,0.19687878624268312
1532,17,v5,99,153,0.3262322493088911
1533,17,v5,99,207,0.20738785222292466
1534,17,v5,99,45,0.2380286991452278
1535,17,v5,99,99,-0.7365596760055667
1536,18,premotor,153,153,-0.8776311247656235
1537,18,premotor,153,207,0.308256036150513
1538,18,premotor,153,45,0.23586051806263564
1539,18,premotor,153,99,0.30813171142319445
1540,18,premotor,207,153,0.27618023471269393
1541,18,premotor,207,207,-0.876139642844969
1542,18,premotor,207,45,0.3647334829380074
1543,18,premotor,207,99,0.2776881883135564
1544,18,premotor,45,153,0.266555534308641
1545,18,premotor,45,207,0.3624634104684545
1546,18,premotor,45,45,-0.8680503120523255
1547,18,premotor,45,99,0.23310688900395973
1548,18,premotor,99,153,0.3529443117251477
1549,18,premotor,99,207,0.2401822347045477
1550,18,premotor,99,45,0.24104428364058345
1551,18,premotor,99,99,-0.879610404512084
1552,18,motor,153,153,-0.85843838187846
1553,18,motor,153,207,0.2872364019678929
1554,18,motor,153,45,0.27082074021304525
1555,18,motor,153,99,0.27689596953436324
1556,18,motor,207,153,0.24881229345881606
1557,18,motor,207,207,-0.8551023908640357
1558,18,motor,207,45,0.3478498586147817
1559,18,motor,207,99,0.24342125234612216
1560,18,motor,45,153,0.2837586882305884
1561,18,motor,45,207,0.3448626022678095
1562,18,motor,45,45,-0.8467882017478616
1563,18,motor,45,99,0.24308598678624882
1564,18,motor,99,153,0.32565785651439194
1565,18,motor,99,207,0.2224915750799688
1566,18,motor,99,45,0.24902011663253806
1567,18,motor,99,99,-0.8697337695767753
1568,18,v1,153,153,-0.7575273736600435
1569,18,v1,153,207,0.2799320571698
1570,18,v1,153,45,0.2539488736612632
1571,18,v1,153,99,0.22009191782436835
1572,18,v1,207,153,0.3178230184985906
1573,18,v1,207,207,-0.7721701932708525
1574,18,v1,207,45,0.24256630888331648
1575,18,v1,207,99,0.20649945798595176
1576,18,v1,45,153,0.23728063262147245
1577,18,v1,45,207,0.23826989236890594
1578,18,v1,45,45,-0.7512055573474182
1579,18,v1,45,99,0.2907757880805878
1580,18,v1,99,153,0.20448795816188567
1581,18,v1,99,207,0.269827537566799
1582,18,v1,99,45,0.22271156512651102
1583,18,v1,99,99,-0.7523910180376435
1584,18,sup_parietal,153,153,-0.8224844784628593
1585,18,sup_parietal,153,207,0.25478124815168546
1586,18,sup_parietal,153,45,0.22620797364756773
1587,18,sup_parietal,153,99,0.3303239730247606
1588,18,sup_parietal,207,153,0.24704608874134887
1589,18,sup_parietal,207,207,-0.798291229173923
1590,18,sup_parietal,207,45,0.32236992498755634
1591,18,sup_parietal,207,99,0.23739349854010747
1592,18,sup_parietal,45,153,0.2534187312258664
1593,18,sup_parietal,45,207,0.334770647409272
1594,18,sup_parietal,45,45,-0.8074526684272468
1595,18,sup_parietal,45,99,0.1710454009125193
1596,18,sup_parietal,99,153,0.3207287847745921
1597,18,sup_parietal,99,207,0.1665777661589136
1598,18,sup_parietal,99,45,0.2613338513967484
1599,18,sup_parietal,99,99,-0.7922961933326017
1600,18,inf_parietal,153,153,-0.8516572790633796
1601,18,inf_parietal,153,207,0.27393423709773873
1602,18,inf_parietal,153,45,0.25174142861371773
1603,18,inf_parietal,153,99,0.3020701203436066
1604,18,inf_parietal,207,153,0.2542238486053403
1605,18,inf_parietal,207,207,-0.8381791917178303
1606,18,inf_parietal,207,45,0.34429598053342075
1607,18,inf_parietal,207,99,0.26590093363948486
1608,18,inf_parietal,45,153,0.2610406748814611
1609,18,inf_parietal,45,207,0.39226745859548917
1610,18,inf_parietal,45,45,-0.8634141741872379
1611,18,inf_parietal,45,99,0.23480985322794623
1612,18,inf_parietal,99,153,0.33002192802168
1613,18,inf_parietal,99,207,0.20952729400884418
1614,18,inf_parietal,99,45,0.22824300371663342
1615,18,inf_parietal,99,99,-0.8482763333802095
1616,18,v5,153,153,-0.8190208219276492
1617,18,v5,153,207,0.3127019182615195
1618,18,v5,153,45,0.28247153488561744
1619,18,v5,153,99,0.24013129228668875
1620,18,v5,207,153,0.33034966177092434
1621,18,v5,207,207,-0.7798276709514435
1622,18,v5,207,45,0.2082783592728762
1623,18,v5,207,99,0.21546219841748532
1624,18,v5,45,153,0.28466990577829443
1625,18,v5,45,207,0.21523856175484882
1626,18,v5,45,45,-0.8004572119209192
1627,18,v5,45,99,0.24387413793513812
1628,18,v5,99,153,0.2203485630867276
1629,18,v5,99,207,0.2696685137160386
1630,18,v5,99,45,0.2452871739514445
1631,18,v5,99,99,-0.7747052049561558
1632,19,premotor,153,153,-0.8811356354664196
1633,19,premotor,153,207,0.2352767364799718
1634,19,premotor,153,45,0.27237565760069027
1635,19,premotor,153,99,0.33160179698012443
1636,19,premotor,207,153,0.21877874198616684
1637,19,premotor,207,207,-0.8523650494668542
1638,19,premotor,207,45,0.3486800688078264
1639,19,premotor,207,99,0.24115001491321317
1640,19,premotor,45,153,0.28571625176196214
1641,19,premotor,45,207,0.33766576236978463
1642,19,premotor,45,45,-0.8711621174359142
1643,19,premotor,45,99,0.2836028974771077
1644,19,premotor,99,153,0.32619052920445546
1645,19,premotor,99,207,0.23795554566756316
1646,19,premotor,99,45,0.2912402768556698
1647,19,premotor,99,99,-0.8771598710574644
1648,19,motor,153,153,-0.8771532833130715
1649,19,motor,153,207,0.27024039235426855
1650,19,motor,153,45,0.24880043859559736
1651,19,motor,153,99,0.34730811688335894
1652,19,motor,207,153,0.24344177208869433
1653,19,motor,207,207,-0.8379658526932519
1654,19,motor,207,45,0.31833744202706715
1655,19,motor,207,99,0.25241879169736225
1656,19,motor,45,153,0.2569160552480244
1657,19,motor,45,207,0.308117833029129
1658,19,motor,45,45,-0.8553483364467118
1659,19,motor,45,99,0.23173793589598227
1660,19,motor,99,153,0.33663127662175835
1661,19,motor,99,207,0.22980986396236053
1662,19,motor,99,45,0.2598136738329596
1663,19,motor,99,99,-0.8443197901148974
1664,19,v1,153,153,-0.8368432022605177
1665,19,v1,153,207,0.2148073142709446
1666,19,v1,153,45,0.2752119485192731
1667,19,v1,153,99,0.3015263908653992
1668,19,v1,207,153,0.24880074853919656
1669,19,v1,207,207,-0.752637936883169
1670,19,v1,207,45,0.31270397225717317
1671,19,v1,207,99,0.16757634259508963
1672,19,v1,45,153,0.27304999721607526
1673,19,v1,45,207,0.24530214752493618
1674,19,v1,45,45,-0.8037751575954506
1675,19,v1,45,99,0.3044302072729879
1676,19,v1,99,153,0.267099778749081
1677,19,v1,99,207,0.2503707050253997
1678,19,v1,99,45,0.2837168693504888
1679,19,v1,99,99,-0.8166810546451965
1680,19,sup_parietal,153,153,-0.8411592685949111
1681,19,sup_parietal,153,207,0.29724173611814947
1682,19,sup_parietal,153,45,0.2666496492650526
1683,19,sup_parietal,153,99,0.264072788660663
1684,19,sup_parietal,207,153,0.26900200943980934
1685,19,sup_parietal,207,207,-0.7947590251558339
1686,19,sup_parietal,207,45,0.2572688677591368
1687,19,sup_parietal,207,99,0.21553666441444513
1688,19,sup_parietal,45,153,0.25380851482621686
1689,19,sup_parietal,45,207,0.25978401296820486
1690,19,sup_parietal,45,45,-0.8425765338542552
1691,19,sup_parietal,45,99,0.26676046974083
1692,19,sup_parietal,99,153,0.2798835980794954
1693,19,sup_parietal,99,207,0.2021003550833006
1694,19,sup_parietal,99,45,0.3754923961704285
1695,19,sup_parietal,99,99,-0.837344296939405
1696,19,inf_parietal,153,153,-0.8485135327596934
1697,19,inf_parietal,153,207,0.22600823642104878
1698,19,inf_parietal,153,45,0.2538953474713946
1699,19,inf_parietal,153,99,0.329355756461959
1700,19,inf_parietal,207,153,0.21114467922931895
1701,19,inf_parietal,207,207,-0.8063320162526854
1702,19,inf_parietal,207,45,0.3177948803543772
1703,19,inf_parietal,207,99,0.1763292799767573
1704,19,inf_parietal,45,153,0.31148189696932466
1705,19,inf_parietal,45,207,0.30589010589797067
1706,19,inf_parietal,45,45,-0.8496394548373731
1707,19,inf_parietal,45,99,0.2649190502972585
1708,19,inf_parietal,99,153,0.29716227361191283
1709,19,inf_parietal,99,207,0.2260773791276443
1710,19,inf_parietal,99,45,0.2914042145551217
1711,19,inf_parietal,99,99,-0.8269006149267658
1712,19,v5,153,153,-0.7796260137299198
1713,19,v5,153,207,0.23244344374517417
1714,19,v5,153,45,0.20972431021173643
1715,19,v5,153,99,0.3430627583772475
1716,19,v5,207,153,0.1360713034710226
1717,19,v5,207,207,-0.75471948815176
1718,19,v5,207,45,0.3131534115134187
1719,19,v5,207,99,0.27917189813276466
1720,19,v5,45,153,0.23831470570251517
1721,19,v5,45,207,0.35384338378239666
1722,19,v5,45,45,-0.7747723595689366
1723,19,v5,45,99,0.22356233875909098
1724,19,v5,99,153,0.3907142993693341
1725,19,v5,99,207,0.13415020235164837
1726,19,v5,99,45,0.21976603407542702
1727,19,v5,99,99,-0.8132507762230797
1728,20,premotor,153,153,-0.8668306017973659
1729,20,premotor,153,207,0.2109696217406653
1730,20,premotor,153,45,0.2873509537006823
1731,20,premotor,153,99,0.3210849932479873
1732,20,premotor,207,153,0.23524333641673137
1733,20,premotor,207,207,-0.8857355853730505
1734,20,premotor,207,45,0.32154510781968804
1735,20,premotor,207,99,0.30709933144353885
1736,20,premotor,45,153,0.2923790528326611
1737,20,premotor,45,207,0.3360005697650168
1738,20,premotor,45,45,-0.8869024436831087
1739,20,premotor,45,99,0.2914232685514372
1740,20,premotor,99,153,0.27992435557726913
1741,20,premotor,99,207,0.2880492373025032
1742,20,premotor,99,45,0.32298195326303775
1743,20,premotor,99,99,-0.8927053687285809
1744,20,motor,153,153,-0.8696134877139702
1745,20,motor,153,207,0.15312802104282108
1746,20,motor,153,45,0.3210269238470095
1747,20,motor,153,99,0.3342881245869279
1748,20,motor,207,153,0.20232984512274216
1749,20,motor,207,207,-0.8729696699855178
1750,20,motor,207,45,0.33910247986714026
1751,20,motor,207,99,0.33554196206641396
1752,20,motor,45,153,0.30669945815438965
1753,20,motor,45,207,0.3867608134448965
1754,20,motor,45,45,-0.874417957965552
1755,20,motor,45,99,0.22516176825113907
1756,20,motor,99,153,0.3087533634033064
1757,20,motor,99,207,0.2920422512315398
1758,20,motor,99,45,0.2231999311204766
1759,20,motor,99,99,-0.8677968317447601
1760,20,v1,153,153,-0.8251676852001321
1761,20,v1,153,207,0.27306275834059535
1762,20,v1,153,45,0.23452534868114522
1763,20,v1,153,99,0.30960722003913677
1764,20,v1,207,153,0.2612298995895075
1765,20,v1,207,207,-0.7894043261857091
1766,20,v1,207,45,0.27920697846528886
1767,20,v1,207,99,0.2104841830295821
1768,20,v1,45,153,0.2676685852477697
1769,20,v1,45,207,0.28803684911436467
1770,20,v1,45,45,-0.8371383063466844
1771,20,v1,45,99,0.2778049468454169
1772,20,v1,99,153,0.26999285117726335
1773,20,v1,99,207,0.21873589052052578
1774,20,v1,99,45,0.33571271868986796
1775,20,v1,99,99,-0.8210616178317176
1776,20,sup_parietal,153,153,-0.8275156112629111
1777,20,sup_parietal,153,207,0.193324452418428
1778,20,sup_parietal,153,45,0.35537718384990946
1779,20,sup_parietal,153,99,0.201530407871101
1780,20,sup_parietal,207,153,0.22003441034119756
1781,20,sup_parietal,207,207,-0.8174551690322153
1782,20,sup_parietal,207,45,0.19931747407102302
1783,20,sup_parietal,207,99,0.2697458655249544
1784,20,sup_parietal,45,153,0.3205441883135608
1785,20,sup_parietal,45,207,0.34010793710731246
1786,20,sup_parietal,45,45,-0.8242725236203412
1787,20,sup_parietal,45,99,0.2626120321128401
1788,20,sup_parietal,99,153,0.21204289685545247
1789,20,sup_parietal,99,207,0.2239752297840261
1790,20,sup_parietal,99,45,0.32075056654901163
1791,20,sup_parietal,99,99,-0.7747424293620679
1792,20,inf_parietal,153,153,-0.8536590168003176
1793,20,inf_parietal,153,207,0.18051409861995604
1794,20,inf_parietal,153,45,0.31921964072775355
1795,20,inf_parietal,153,99,0.3143606793246192
1796,20,inf_parietal,207,153,0.22261062346899158
1797,20,inf_parietal,207,207,-0.8479281775043345
1798,20,inf_parietal,207,45,0.30740178022181475
1799,20,inf_parietal,207,99,0.30721278378788597
1800,20,inf_parietal,45,153,0.29202447475231297
1801,20,inf_parietal,45,207,0.3737998553241456
1802,20,inf_parietal,45,45,-0.8623985878493372
1803,20,inf_parietal,45,99,0.19988139318437997
1804,20,inf_parietal,99,153,0.30350201294013596
1805,20,inf_parietal,99,207,0.25257446818397006
1806,20,inf_parietal,99,45,0.2682655132677729
1807,20,inf_parietal,99,99,-0.860027458915574
1808,20,v5,153,153,-0.8694316887458459
1809,20,v5,153,207,0.13263236129987868
1810,20,v5,153,45,0.29004379311398815
1811,20,v5,153,99,0.3583360730038941
1812,20,v5,207,153,0.27493293942775454
1813,20,v5,207,207,-0.7612301384752552
1814,20,v5,207,45,0.23406938733421456
1815,20,v5,207,99,0.2512533644220012
1816,20,v5,45,153,0.2578289535877736
1817,20,v5,45,207,0.2528339757203808
1818,20,v5,45,45,-0.7374728343270377
1819,20,v5,45,99,0.17848175671557182
1820,20,v5,99,153,0.212776081388799
1821,20,v5,99,207,0.33340353802798506
1822,20,v5,99,45,0.19371491420174844
1823,20,v5,99,99,-0.7906100818507302
1824,22,premotor,153,153,-0.8881648922134208
1825,22,premotor,153,207,0.2964506875285626
1826,22,premotor,153,45,0.26854895869363227
1827,22,premotor,153,99,0.31216191486251976
1828,22,premotor,207,153,0.30508257320742027
1829,22,premotor,207,207,-0.8879235090964834
1830,22,premotor,207,45,0.2715381989118144
1831,22,premotor,207,99,0.30347046165055314
1832,22,premotor,45,153,0.25682464542820405
1833,22,premotor,45,207,0.3159334727465154
1834,22,premotor,45,45,-0.8764523087840217
1835,22,premotor,45,99,0.27560695593364015
1836,22,premotor,99,153,0.30711878004339654
1837,22,premotor,99,207,0.28164681626746507
1838,22,premotor,99,45,0.3152708747159455
1839,22,premotor,99,99,-0.8886007392257813
1840,22,motor,153,153,-0.8646275757231868
1841,22,motor,153,207,0.31912367370577643
1842,22,motor,153,45,0.21908972274199073
1843,22,motor,153,99,0.31114983947662617
1844,22,motor,207,153,0.3104401916551126
1845,22,motor,207,207,-0.868694280238947
1846,22,motor,207,45,0.2793069320538797
1847,22,motor,207,99,0.28519473344404894
1848,22,motor,45,153,0.22087436649792924
1849,22,motor,45,207,0.30721777175939424
1850,22,motor,45,45,-0.8540367127488115
1851,22,motor,45,99,0.28123034649012213
1852,22,motor,99,153,0.2789207589276468
1853,22,motor,99,207,0.23535419830027632
1854,22,motor,99,45,0.34875205912922996
1855,22,motor,99,99,-0.8770412533574319
1856,22,v1,153,153,-0.8207238221712894
1857,22,v1,153,207,0.3727003696040252
1858,22,v1,153,45,0.20452670165614356
1859,22,v1,153,99,0.2440059118066955
1860,22,v1,207,153,0.3422218405541525
1861,22,v1,207,207,-0.8175641639377572
1862,22,v1,207,45,0.21933797172142527
1863,22,v1,207,99,0.268393295325313
1864,22,v1,45,153,0.2527258489875613
1865,22,v1,45,207,0.2501620815572875
1866,22,v1,45,45,-0.8084600659337315
1867,22,v1,45,99,0.231205183165198
1868,22,v1,99,153,0.23419283660802942
1869,22,v1,99,207,0.2502682908075415
1870,22,v1,99,45,0.3053605484681799
1871,22,v1,99,99,-0.7843685024507618
1872,22,sup_parietal,153,153,-0.8626972194872272
1873,22,sup_parietal,153,207,0.3379033522483367
1874,22,sup_parietal,153,45,0.23869985737664348
1875,22,sup_parietal,153,99,0.29639868736567665
1876,22,sup_parietal,207,153,0.3009091296639054
1877,22,sup_parietal,207,207,-0.866313459235822
1878,22,sup_parietal,207,45,0.21833290359887214
1879,22,sup_parietal,207,99,0.31226272458786974
1880,22,sup_parietal,45,153,0.26784495763968164
1881,22,sup_parietal,45,207,0.22764656303250208
1882,22,sup_parietal,45,45,-0.8601459503190018
1883,22,sup_parietal,45,99,0.3031917598577859
1884,22,sup_parietal,99,153,0.3073137644377712
1885,22,sup_parietal,99,207,0.23553087802693723
1886,22,sup_parietal,99,45,0.28424435888513766
1887,22,sup_parietal,99,99,-0.838660864281563
1888,22,inf_parietal,153,153,-0.8617962589970174
1889,22,inf_parietal,153,207,0.3084623261841801
1890,22,inf_parietal,153,45,0.24820660649361437
1891,22,inf_parietal,153,99,0.32233749188363814
1892,22,inf_parietal,207,153,0.2883074059654411
1893,22,inf_parietal,207,207,-0.8513863454252852
1894,22,inf_parietal,207,45,0.2044840339402319
1895,22,inf_parietal,207,99,0.3090640282506736
1896,22,inf_parietal,45,153,0.27770669951776517
1897,22,inf_parietal,45,207,0.2247785185937922
1898,22,inf_parietal,45,45,-0.862932606322973
1899,22,inf_parietal,45,99,0.26805356482215814
1900,22,inf_parietal,99,153,0.29985825259173704
1901,22,inf_parietal,99,207,0.2884658046185423
1902,22,inf_parietal,99,45,0.32033024580024166
1903,22,inf_parietal,99,99,-0.870343098207725
1904,22,v5,153,153,-0.7521247414532837
1905,22,v5,153,207,0.27258790112179737
1906,22,v5,153,45,0.24058538566219267
1907,22,v5,153,99,0.22269486980407008
1908,22,v5,207,153,0.27111141402315053
1909,22,v5,207,207,-0.793484757133581
1910,22,v5,207,45,0.21232631470502855
1911,22,v5,207,99,0.22515059062618628
1912,22,v5,45,153,0.2427213803442781
1913,22,v5,45,207,0.17240572635923734
1914,22,v5,45,45,-0.8178297799821924
1915,22,v5,45,99,0.39578533277355177
1916,22,v5,99,153,0.22493516774774133
1917,22,v5,99,207,0.1573796338208947
1918,22,v5,99,45,0.39538374452991887
1919,22,v5,99,99,-0.8006000420226398
1920,23,premotor,153,153,-0.8648263185310393
1921,23,premotor,153,207,0.30266141774723854
1922,23,premotor,153,45,0.22438339704722743
1923,23,premotor,153,99,0.3314525256997566
1924,23,premotor,207,153,0.274020794801088
1925,23,premotor,207,207,-0.8656316401002704
1926,23,premotor,207,45,0.275938431257204
1927,23,premotor,207,99,0.26250145653485984
1928,23,premotor,45,153,0.2822048034468882
1929,23,premotor,45,207,0.2654362621338038
1930,23,premotor,45,45,-0.883323191435446
1931,23,premotor,45,99,0.3017882676229192
1932,23,premotor,99,153,0.27299611952481917
1933,23,premotor,99,207,0.26055535526757845
1934,23,premotor,99,45,0.34030116751544237
1935,23,premotor,99,99,-0.8554667997738927
1936,23,motor,153,153,-0.8571169282007449
1937,23,motor,153,207,0.30368711120040615
1938,23,motor,153,45,0.22821445016694789
1939,23,motor,153,99,0.34596745198730755
1940,23,motor,207,153,0.2343369002912774
1941,23,motor,207,207,-0.8525060029616843
1942,23,motor,207,45,0.2847249191447899
1943,23,motor,207,99,0.2539480312812138
1944,23,motor,45,153,0.2951882250726428
1945,23,motor,45,207,0.20398092674440643
1946,23,motor,45,45,-0.8509277903670267
1947,23,motor,45,99,0.2808060347511939
1948,23,motor,99,153,0.30893727327585785
1949,23,motor,99,207,0.26071520354437583
1950,23,motor,99,45,0.2968061077089927
1951,23,motor,99,99,-0.8474163264374031
1952,23,v1,153,153,-0.7804927591577604
1953,23,v1,153,207,0.3196656137535334
1954,23,v1,153,45,0.1654759273329101
1955,23,v1,153,99,0.2891781254597451
1956,23,v1,207,153,0.2550903596781974
1957,23,v1,207,207,-0.7468059381433678
1958,23,v1,207,45,0.20702137598854073
1959,23,v1,207,99,0.21738184495302196
1960,23,v1,45,153,0.18038122330995066
1961,23,v1,45,207,0.23452784652777608
1962,23,v1,45,45,-0.7836199086727598
1963,23,v1,45,99,0.2943828435207258
1964,23,v1,99,153,0.30998745478443746
1965,23,v1,99,207,0.22821402085274534
1966,23,v1,99,45,0.2898625542615814
1967,23,v1,99,99,-0.7520267575265256
1968,23,sup_parietal,153,153,-0.7956903299738404
1969,23,sup_parietal,153,207,0.23113364783327378
1970,23,sup_parietal,153,45,0.19491180006893238
1971,23,sup_parietal,153,99,0.2791472969246943
1972,23,sup_parietal,207,153,0.19326798723937194
1973,23,sup_parietal,207,207,-0.8071876194602337
1974,23,sup_parietal,207,45,0.26197097242297307
1975,23,sup_parietal,207,99,0.258477158592522
1976,23,sup_parietal,45,153,0.19759480393088888
1977,23,sup_parietal,45,207,0.29702998305567
1978,23,sup_parietal,45,45,-0.7860220039251327
1979,23,sup_parietal,45,99,0.27611715740356063
1980,23,sup_parietal,99,153,0.2628981190798464
1981,23,sup_parietal,99,207,0.23051801749588519
1982,23,sup_parietal,99,45,0.29926290193553606
1983,23,sup_parietal,99,99,-0.770250962608231
1984,23,inf_parietal,153,153,-0.8432724666046194
1985,23,inf_parietal,153,207,0.29243312787090747
1986,23,inf_parietal,153,45,0.26475965648623856
1987,23,inf_parietal,153,99,0.27220877422303963
1988,23,inf_parietal,207,153,0.24425009396945677
1989,23,inf_parietal,207,207,-0.8571676576367351
1990,23,inf_parietal,207,45,0.27708069099001
1991,23,inf_parietal,207,99,0.3010557731500515
1992,23,inf_parietal,45,153,0.27615906498822096
1993,23,inf_parietal,45,207,0.2776849008758164
1994,23,inf_parietal,45,45,-0.8527236593040473
1995,23,inf_parietal,45,99,0.2560514185281341
1996,23,inf_parietal,99,153,0.24327530089090918
1997,23,inf_parietal,99,207,0.3149418649028979
1998,23,inf_parietal,99,45,0.259626600024659
1999,23,inf_parietal,99,99,-0.8461280560475087
2000,23,v5,153,153,-0.8334570717318941
2001,23,v5,153,207,0.24786923477671263
2002,23,v5,153,45,0.24783818818548564
2003,23,v5,153,99,0.32019081326508686
2004,23,v5,207,153,0.22117056513785024
2005,23,v5,207,207,-0.8172301602333427
2006,23,v5,207,45,0.22219185866544722
2007,23,v5,207,99,0.27426837320543895
2008,23,v5,45,153,0.31694209076598645
2009,23,v5,45,207,0.21756951876622516
2010,23,v5,45,45,-0.8126790835641442
2011,23,v5,45,99,0.2285190417776199
2012,23,v5,99,153,0.22154470015262956
2013,23,v5,99,207,0.2786193159972591
2014,23,v5,99,45,0.3511533055389458
2015,23,v5,99,99,-0.7770268221543353
2016,24,premotor,153,153,-0.8879272921905059
2017,24,premotor,153,207,0.25708931428724136
2018,24,premotor,153,45,0.21931980965566544
2019,24,premotor,153,99,0.3424918914493478
2020,24,premotor,207,153,0.2514978393279219
2021,24,premotor,207,207,-0.8867070093967717
2022,24,premotor,207,45,0.3194229630389944
2023,24,premotor,207,99,0.3012743963352944
2024,24,premotor,45,153,0.2854677296472985
2025,24,premotor,45,207,0.31211752177698737
2026,24,premotor,45,45,-0.875386231511696
2027,24,premotor,45,99,0.28365919212681867
2028,24,premotor,99,153,0.3195882178024474
2029,24,premotor,99,207,0.29775368729973867
2030,24,premotor,99,45,0.3060690045943596
2031,24,premotor,99,99,-0.8857977217575606
2032,24,motor,153,153,-0.8816083105113806
2033,24,motor,153,207,0.2597341379317659
2034,24,motor,153,45,0.2318932657710163
2035,24,motor,153,99,0.33124195454595406
2036,24,motor,207,153,0.26691588070710354
2037,24,motor,207,207,-0.8802868198880485
2038,24,motor,207,45,0.3292133643039017
2039,24,motor,207,99,0.2731781806660753
2040,24,motor,45,153,0.23327325172836394
2041,24,motor,45,207,0.3292405699342754
2042,24,motor,45,45,-0.8550398186313782
2043,24,motor,45,99,0.2680554523401284
2044,24,motor,99,153,0.3283927965889712
2045,24,motor,99,207,0.2978229625911242
2046,24,motor,99,45,0.2590516328013275
2047,24,motor,99,99,-0.8651217698440146
2048,24,v1,153,153,-0.8082417296351634
2049,24,v1,153,207,0.2792551447239645
2050,24,v1,153,45,0.2284526727882202
2051,24,v1,153,99,0.24279958584358358
2052,24,v1,207,153,0.22137754839817175
2053,24,v1,207,207,-0.7965885791869006
2054,24,v1,207,45,0.24486678748622442
2055,24,v1,207,99,0.2968316290606931
2056,24,v1,45,153,0.2941749715164924
2057,24,v1,45,207,0.24131342871651457
2058,24,v1,45,45,-0.8145670044984661
2059,24,v1,45,99,0.27158492389749467
2060,24,v1,99,153,0.2749190199321301
2061,24,v1,99,207,0.247224528035226
2062,24,v1,99,45,0.3015606985423845
2063,24,v1,99,99,-0.8089692700887459
2064,24,sup_parietal,153,153,-0.7934502002737873
2065,24,sup_parietal,153,207,0.23257118383609526
2066,24,sup_parietal,153,45,0.24764932929890027
2067,24,sup_parietal,153,99,0.30403079947860834
2068,24,sup_parietal,207,153,0.22389340417321918
2069,24,sup_parietal,207,207,-0.8043003282332287
2070,24,sup_parietal,207,45,0.2669502993454917
2071,24,sup_parietal,207,99,0.28803246260157855
2072,24,sup_parietal,45,153,0.272305581229654
2073,24,sup_parietal,45,207,0.28112501309290067
2074,24,sup_parietal,45,45,-0.7997669120238535
2075,24,sup_parietal,45,99,0.20217675235107424
2076,24,sup_parietal,99,153,0.29934048807513897
2077,24,sup_parietal,99,207,0.251115800677828
2078,24,sup_parietal,99,45,0.24520810592251688
2079,24,sup_parietal,99,99,-0.836042408750876
2080,24,inf_parietal,153,153,-0.8623230519757199
2081,24,inf_parietal,153,207,0.2802158132346033
2082,24,inf_parietal,153,45,0.21327878932785016
2083,24,inf_parietal,153,99,0.3593173778940517
2084,24,inf_parietal,207,153,0.2790587531500509
2085,24,inf_parietal,207,207,-0.8691429783615311
2086,24,inf_parietal,207,45,0.29706737033589686
2087,24,inf_parietal,207,99,0.26670463327250093
2088,24,inf_parietal,45,153,0.2551376371375204
2089,24,inf_parietal,45,207,0.3134803730013017
2090,24,inf_parietal,45,45,-0.8616534808691271
2091,24,inf_parietal,45,99,0.2517625281519955
2092,24,inf_parietal,99,153,0.3334764124569739
2093,24,inf_parietal,99,207,0.2570699849530861
2094,24,inf_parietal,99,45,0.22526075438422066
2095,24,inf_parietal,99,99,-0.8321927324806195
2096,24,v5,153,153,-0.8701128349183838
2097,24,v5,153,207,0.34275738505257153
2098,24,v5,153,45,0.16411684747481742
2099,24,v5,153,99,0.37071341523350004
2100,24,v5,207,153,0.2525477476866632
2101,24,v5,207,207,-0.8063558104491998
2102,24,v5,207,45,0.37349360095271766
2103,24,v5,207,99,0.1533260041895541
2104,24,v5,45,153,0.2873922330367533
2105,24,v5,45,207,0.2784921462897746
2106,24,v5,45,45,-0.7991885769576804
2107,24,v5,45,99,0.25652510322143385
2108,24,v5,99,153,0.3301558222597354
2109,24,v5,99,207,0.19758487000678898
2110,24,v5,99,45,0.24736178721786706
2111,24,v5,99,99,-0.8668806244339071
2112,25,premotor,153,153,-0.8606610545091711
2113,25,premotor,153,207,0.25750787479749543
2114,25,premotor,153,45,0.2804264739516671
2115,25,premotor,153,99,0.323566017148457
2116,25,premotor,207,153,0.28308061796752726
2117,25,premotor,207,207,-0.8545089881800918
2118,25,premotor,207,45,0.3023926811253616
2119,25,premotor,207,99,0.24758325271512246
2120,25,premotor,45,153,0.27504995943450256
2121,25,premotor,45,207,0.2904014114146791
2122,25,premotor,45,45,-0.8691277640869439
2123,25,premotor,45,99,0.2878902340995281
2124,25,premotor,99,153,0.291234824454291
2125,25,premotor,99,207,0.2739961379653496
2126,25,premotor,99,45,0.2830663550506416
2127,25,premotor,99,99,-0.8518575185400621
2128,25,motor,153,153,-0.8609195825635827
2129,25,motor,153,207,0.25364692272501715
2130,25,motor,153,45,0.2510210963194503
2131,25,motor,153,99,0.3218628578200958
2132,25,motor,207,153,0.26649633087350655
2133,25,motor,207,207,-0.86031473044174
2134,25,motor,207,45,0.2836847120243399
2135,25,motor,207,99,0.26699673800951995
2136,25,motor,45,153,0.29632159319407647
2137,25,motor,45,207,0.25573095987210087
2138,25,motor,45,45,-0.8361845315590312
2139,25,motor,45,99,0.2902082567545836
2140,25,motor,99,153,0.2799245129316071
2141,25,motor,99,207,0.3076166663171254
2142,25,motor,99,45,0.3000439996393476
2143,25,motor,99,99,-0.8653501122228857
2144,25,v1,153,153,-0.8346046427300712
2145,25,v1,153,207,0.29504114550262894
2146,25,v1,153,45,0.23322221811333219
2147,25,v1,153,99,0.30101622668995687
2148,25,v1,207,153,0.3221785689575796
2149,25,v1,207,207,-0.8111819149888041
2150,25,v1,207,45,0.2197403797123026
2151,25,v1,207,99,0.24146768612617123
2152,25,v1,45,153,0.27519221830695273
2153,25,v1,45,207,0.2342920908921738
2154,25,v1,45,45,-0.7849637817206223
2155,25,v1,45,99,0.2554795619634644
2156,25,v1,99,153,0.25148008160198915
2157,25,v1,99,207,0.2654286435524158
2158,25,v1,99,45,0.3016831843826914
2159,25,v1,99,99,-0.8096748469554872
2160,25,sup_parietal,153,153,-0.7980929506027779
2161,25,sup_parietal,153,207,0.1961853426745268
2162,25,sup_parietal,153,45,0.2819066938917762
2163,25,sup_parietal,153,99,0.33192802936685106
2164,25,sup_parietal,207,153,0.2322083734962925
2165,25,sup_parietal,207,207,-0.8128058926958737
2166,25,sup_parietal,207,45,0.269137258226204
2167,25,sup_parietal,207,99,0.3004175695776681
2168,25,sup_parietal,45,153,0.2970139747508659
2169,25,sup_parietal,45,207,0.268298436538862
2170,25,sup_parietal,45,45,-0.802631330798257
2171,25,sup_parietal,45,99,0.18087616880675494
2172,25,sup_parietal,99,153,0.2655394442919045
2173,25,sup_parietal,99,207,0.29764991697420895
2174,25,sup_parietal,99,45,0.24017947636373554
2175,25,sup_parietal,99,99,-0.8260884380781134
2176,25,inf_parietal,153,153,-0.8488129461420929
2177,25,inf_parietal,153,207,0.24018653340855045
2178,25,inf_parietal,153,45,0.2521860941966197
2179,25,inf_parietal,153,99,0.3478106770617765
2180,25,inf_parietal,207,153,0.2619027123736992
2181,25,inf_parietal,207,207,-0.8477419634869886
2182,25,inf_parietal,207,45,0.2680045920404981
2183,25,inf_parietal,207,99,0.23941311545499425
2184,25,inf_parietal,45,153,0.2826174083035182
2185,25,inf_parietal,45,207,0.2594282187607053
2186,25,inf_parietal,45,45,-0.8406247082474843
2187,25,inf_parietal,45,99,0.2897781052033699
2188,25,inf_parietal,99,153,0.2962745780253654
2189,25,inf_parietal,99,207,0.24867022798593036
2190,25,inf_parietal,99,45,0.3086721354323896
2191,25,inf_parietal,99,99,-0.8406701238818427
2192,25,v5,153,153,-0.8466676683648211
2193,25,v5,153,207,0.27352367985643594
2194,25,v5,153,45,0.20261952000967365
2195,25,v5,153,99,0.23915370844776573
2196,25,v5,207,153,0.25406221810304586
2197,25,v5,207,207,-0.8318581120192667
2198,25,v5,207,45,0.24544971945365898
2199,25,v5,207,99,0.3510667932836497
2200,25,v5,45,153,0.18522865275670136
2201,25,v5,45,207,0.29433550601477976
2202,25,v5,45,45,-0.8022019449848576
2203,25,v5,45,99,0.2916679422449056
2204,25,v5,99,153,0.29371639360487567
2205,25,v5,99,207,0.2837129304882635
2206,25,v5,99,45,0.2804554702157618
2207,25,v5,99,99,-0.8113358027842191
2208,26,premotor,153,153,-0.872483265629107
2209,26,premotor,153,207,0.2932417709527233
2210,26,premotor,153,45,0.276025423999051
2211,26,premotor,153,99,0.33544315472612374
2212,26,premotor,207,153,0.2870501775794958
2213,26,premotor,207,207,-0.8967031581619964
2214,26,premotor,207,45,0.3332614075923817
2215,26,premotor,207,99,0.2555935469737937
2216,26,premotor,45,153,0.2537635742873623
2217,26,premotor,45,207,0.3456829440866402
2218,26,premotor,45,45,-0.8652649012804405
2219,26,premotor,45,99,0.25741438415885726
2220,26,premotor,99,153,0.35002881346912557
2221,26,premotor,99,207,0.2416145262332538
2222,26,premotor,99,45,0.25193032003525284
2223,26,premotor,99,99,-0.8848622812058715
2224,26,motor,153,153,-0.8582896605140576
2225,26,motor,153,207,0.25954848874616265
2226,26,motor,153,45,0.29810422268444847
2227,26,motor,153,99,0.2989640330789974
2228,26,motor,207,153,0.26108438239820775
2229,26,motor,207,207,-0.8906965809346938
2230,26,motor,207,45,0.32802991490574007
2231,26,motor,207,99,0.30160871902292613
2232,26,motor,45,153,0.2590974319894588
2233,26,motor,45,207,0.34356809104377706
2234,26,motor,45,45,-0.8724428977935191
2235,26,motor,45,99,0.25615269272012586
2236,26,motor,99,153,0.3136192616384408
2237,26,motor,99,207,0.2513544006854853
2238,26,motor,99,45,0.23530912550852526
2239,26,motor,99,99,-0.8490159681920719
2240,26,v1,153,153,-0.8774112029087312
2241,26,v1,153,207,0.3522126210356247
2242,26,v1,153,45,0.24246236447752648
2243,26,v1,153,99,0.2807371682903849
2244,26,v1,207,153,0.3586647041945259
2245,26,v1,207,207,-0.8849116632065935
2246,26,v1,207,45,0.2943729362122931
2247,26,v1,207,99,0.23452671290757454
2248,26,v1,45,153,0.27695252847703433
2249,26,v1,45,207,0.27769775917859935
2250,26,v1,45,45,-0.8796418647470842
2251,26,v1,45,99,0.26037058321978523
2252,26,v1,99,153,0.29462119883844334
2253,26,v1,99,207,0.2593182633902492
2254,26,v1,99,45,0.28401248344985697
2255,26,v1,99,99,-0.8553691114013116
2256,26,sup_parietal,153,153,-0.8221974508392602
2257,26,sup_parietal,153,207,0.2836658825877626
2258,26,sup_parietal,153,45,0.22605613635565888
2259,26,sup_parietal,153,99,0.2996674664765707
2260,26,sup_parietal,207,153,0.2935120782157763
2261,26,sup_parietal,207,207,-0.8421820872402683
2262,26,sup_parietal,207,45,0.30917999211985087
2263,26,sup_parietal,207,99,0.1951744139334474
2264,26,sup_parietal,45,153,0.2247072213977914
2265,26,sup_parietal,45,207,0.32517131503337904
2266,26,sup_parietal,45,45,-0.8113271134116286
2267,26,sup_parietal,45,99,0.24662697323239388
2268,26,sup_parietal,99,153,0.27238500232751395
2269,26,sup_parietal,99,207,0.25714609732618054
2270,26,sup_parietal,99,45,0.2937107801146291
2271,26,sup_parietal,99,99,-0.8515771152168597
2272,26,inf_parietal,153,153,-0.8585365379967482
2273,26,inf_parietal,153,207,0.2892472640779044
2274,26,inf_parietal,153,45,0.2572625190605051
2275,26,inf_parietal,153,99,0.27223738367448486
2276,26,inf_parietal,207,153,0.29686126910090915
2277,26,inf_parietal,207,207,-0.8794378492238519
2278,26,inf_parietal,207,45,0.32214618596004724
2279,26,inf_parietal,207,99,0.2373880078766274
2280,26,inf_parietal,45,153,0.25064159685007703
2281,26,inf_parietal,45,207,0.30882834568928585
2282,26,inf_parietal,45,45,-0.8393502587016821
2283,26,inf_parietal,45,99,0.27183271213885923
2284,26,inf_parietal,99,153,0.30350027111783684
2285,26,inf_parietal,99,207,0.25666650047651673
2286,26,inf_parietal,99,45,0.28536744456380514
2287,26,inf_parietal,99,99,-0.8445259882724685
2288,26,v5,153,153,-0.7373336221456029
2289,26,v5,153,207,0.264888860730099
2290,26,v5,153,45,0.22770551995923055
2291,26,v5,153,99,0.25526883486273794
2292,26,v5,207,153,0.2193742510601648
2293,26,v5,207,207,-0.7750598808574501
2294,26,v5,207,45,0.2377248725568053
2295,26,v5,207,99,0.19979814414524624
2296,26,v5,45,153,0.30660910565158084
2297,26,v5,45,207,0.23725551990713334
2298,26,v5,45,45,-0.789251257662838
2299,26,v5,45,99,0.20097888146825488
2300,26,v5,99,153,0.23939732989290424
2301,26,v5,99,207,0.20660279795956482
2302,26,v5,99,45,0.3570360458765567
2303,26,v5,99,99,-0.7725495509900238
